Trade number,Type,Date and time,Signal,Price USD,Size (qty),Size (value),Net PnL USD,Return %,Commission USD,Favorable excursion USD,Favorable excursion %,Adverse excursion USD,Adverse excursion %,Cumulative PnL USD,Cumulative PnL %,Duration (bars)
1,Exit long,2019-06-18 15:30,EOD Close,7678.5,2,30811,-97,-0.31,0,76,0.25,-179,-0.58,-97,-0.01,78
1,Entry long,2019-06-18 08:45,ORB Long B (2c),7702.75,2,30811,-97,-0.31,0,76,0.25,-179,-0.58,-97,-0.01,78
2,Exit short,2019-06-26 15:30,EOD Close,7647.5,2,30657,67,0.22,0,84,0.27,-17,-0.06,-30,0.00,34
2,Entry short,2019-06-26 12:25,ORB Short C (2c),7664.25,2,30657,67,0.22,0,84,0.27,-17,-0.06,-30,0.00,34
3,Exit long,2019-08-01 10:00,L-TP1,8006.5,2,31713,313,0.99,0,313,0.99,-6,-0.02,283,0.03,13
3,Entry long,2019-08-01 08:55,ORB Long B (2c),7928.25,2,31713,313,0.99,0,313,0.99,-6,-0.02,283,0.03,13
4,Exit short,2019-08-05 12:55,S-TP1,7415,3,44946,456,1.01,0,456,1.01,-168,-0.37,739,0.07,50
4,Entry short,2019-08-05 08:45,ORB Short A (3c),7491,3,44946,456,1.01,0,456,1.01,-168,-0.37,739,0.07,50
5,Exit short,2019-08-07 09:15,S-TP1,7481,3,44436,-450,-1.01,0,70.5,0.16,-450,-1.01,289,0.03,6
5,Entry short,2019-08-07 08:45,ORB Short A+ (3c),7406,3,44436,-450,-1.01,0,70.5,0.16,-450,-1.01,289,0.03,6
6,Exit short,2019-08-12 15:30,EOD Close,7567,3,45484.5,82.5,0.18,0,276,0.61,-318,-0.70,371.5,0.04,61
6,Entry short,2019-08-12 10:10,ORB Short B+ (3c),7580.75,3,45484.5,82.5,0.18,0,276,0.61,-318,-0.70,371.5,0.04,61
7,Exit long,2019-09-10 15:30,EOD Close,7820.25,3,46819.5,102,0.22,0,105,0.22,-255,-0.54,473.5,0.05,47
7,Entry long,2019-09-10 11:20,ORB Long B+ (3c),7803.25,3,46819.5,102,0.22,0,105,0.22,-255,-0.54,473.5,0.05,47
8,Exit short,2019-10-02 15:30,EOD Close,7547.5,3,45576,291,0.64,0,423,0.93,-141,-0.31,764.5,0.08,75
8,Entry short,2019-10-02 09:00,ORB Short A (3c),7596,3,45576,291,0.64,0,423,0.93,-141,-0.31,764.5,0.08,75
9,Exit long,2020-01-03 15:30,EOD Close,8806.5,3,53080.5,-241.5,-0.45,0,87,0.16,-244.5,-0.46,523,0.05,51
9,Entry long,2020-01-03 11:00,ORB Long A (3c),8846.75,3,53080.5,-241.5,-0.45,0,87,0.16,-244.5,-0.46,523,0.05,51
10,Exit long,2020-01-06 14:25,L-TP1,8848.5,3,52701,390,0.74,0,390,0.74,-12,-0.02,913,0.09,68
10,Entry long,2020-01-06 08:45,ORB Long B+ (3c),8783.5,3,52701,390,0.74,0,390,0.74,-12,-0.02,913,0.09,68
11,Exit long,2020-01-23 15:30,EOD Close,9248.75,2,36810,185,0.50,0,202,0.55,-107,-0.29,1098,0.11,73
11,Entry long,2020-01-23 09:10,ORB Long B (2c),9202.5,2,36810,185,0.50,0,202,0.55,-107,-0.29,1098,0.11,73
12,Exit short,2020-01-31 10:15,S-TP1,9039.25,2,36456,299,0.82,0,299,0.82,-75,-0.21,1397,0.14,17
12,Entry short,2020-01-31 08:50,ORB Short C (2c),9114,2,36456,299,0.82,0,299,0.82,-75,-0.21,1397,0.14,17
13,Exit long,2020-02-03 15:30,EOD Close,9105.75,3,54640.5,-6,-0.01,0,294,0.54,-109.5,-0.20,1391,0.14,78
13,Entry long,2020-02-03 08:45,ORB Long B+ (3c),9106.75,3,54640.5,-6,-0.01,0,294,0.54,-109.5,-0.20,1391,0.14,78
14,Exit long,2020-02-06 15:30,EOD Close,9456.75,3,56485.5,255,0.45,0,256.5,0.45,-144,-0.25,1646,0.16,76
14,Entry long,2020-02-06 08:55,ORB Long B+ (3c),9414.25,3,56485.5,255,0.45,0,256.5,0.45,-144,-0.25,1646,0.16,76
15,Exit long,2020-02-10 15:30,EOD Close,9524,3,56625,519,0.92,0,565.5,1.00,-33,-0.06,2165,0.22,77
15,Entry long,2020-02-10 08:50,ORB Long A+ (3c),9437.5,3,56625,519,0.92,0,565.5,1.00,-33,-0.06,2165,0.22,77
16,Exit short,2020-02-25 09:25,S-TP1,9053.75,3,54712.5,390,0.71,0,390,0.71,-174,-0.32,2555,0.26,8
16,Entry short,2020-02-25 08:45,ORB Short A+ (3c),9118.75,3,54712.5,390,0.71,0,390,0.71,-174,-0.32,2555,0.26,8
17,Exit short,2020-02-26 15:30,EOD Close,8863.5,3,53257.5,76.5,0.14,0,360,0.68,-322.5,-0.61,2631.5,0.26,33
17,Entry short,2020-02-26 12:30,ORB Short B+ (3c),8876.25,3,53257.5,76.5,0.14,0,360,0.68,-322.5,-0.61,2631.5,0.26,33
18,Exit short,2020-02-27 09:30,S-TP1,8564.25,2,34517,260,0.75,0,260,0.75,-20,-0.06,2891.5,0.29,3
18,Entry short,2020-02-27 09:15,ORB Short B (2c),8629.25,2,34517,260,0.75,0,260,0.75,-20,-0.06,2891.5,0.29,3
19,Exit short,2020-03-02 09:40,S-TP1,8539.5,3,50787,-450,-0.89,0,127.5,0.25,-450,-0.89,2441.5,0.24,7
19,Entry short,2020-03-02 09:05,ORB Short A+ (3c),8464.5,3,50787,-450,-0.89,0,127.5,0.25,-450,-0.89,2441.5,0.24,7
20,Exit short,2020-03-03 09:00,S-TP1,8841,3,52596,-450,-0.86,0,127.5,0.24,-450,-0.86,1991.5,0.20,2
20,Entry short,2020-03-03 08:50,ORB Short A (3c),8766,3,52596,-450,-0.86,0,127.5,0.24,-450,-0.86,1991.5,0.20,2
21,Exit short,2020-03-03 10:25,S-TP1,8724.25,2,35168,271,0.77,0,271,0.77,-180,-0.51,2262.5,0.23,3
21,Entry short,2020-03-03 10:10,ORB Short B (2c),8792,2,35168,271,0.77,0,271,0.77,-180,-0.51,2262.5,0.23,3
22,Exit short,2020-03-03 12:10,S-TP1,8712,2,35108,260,0.74,0,260,0.74,-161,-0.46,2522.5,0.25,9
22,Entry short,2020-03-03 11:25,ORB Short B (2c),8777,2,35108,260,0.74,0,260,0.74,-161,-0.46,2522.5,0.25,9
23,Exit short,2020-03-04 09:10,S-TP1,8747.5,3,52035,-450,-0.86,0,42,0.08,-450,-0.86,2072.5,0.21,4
23,Entry short,2020-03-04 08:50,ORB Short A (3c),8672.5,3,52035,-450,-0.86,0,42,0.08,-450,-0.86,2072.5,0.21,4
24,Exit short,2020-03-05 14:25,S-TP1,8615,2,34737,277,0.80,0,277,0.80,-245,-0.71,2349.5,0.23,33
24,Entry short,2020-03-05 11:40,ORB Short B (2c),8684.25,2,34737,277,0.80,0,277,0.80,-245,-0.71,2349.5,0.23,33
25,Exit short,2020-03-10 10:20,S-TP1,8015,2,32446,386,1.19,0,386,1.19,-104,-0.32,2735.5,0.27,7
25,Entry short,2020-03-10 09:45,ORB Short A (2c),8111.5,2,32446,386,1.19,0,386,1.19,-104,-0.32,2735.5,0.27,7
26,Exit short,2020-03-10 12:45,S-TP1,8050.75,3,48703.5,399,0.82,0,399,0.82,-186,-0.38,3134.5,0.31,4
26,Entry short,2020-03-10 12:25,ORB Short A (3c),8117.25,3,48703.5,399,0.82,0,399,0.82,-186,-0.38,3134.5,0.31,4
27,Exit short,2020-03-11 12:05,S-TP1,8015,2,32502,442,1.36,0,442,1.36,-207,-0.64,3576.5,0.36,30
27,Entry short,2020-03-11 09:35,ORB Short B+ (2c),8125.5,2,32502,442,1.36,0,442,1.36,-207,-0.64,3576.5,0.36,30
28,Exit short,2020-03-12 11:10,S-TP1,7326.75,2,29686,379,1.28,0,379,1.28,-45,-0.15,3955.5,0.40,7
28,Entry short,2020-03-12 10:35,ORB Short B (2c),7421.5,2,29686,379,1.28,0,379,1.28,-45,-0.15,3955.5,0.40,7
29,Exit long,2020-03-19 09:15,L-TP1,7364.75,1,14452,277.5,1.92,0,277.5,1.92,-84,-0.58,4233,0.42,4
29,Entry long,2020-03-19 08:55,ORB Long B (1c),7226,1,14452,277.5,1.92,0,277.5,1.92,-84,-0.58,4233,0.42,4
30,Exit short,2020-03-20 11:25,S-TP1,7140.75,1,14605.5,324,2.22,0,324,2.22,-142.5,-0.98,4557,0.46,13
30,Entry short,2020-03-20 10:20,ORB Short A+ (1c),7302.75,1,14605.5,324,2.22,0,324,2.22,-142.5,-0.98,4557,0.46,13
31,Exit short,2020-03-23 11:40,S-TP1,6972.25,1,13651.5,-293,-2.15,0,132,0.97,-293,-2.15,4264,0.43,15
31,Entry short,2020-03-23 10:25,ORB Short B+ (1c),6825.75,1,13651.5,-293,-2.15,0,132,0.97,-293,-2.15,4264,0.43,15
32,Exit short,2020-03-25 11:45,S-TP1,7624.25,1,14944.5,-304,-2.03,0,199.5,1.33,-304,-2.03,3960,0.40,34
32,Entry short,2020-03-25 08:55,ORB Short A (1c),7472.25,1,14944.5,-304,-2.03,0,199.5,1.33,-304,-2.03,3960,0.40,34
33,Exit short,2020-04-01 14:35,S-TP1,7415,2,30216,556,1.84,0,556,1.84,-59,-0.20,4516,0.45,38
33,Entry short,2020-04-01 11:25,ORB Short B+ (2c),7554,2,30216,556,1.84,0,556,1.84,-59,-0.20,4516,0.45,38
34,Exit short,2020-04-03 11:10,S-TP1,7484,2,30271,335,1.11,0,335,1.11,-32,-0.11,4851,0.49,21
34,Entry short,2020-04-03 09:25,ORB Short B (2c),7567.75,2,30271,335,1.11,0,335,1.11,-32,-0.11,4851,0.49,21
35,Exit long,2020-04-06 11:55,L-TP1,7935,2,31378,362,1.15,0,362,1.15,-58,-0.18,5213,0.52,37
35,Entry long,2020-04-06 08:50,ORB Long B (2c),7844.5,2,31378,362,1.15,0,362,1.15,-58,-0.18,5213,0.52,37
36,Exit long,2020-04-08 15:30,EOD Close,8201.5,2,32664,142,0.43,0,304,0.93,-184,-0.56,5355,0.54,58
36,Entry long,2020-04-08 10:25,ORB Long B (2c),8166,2,32664,142,0.43,0,304,0.93,-184,-0.56,5355,0.54,58
37,Exit long,2020-04-14 11:20,L-TP1,8637.25,2,34243,306,0.89,0,306,0.89,-75,-0.22,5661,0.57,31
37,Entry long,2020-04-14 08:45,ORB Long A+ (2c),8560.75,2,34243,306,0.89,0,306,0.89,-75,-0.22,5661,0.57,31
38,Exit long,2020-04-16 11:00,L-TP1,8785,2,34798,342,0.98,0,342,0.98,-84,-0.24,6003,0.60,15
38,Entry long,2020-04-16 09:45,ORB Long B (2c),8699.5,2,34798,342,0.98,0,342,0.98,-84,-0.24,6003,0.60,15
39,Exit long,2020-04-20 14:55,L-TP1,8712.75,2,35153,-302,-0.86,0,231,0.66,-302,-0.86,5701,0.57,66
39,Entry long,2020-04-20 09:25,ORB Long B (2c),8788.25,2,35153,-302,-0.86,0,231,0.66,-302,-0.86,5701,0.57,66
40,Exit long,2020-04-22 14:50,L-TP1,8685,2,34406,334,0.97,0,334,0.97,-52,-0.15,6035,0.60,50
40,Entry long,2020-04-22 10:40,ORB Long B (2c),8601.5,2,34406,334,0.97,0,334,0.97,-52,-0.15,6035,0.60,50
41,Exit long,2020-04-23 11:45,L-TP1,8671.75,3,52480.5,-450,-0.86,0,241.5,0.46,-450,-0.86,5585,0.56,30
41,Entry long,2020-04-23 09:15,ORB Long A (3c),8746.75,3,52480.5,-450,-0.86,0,241.5,0.46,-450,-0.86,5585,0.56,30
42,Exit short,2020-04-23 15:30,EOD Close,8591,2,34596,232,0.67,0,235,0.68,-235,-0.68,5817,0.58,31
42,Entry short,2020-04-23 12:40,ORB Short C (2c),8649,2,34596,232,0.67,0,235,0.68,-235,-0.68,5817,0.58,31
43,Exit long,2020-04-24 14:05,L-TP1,8748,2,34711,281,0.81,0,281,0.81,-45,-0.13,6098,0.61,32
43,Entry long,2020-04-24 11:25,ORB Long C+ (2c),8677.75,2,34711,281,0.81,0,281,0.81,-45,-0.13,6098,0.61,32
44,Exit short,2020-04-28 09:20,S-TP1,8765,2,35320,260,0.74,0,260,0.74,-36,-0.10,6358,0.64,5
44,Entry short,2020-04-28 08:55,ORB Short B (2c),8830,2,35320,260,0.74,0,260,0.74,-36,-0.10,6358,0.64,5
45,Exit long,2020-04-29 11:25,L-TP1,8952.75,3,53284.5,432,0.81,0,432,0.81,-85.5,-0.16,6790,0.68,32
45,Entry long,2020-04-29 08:45,ORB Long A+ (3c),8880.75,3,53284.5,432,0.81,0,432,0.81,-85.5,-0.16,6790,0.68,32
46,Exit long,2020-05-01 10:30,L-TP1,8780.75,3,53134.5,-450,-0.85,0,136.5,0.26,-450,-0.85,6340,0.63,18
46,Entry long,2020-05-01 09:00,ORB Long A+ (3c),8855.75,3,53134.5,-450,-0.85,0,136.5,0.26,-450,-0.85,6340,0.63,18
47,Exit long,2020-05-05 15:30,EOD Close,8909.5,3,53691,-234,-0.44,0,427.5,0.80,-382.5,-0.71,6106,0.61,78
47,Entry long,2020-05-05 08:45,ORB Long A (3c),8948.5,3,53691,-234,-0.44,0,427.5,0.80,-382.5,-0.71,6106,0.61,78
48,Exit short,2020-05-06 09:45,S-TP1,9040.5,2,35862,-300,-0.84,0,120,0.33,-300,-0.84,5806,0.58,9
48,Entry short,2020-05-06 09:00,ORB Short C+ (2c),8965.5,2,35862,-300,-0.84,0,120,0.33,-300,-0.84,5806,0.58,9
49,Exit long,2020-05-06 14:50,L-TP1,8960.25,3,54211.5,-450,-0.83,0,127.5,0.24,-450,-0.83,5356,0.54,61
49,Entry long,2020-05-06 09:45,ORB Long A (3c),9035.25,3,54211.5,-450,-0.83,0,127.5,0.24,-450,-0.83,5356,0.54,61
50,Exit short,2020-05-07 11:25,S-TP1,9109.75,2,36139,-300,-0.83,0,17,0.05,-300,-0.83,5056,0.51,20
50,Entry short,2020-05-07 09:45,ORB Short C (2c),9034.75,2,36139,-300,-0.83,0,17,0.05,-300,-0.83,5056,0.51,20
51,Exit long,2020-05-07 15:30,EOD Close,9113,3,54657,21,0.04,0,99,0.18,-264,-0.48,5077,0.51,46
51,Entry long,2020-05-07 11:25,ORB Long A (3c),9109.5,3,54657,21,0.04,0,99,0.18,-264,-0.48,5077,0.51,46
52,Exit long,2020-05-08 15:30,EOD Close,9215.75,3,55063.5,231,0.42,0,277.5,0.50,-160.5,-0.29,5308,0.53,72
52,Entry long,2020-05-08 09:15,ORB Long A (3c),9177.25,3,55063.5,231,0.42,0,277.5,0.50,-160.5,-0.29,5308,0.53,72
53,Exit long,2020-05-11 12:05,L-TP1,9285,3,55300.5,409.5,0.74,0,409.5,0.74,-114,-0.21,5717.5,0.57,39
53,Entry long,2020-05-11 08:50,ORB Long A (3c),9216.75,3,55300.5,409.5,0.74,0,409.5,0.74,-114,-0.21,5717.5,0.57,39
54,Exit long,2020-05-13 10:20,L-TP1,9076.75,3,54910.5,-450,-0.82,0,304.5,0.55,-450,-0.82,5267.5,0.53,16
54,Entry long,2020-05-13 09:00,ORB Long B+ (3c),9151.75,3,54910.5,-450,-0.82,0,304.5,0.55,-450,-0.82,5267.5,0.53,16
55,Exit long,2020-05-14 14:30,L-TP1,9044,2,35916,260,0.72,0,260,0.72,-171,-0.48,5527.5,0.55,31
55,Entry long,2020-05-14 11:55,ORB Long B (2c),8979,2,35916,260,0.72,0,260,0.72,-171,-0.48,5527.5,0.55,31
56,Exit long,2020-05-19 14:55,L-TP1,9297,3,56232,-450,-0.80,0,268.5,0.48,-450,-0.80,5077.5,0.51,72
56,Entry long,2020-05-19 08:55,ORB Long A (3c),9372,3,56232,-450,-0.80,0,268.5,0.48,-450,-0.80,5077.5,0.51,72
57,Exit long,2020-05-22 15:30,EOD Close,9412.75,3,56281.5,195,0.35,0,229.5,0.41,-262.5,-0.47,5272.5,0.53,77
57,Entry long,2020-05-22 08:50,ORB Long A+ (3c),9380.25,3,56281.5,195,0.35,0,229.5,0.41,-262.5,-0.47,5272.5,0.53,77
58,Exit long,2020-05-28 11:40,L-TP1,9535,2,37870,270,0.71,0,270,0.71,-92,-0.24,5542.5,0.55,30
58,Entry long,2020-05-28 09:10,ORB Long B (2c),9467.5,2,37870,270,0.71,0,270,0.71,-92,-0.24,5542.5,0.55,30
59,Exit long,2020-06-01 15:30,EOD Close,9595.5,3,57367.5,205.5,0.36,0,268.5,0.47,-154.5,-0.27,5748,0.57,75
59,Entry long,2020-06-01 09:00,ORB Long A+ (3c),9561.25,3,57367.5,205.5,0.36,0,268.5,0.47,-154.5,-0.27,5748,0.57,75
60,Exit long,2020-06-05 11:30,L-TP1,9835,2,39075,265,0.68,0,265,0.68,-130,-0.33,6013,0.60,33
60,Entry long,2020-06-05 08:45,ORB Long C (2c),9768.75,2,39075,265,0.68,0,265,0.68,-130,-0.33,6013,0.60,33
61,Exit long,2020-06-09 11:50,L-TP1,9985,3,59430,480,0.81,0,480,0.81,-178.5,-0.30,6493,0.65,36
61,Entry long,2020-06-09 08:50,ORB Long A (3c),9905,3,59430,480,0.81,0,480,0.81,-178.5,-0.30,6493,0.65,36
62,Exit long,2020-06-11 09:55,L-TP1,9896.75,2,39887,-300,-0.75,0,37,0.09,-300,-0.75,6193,0.62,5
62,Entry long,2020-06-11 09:30,ORB Long B (2c),9971.75,2,39887,-300,-0.75,0,37,0.09,-300,-0.75,6193,0.62,5
63,Exit long,2020-06-15 11:45,L-TP1,9685,3,57583.5,526.5,0.91,0,526.5,0.91,-243,-0.42,6719.5,0.67,34
63,Entry long,2020-06-15 08:55,ORB Long A (3c),9597.25,3,57583.5,526.5,0.91,0,526.5,0.91,-243,-0.42,6719.5,0.67,34
64,Exit long,2020-06-25 14:55,L-TP1,10097.5,2,40130,260,0.65,0,260,0.65,-266,-0.66,6979.5,0.70,44
64,Entry long,2020-06-25 11:15,ORB Long C (2c),10032.5,2,40130,260,0.65,0,260,0.65,-266,-0.66,6979.5,0.70,44
65,Exit long,2020-06-30 10:20,L-TP1,10085,3,60090,420,0.70,0,420,0.70,-15,-0.02,7399.5,0.74,18
65,Entry long,2020-06-30 08:50,ORB Long A (3c),10015,3,60090,420,0.70,0,420,0.70,-15,-0.02,7399.5,0.74,18
66,Exit long,2020-07-01 14:05,L-TP1,10281,2,40823,301,0.74,0,301,0.74,-48,-0.12,7700.5,0.77,56
66,Entry long,2020-07-01 09:25,ORB Long B (2c),10205.75,2,40823,301,0.74,0,301,0.74,-48,-0.12,7700.5,0.77,56
67,Exit long,2020-07-07 14:10,L-TP1,10552,3,63762,-450,-0.71,0,405,0.64,-450,-0.71,7250.5,0.73,65
67,Entry long,2020-07-07 08:45,ORB Long A (3c),10627,3,63762,-450,-0.71,0,405,0.64,-450,-0.71,7250.5,0.73,65
68,Exit long,2020-07-08 10:15,L-TP1,10552.25,3,63763.5,-450,-0.71,0,79.5,0.12,-450,-0.71,6800.5,0.68,16
68,Entry long,2020-07-08 08:55,ORB Long A (3c),10627.25,3,63763.5,-450,-0.71,0,79.5,0.12,-450,-0.71,6800.5,0.68,16
69,Exit long,2020-07-08 15:30,EOD Close,10668.5,3,63757.5,253.5,0.40,0,273,0.43,-393,-0.62,7054,0.71,40
69,Entry long,2020-07-08 11:55,ORB Long B+ (3c),10626.25,3,63757.5,253.5,0.40,0,273,0.43,-393,-0.62,7054,0.71,40
70,Exit long,2020-07-10 15:10,L-TP1,10835,3,64507.5,502.5,0.78,0,502.5,0.78,-30,-0.05,7556.5,0.76,37
70,Entry long,2020-07-10 12:05,ORB Long B+ (3c),10751.25,3,64507.5,502.5,0.78,0,502.5,0.78,-30,-0.05,7556.5,0.76,37
71,Exit long,2020-07-13 13:00,L-TP1,10923.75,3,65992.5,-450,-0.68,0,357,0.54,-450,-0.68,7106.5,0.71,43
71,Entry long,2020-07-13 09:25,ORB Long A (3c),10998.75,3,65992.5,-450,-0.68,0,357,0.54,-450,-0.68,7106.5,0.71,43
72,Exit short,2020-07-15 10:55,S-TP1,10586.75,2,42607,260,0.61,0,260,0.61,-108,-0.25,7366.5,0.74,11
72,Entry short,2020-07-15 10:00,ORB Short C (2c),10651.75,2,42607,260,0.61,0,260,0.61,-108,-0.25,7366.5,0.74,11
73,Exit long,2020-07-16 15:00,L-TP1,10535,2,42440,-300,-0.71,0,144,0.34,-300,-0.71,7066.5,0.71,34
73,Entry long,2020-07-16 12:10,ORB Long C+ (2c),10610,2,42440,-300,-0.71,0,144,0.34,-300,-0.71,7066.5,0.71,34
74,Exit long,2020-07-20 10:15,L-TP1,10785,3,64180.5,529.5,0.83,0,529.5,0.83,-34.5,-0.05,7596,0.76,15
74,Entry long,2020-07-20 09:00,ORB Long A (3c),10696.75,3,64180.5,529.5,0.83,0,529.5,0.83,-34.5,-0.05,7596,0.76,15
75,Exit long,2020-07-22 09:45,L-TP1,10808.75,3,65302.5,-450,-0.69,0,93,0.14,-450,-0.69,7146,0.71,11
75,Entry long,2020-07-22 08:50,ORB Long A (3c),10883.75,3,65302.5,-450,-0.69,0,93,0.14,-450,-0.69,7146,0.71,11
76,Exit long,2020-07-23 09:10,L-TP1,10786,3,65166,-450,-0.69,0,63,0.10,-450,-0.69,6696,0.67,5
76,Entry long,2020-07-23 08:45,ORB Long B+ (3c),10861,3,65166,-450,-0.69,0,63,0.10,-450,-0.69,6696,0.67,5
77,Exit long,2020-07-27 10:25,L-TP1,10540.75,3,63694.5,-450,-0.71,0,120,0.19,-450,-0.71,6246,0.62,20
77,Entry long,2020-07-27 08:45,ORB Long A (3c),10615.75,3,63694.5,-450,-0.71,0,120,0.19,-450,-0.71,6246,0.62,20
78,Exit long,2020-07-27 15:30,EOD Close,10675,3,63675,375,0.59,0,417,0.65,-64.5,-0.10,6621,0.66,34
78,Entry long,2020-07-27 12:25,ORB Long B+ (3c),10612.5,3,63675,375,0.59,0,417,0.65,-64.5,-0.10,6621,0.66,34
79,Exit long,2020-07-30 15:05,L-TP1,10735,2,42552,388,0.91,0,388,0.91,-16,-0.04,7009,0.70,55
79,Entry long,2020-07-30 10:30,ORB Long B (2c),10638,2,42552,388,0.91,0,388,0.91,-16,-0.04,7009,0.70,55
80,Exit long,2020-08-03 15:30,EOD Close,11041.75,3,66303,-52.5,-0.08,0,135,0.20,-355.5,-0.54,6956.5,0.70,75
80,Entry long,2020-08-03 09:00,ORB Long A (3c),11050.5,3,66303,-52.5,-0.08,0,135,0.20,-355.5,-0.54,6956.5,0.70,75
81,Exit long,2020-08-12 09:50,L-TP1,11107,3,66186,456,0.69,0,456,0.69,-78,-0.12,7412.5,0.74,13
81,Entry long,2020-08-12 08:45,ORB Long A+ (3c),11031,3,66186,456,0.69,0,456,0.69,-78,-0.12,7412.5,0.74,13
82,Exit long,2020-08-13 13:20,L-TP1,11163,2,44952,-300,-0.67,0,111,0.25,-300,-0.67,7112.5,0.71,46
82,Entry long,2020-08-13 09:30,ORB Long B (2c),11238,2,44952,-300,-0.67,0,111,0.25,-300,-0.67,7112.5,0.71,46
83,Exit short,2020-08-14 15:30,EOD Close,11142.75,2,44584,13,0.03,0,200,0.45,-164,-0.37,7125.5,0.71,78
83,Entry short,2020-08-14 08:45,ORB Short B (2c),11146,2,44584,13,0.03,0,200,0.45,-164,-0.37,7125.5,0.71,78
84,Exit long,2020-08-18 15:30,EOD Close,11406.25,3,68305.5,132,0.19,0,184.5,0.27,-111,-0.16,7257.5,0.73,32
84,Entry long,2020-08-18 12:35,ORB Long B+ (3c),11384.25,3,68305.5,132,0.19,0,184.5,0.27,-111,-0.16,7257.5,0.73,32
85,Exit short,2020-08-19 10:35,S-TP1,11422.5,2,45390,-300,-0.66,0,59,0.13,-300,-0.66,6957.5,0.70,22
85,Entry short,2020-08-19 08:45,ORB Short B (2c),11347.5,2,45390,-300,-0.66,0,59,0.13,-300,-0.66,6957.5,0.70,22
86,Exit long,2020-08-19 13:20,L-TP1,11346,3,68526,-450,-0.66,0,66,0.10,-450,-0.66,6507.5,0.65,21
86,Entry long,2020-08-19 11:35,ORB Long A (3c),11421,3,68526,-450,-0.66,0,66,0.10,-450,-0.66,6507.5,0.65,21
87,Exit long,2020-08-20 10:35,L-TP1,11415,3,68092.5,397.5,0.58,0,397.5,0.58,-40.5,-0.06,6905,0.69,22
87,Entry long,2020-08-20 08:45,ORB Long A (3c),11348.75,3,68092.5,397.5,0.58,0,397.5,0.58,-40.5,-0.06,6905,0.69,22
88,Exit long,2020-08-25 14:10,L-TP1,11707.5,3,69831,414,0.59,0,414,0.59,-247.5,-0.35,7319,0.73,59
88,Entry long,2020-08-25 09:15,ORB Long A (3c),11638.5,3,69831,414,0.59,0,414,0.59,-247.5,-0.35,7319,0.73,59
89,Exit long,2020-08-27 11:20,L-TP1,11951.25,2,48105,-300,-0.62,0,80,0.17,-300,-0.62,7019,0.70,16
89,Entry long,2020-08-27 10:00,ORB Long C+ (2c),12026.25,2,48105,-300,-0.62,0,80,0.17,-300,-0.62,7019,0.70,16
90,Exit long,2020-08-31 12:30,L-TP1,12135,3,72256.5,553.5,0.77,0,553.5,0.77,-160.5,-0.22,7572.5,0.76,45
90,Entry long,2020-08-31 08:45,ORB Long A (3c),12042.75,3,72256.5,553.5,0.77,0,553.5,0.77,-160.5,-0.22,7572.5,0.76,45
91,Exit long,2020-09-01 15:30,EOD Close,12321.25,3,73377,550.5,0.75,0,564,0.77,-177,-0.24,8123,0.81,75
91,Entry long,2020-09-01 09:00,ORB Long A (3c),12229.5,3,73377,550.5,0.75,0,564,0.77,-177,-0.24,8123,0.81,75
92,Exit short,2020-09-11 09:20,S-TP1,11219.25,2,44556,-321,-0.72,0,160,0.36,-321,-0.72,7802,0.78,5
92,Entry short,2020-09-11 08:55,ORB Short A (2c),11139,2,44556,-321,-0.72,0,160,0.36,-321,-0.72,7802,0.78,5
93,Exit short,2020-09-11 09:45,S-TP1,11240.75,2,44642,-321,-0.72,0,14,0.03,-321,-0.72,7481,0.75,2
93,Entry short,2020-09-11 09:35,ORB Short B (2c),11160.5,2,44642,-321,-0.72,0,14,0.03,-321,-0.72,7481,0.75,2
94,Exit short,2020-09-11 11:30,S-TP1,11071.5,2,44578,292,0.66,0,292,0.66,-119,-0.27,7773,0.78,12
94,Entry short,2020-09-11 10:30,ORB Short B+ (2c),11144.5,2,44578,292,0.66,0,292,0.66,-119,-0.27,7773,0.78,12
95,Exit short,2020-09-17 12:30,S-TP1,11016,2,43712,-352,-0.81,0,59,0.13,-352,-0.81,7421,0.74,9
95,Entry short,2020-09-17 11:45,ORB Short A (2c),10928,2,43712,-352,-0.81,0,59,0.13,-352,-0.81,7421,0.74,9
96,Exit short,2020-09-18 09:55,S-TP1,10950,2,44162,362,0.82,0,362,0.82,-262,-0.59,7783,0.78,14
96,Entry short,2020-09-18 08:45,ORB Short A+ (2c),11040.5,2,44162,362,0.82,0,362,0.82,-262,-0.59,7783,0.78,14
97,Exit short,2020-09-21 10:05,S-TP1,10761.5,2,42661,-385,-0.90,0,34,0.08,-385,-0.90,7398,0.74,6
97,Entry short,2020-09-21 09:35,ORB Short B (2c),10665.25,2,42661,-385,-0.90,0,34,0.08,-385,-0.90,7398,0.74,6
98,Exit short,2020-09-22 12:40,S-TP1,11075,2,43904,-396,-0.90,0,217,0.49,-396,-0.90,7002,0.70,47
98,Entry short,2020-09-22 08:45,ORB Short A+ (2c),10976,2,43904,-396,-0.90,0,217,0.49,-396,-0.90,7002,0.70,47
99,Exit short,2020-09-23 10:45,S-TP1,11015,3,66525,435,0.65,0,435,0.65,-105,-0.16,7437,0.74,23
99,Entry short,2020-09-23 08:50,ORB Short A (3c),11087.5,3,66525,435,0.65,0,435,0.65,-105,-0.16,7437,0.74,23
100,Exit long,2020-10-02 10:30,L-TP1,11351.5,2,45706,-300,-0.66,0,169,0.37,-300,-0.66,7137,0.71,18
100,Entry long,2020-10-02 09:00,ORB Long C (2c),11426.5,2,45706,-300,-0.66,0,169,0.37,-300,-0.66,7137,0.71,18
101,Exit long,2020-10-05 13:55,L-TP1,11453.75,3,68317.5,405,0.59,0,405,0.59,-18,-0.03,7542,0.75,59
101,Entry long,2020-10-05 09:00,ORB Long A (3c),11386.25,3,68317.5,405,0.59,0,405,0.59,-18,-0.03,7542,0.75,59
102,Exit long,2020-10-07 15:30,EOD Close,11480.75,3,68623.5,261,0.38,0,421.5,0.61,-264,-0.38,7803,0.78,57
102,Entry long,2020-10-07 10:30,ORB Long B+ (3c),11437.25,3,68623.5,261,0.38,0,421.5,0.61,-264,-0.38,7803,0.78,57
103,Exit short,2020-10-08 15:30,EOD Close,11541.25,2,46051,-114,-0.25,0,100,0.22,-202,-0.44,7689,0.77,78
103,Entry short,2020-10-08 08:45,ORB Short C (2c),11512.75,2,46051,-114,-0.25,0,100,0.22,-202,-0.44,7689,0.77,78
104,Exit long,2020-10-12 10:40,L-TP1,12035,3,71724,486,0.68,0,486,0.68,-4.5,-0.01,8175,0.82,10
104,Entry long,2020-10-12 09:50,ORB Long B+ (3c),11954,3,71724,486,0.68,0,486,0.68,-4.5,-0.01,8175,0.82,10
105,Exit long,2020-10-13 11:10,L-TP1,12091.75,2,48667,-300,-0.62,0,59,0.12,-300,-0.62,7875,0.79,10
105,Entry long,2020-10-13 10:20,ORB Long C+ (2c),12166.75,2,48667,-300,-0.62,0,59,0.12,-300,-0.62,7875,0.79,10
106,Exit short,2020-10-14 10:55,S-TP1,11965,2,48214,354,0.73,0,354,0.73,-204,-0.42,8229,0.82,18
106,Entry short,2020-10-14 09:25,ORB Short B (2c),12053.5,2,48214,354,0.73,0,354,0.73,-204,-0.42,8229,0.82,18
107,Exit long,2020-10-15 09:15,L-TP1,11800.75,3,71254.5,-450,-0.63,0,25.5,0.04,-450,-0.63,7779,0.78,5
107,Entry long,2020-10-15 08:50,ORB Long A (3c),11875.75,3,71254.5,-450,-0.63,0,25.5,0.04,-450,-0.63,7779,0.78,5
108,Exit long,2020-10-20 10:00,L-TP1,11628.25,3,70219.5,-450,-0.64,0,201,0.29,-450,-0.64,7329,0.73,13
108,Entry long,2020-10-20 08:55,ORB Long A+ (3c),11703.25,3,70219.5,-450,-0.64,0,201,0.29,-450,-0.64,7329,0.73,13
109,Exit long,2020-10-20 14:10,L-TP1,11658.5,3,70401,-450,-0.64,0,351,0.50,-450,-0.64,6879,0.69,32
109,Entry long,2020-10-20 11:30,ORB Long A+ (3c),11733.5,3,70401,-450,-0.64,0,351,0.50,-450,-0.64,6879,0.69,32
110,Exit long,2020-10-21 10:10,L-TP1,11672.75,3,70486.5,-450,-0.64,0,189,0.27,-450,-0.64,6429,0.64,17
110,Entry long,2020-10-21 08:45,ORB Long A (3c),11747.75,3,70486.5,-450,-0.64,0,189,0.27,-450,-0.64,6429,0.64,17
111,Exit short,2020-10-27 09:45,S-TP1,11570.5,3,68973,-450,-0.65,0,37.5,0.05,-450,-0.65,5979,0.60,5
111,Entry short,2020-10-27 09:20,ORB Short B+ (3c),11495.5,3,68973,-450,-0.65,0,37.5,0.05,-450,-0.65,5979,0.60,5
112,Exit long,2020-10-29 10:25,L-TP1,11335,2,44985,355,0.79,0,355,0.79,-26,-0.06,6334,0.63,19
112,Entry long,2020-10-29 08:50,ORB Long B (2c),11246.25,2,44985,355,0.79,0,355,0.79,-26,-0.06,6334,0.63,19
113,Exit short,2020-10-30 09:25,S-TP1,11065,3,66862.5,472.5,0.71,0,472.5,0.71,-273,-0.41,6806.5,0.68,8
113,Entry short,2020-10-30 08:45,ORB Short A (3c),11143.75,3,66862.5,472.5,0.71,0,472.5,0.71,-273,-0.41,6806.5,0.68,8
114,Exit long,2020-11-02 09:35,L-TP1,11124.5,2,44798,-300,-0.67,0,50,0.11,-300,-0.67,6506.5,0.65,9
114,Entry long,2020-11-02 08:50,ORB Long B (2c),11199.5,2,44798,-300,-0.67,0,50,0.11,-300,-0.67,6506.5,0.65,9
115,Exit short,2020-11-02 11:35,S-TP1,11041.5,3,66645,396,0.59,0,396,0.59,-1.5,0.00,6902.5,0.69,17
115,Entry short,2020-11-02 10:10,ORB Short A (3c),11107.5,3,66645,396,0.59,0,396,0.59,-1.5,0.00,6902.5,0.69,17
116,Exit long,2020-11-04 09:15,L-TP1,11753.75,2,46755,260,0.56,0,260,0.56,-25,-0.05,7162.5,0.72,3
116,Entry long,2020-11-04 09:00,ORB Long C+ (2c),11688.75,2,46755,260,0.56,0,260,0.56,-25,-0.05,7162.5,0.72,3
117,Exit long,2020-11-05 11:30,L-TP1,11982.25,3,72343.5,-450,-0.62,0,309,0.43,-450,-0.62,6712.5,0.67,33
117,Entry long,2020-11-05 08:45,ORB Long A+ (3c),12057.25,3,72343.5,-450,-0.62,0,309,0.43,-450,-0.62,6712.5,0.67,33
118,Exit long,2020-11-05 15:30,EOD Close,12094.75,3,72340.5,228,0.32,0,331.5,0.46,-226.5,-0.31,6940.5,0.69,31
118,Entry long,2020-11-05 12:40,ORB Long A (3c),12056.75,3,72340.5,228,0.32,0,331.5,0.46,-226.5,-0.31,6940.5,0.69,31
119,Exit short,2020-11-06 09:15,S-TP1,11974.75,2,47599,-300,-0.63,0,47,0.10,-300,-0.63,6640.5,0.66,4
119,Entry short,2020-11-06 08:55,ORB Short C (2c),11899.75,2,47599,-300,-0.63,0,47,0.10,-300,-0.63,6640.5,0.66,4
120,Exit long,2020-11-06 15:30,EOD Close,12089.5,3,72298.5,238.5,0.33,0,355.5,0.49,-157.5,-0.22,6879,0.69,56
120,Entry long,2020-11-06 10:35,ORB Long B+ (3c),12049.75,3,72298.5,238.5,0.33,0,355.5,0.49,-157.5,-0.22,6879,0.69,56
121,Exit long,2020-11-09 09:35,L-TP1,12179.5,3,73527,-450,-0.61,0,37.5,0.05,-450,-0.61,6429,0.64,4
121,Entry long,2020-11-09 09:15,ORB Long B+ (3c),12254.5,3,73527,-450,-0.61,0,37.5,0.05,-450,-0.61,6429,0.64,4
122,Exit long,2020-11-11 15:30,EOD Close,11904.5,3,70945.5,481.5,0.68,0,571.5,0.81,-295.5,-0.42,6910.5,0.69,70
122,Entry long,2020-11-11 09:25,ORB Long A (3c),11824.25,3,70945.5,481.5,0.68,0,571.5,0.81,-295.5,-0.42,6910.5,0.69,70
123,Exit long,2020-11-16 15:30,EOD Close,12030.5,3,71890.5,292.5,0.41,0,339,0.47,-316.5,-0.44,7203,0.72,74
123,Entry long,2020-11-16 09:05,ORB Long A (3c),11981.75,3,71890.5,292.5,0.41,0,339,0.47,-316.5,-0.44,7203,0.72,74
124,Exit long,2020-11-18 14:45,L-TP1,11922.5,2,47990,-300,-0.63,0,121,0.25,-300,-0.63,6903,0.69,46
124,Entry long,2020-11-18 10:55,ORB Long C+ (2c),11997.5,2,47990,-300,-0.63,0,121,0.25,-300,-0.63,6903,0.69,46
125,Exit long,2020-11-19 10:30,L-TP1,11961,3,71376,390,0.55,0,390,0.55,-78,-0.11,7293,0.73,21
125,Entry long,2020-11-19 08:45,ORB Long B+ (3c),11896,3,71376,390,0.55,0,390,0.55,-78,-0.11,7293,0.73,21
126,Exit long,2020-11-24 10:45,L-TP1,12035.5,2,47882,260,0.54,0,260,0.54,-28,-0.06,7553,0.76,13
126,Entry long,2020-11-24 09:40,ORB Long B (2c),11970.5,2,47882,260,0.54,0,260,0.54,-28,-0.06,7553,0.76,13
127,Exit long,2020-12-01 11:00,L-TP1,12453.25,3,74329.5,390,0.52,0,390,0.52,-229.5,-0.31,7943,0.79,26
127,Entry long,2020-12-01 08:50,ORB Long A (3c),12388.25,3,74329.5,390,0.52,0,390,0.52,-229.5,-0.31,7943,0.79,26
128,Exit long,2020-12-02 15:30,EOD Close,12464.25,2,49653,204,0.41,0,247,0.50,-59,-0.12,8147,0.81,72
128,Entry long,2020-12-02 09:15,ORB Long B (2c),12413.25,2,49653,204,0.41,0,247,0.50,-59,-0.12,8147,0.81,72
129,Exit long,2020-12-07 15:30,EOD Close,12590.25,3,75507,34.5,0.05,0,166.5,0.22,-225,-0.30,8181.5,0.82,76
129,Entry long,2020-12-07 08:55,ORB Long A+ (3c),12584.5,3,75507,34.5,0.05,0,166.5,0.22,-225,-0.30,8181.5,0.82,76
130,Exit short,2020-12-08 12:00,S-TP1,12604.75,2,50119,-300,-0.60,0,109,0.22,-300,-0.60,7881.5,0.79,39
130,Entry short,2020-12-08 08:45,ORB Short B (2c),12529.75,2,50119,-300,-0.60,0,109,0.22,-300,-0.60,7881.5,0.79,39
131,Exit long,2020-12-10 09:50,L-TP1,12434.5,2,49363,375,0.76,0,375,0.76,-2,0.00,8256.5,0.83,13
131,Entry long,2020-12-10 08:45,ORB Long B (2c),12340.75,2,49363,375,0.76,0,375,0.76,-2,0.00,8256.5,0.83,13
132,Exit long,2020-12-14 15:30,EOD Close,12467,3,74982,-180,-0.24,0,313.5,0.42,-310.5,-0.41,8076.5,0.81,77
132,Entry long,2020-12-14 08:50,ORB Long A+ (3c),12497,3,74982,-180,-0.24,0,313.5,0.42,-310.5,-0.41,8076.5,0.81,77
133,Exit long,2020-12-16 15:30,EOD Close,12676.5,2,50520,186,0.37,0,299,0.59,-78,-0.15,8262.5,0.83,67
133,Entry long,2020-12-16 09:40,ORB Long B (2c),12630,2,50520,186,0.37,0,299,0.59,-78,-0.15,8262.5,0.83,67
134,Exit short,2020-12-18 10:10,S-TP1,12672,2,50952,264,0.52,0,264,0.52,-17,-0.03,8526.5,0.85,17
134,Entry short,2020-12-18 08:45,ORB Short B (2c),12738,2,50952,264,0.52,0,264,0.52,-17,-0.03,8526.5,0.85,17
135,Exit long,2020-12-21 15:30,EOD Close,12684.75,2,50641,98,0.19,0,171,0.34,-95,-0.19,8624.5,0.86,38
135,Entry long,2020-12-21 12:05,ORB Long B (2c),12660.25,2,50641,98,0.19,0,171,0.34,-95,-0.19,8624.5,0.86,38
136,Exit long,2020-12-23 14:55,L-TP1,12651,3,76356,-450,-0.59,0,30,0.04,-450,-0.59,8174.5,0.82,34
136,Entry long,2020-12-23 12:05,ORB Long A+ (3c),12726,3,76356,-450,-0.59,0,30,0.04,-450,-0.59,8174.5,0.82,34
137,Exit long,2020-12-24 11:45,EOD Close (Early/Half-Day),12698,3,76318.5,-130.5,-0.17,0,18,0.02,-333,-0.44,8044,0.80,27
137,Entry long,2020-12-24 09:30,ORB Long A (3c),12719.75,3,76318.5,-130.5,-0.17,0,18,0.02,-333,-0.44,8044,0.80,27
138,Exit short,2020-12-30 15:30,EOD Close,12839,2,51440,84,0.16,0,158,0.31,-51,-0.10,8128,0.81,77
138,Entry short,2020-12-30 08:50,ORB Short B (2c),12860,2,51440,84,0.16,0,158,0.31,-51,-0.10,8128,0.81,77
139,Exit long,2021-01-05 15:30,EOD Close,12794,3,76578,186,0.24,0,270,0.35,-448.5,-0.59,8314,0.83,77
139,Entry long,2021-01-05 08:50,ORB Long A (3c),12763,3,76578,186,0.24,0,270,0.35,-448.5,-0.59,8314,0.83,77
140,Exit long,2021-01-07 09:45,L-TP1,12903.25,3,77026.5,393,0.51,0,393,0.51,-36,-0.05,8707,0.87,10
140,Entry long,2021-01-07 08:55,ORB Long B+ (3c),12837.75,3,77026.5,393,0.51,0,393,0.51,-36,-0.05,8707,0.87,10
141,Exit long,2021-01-08 12:20,L-TP1,12981,3,78336,-450,-0.57,0,57,0.07,-450,-0.57,8257,0.83,14
141,Entry long,2021-01-08 11:10,ORB Long B+ (3c),13056,3,78336,-450,-0.57,0,57,0.07,-450,-0.57,8257,0.83,14
142,Exit long,2021-01-11 13:20,L-TP1,12914.5,3,77937,-450,-0.58,0,141,0.18,-450,-0.58,7807,0.78,47
142,Entry long,2021-01-11 09:25,ORB Long A (3c),12989.5,3,77937,-450,-0.58,0,141,0.18,-450,-0.58,7807,0.78,47
143,Exit long,2021-01-13 13:30,L-TP1,13000.75,3,77614.5,390,0.50,0,390,0.50,-388.5,-0.50,8197,0.82,56
143,Entry long,2021-01-13 08:50,ORB Long A (3c),12935.75,3,77614.5,390,0.50,0,390,0.50,-388.5,-0.50,8197,0.82,56
144,Exit long,2021-01-20 12:15,L-TP1,13285,3,79237.5,472.5,0.60,0,472.5,0.60,-6,-0.01,8669.5,0.87,38
144,Entry long,2021-01-20 09:05,ORB Long A (3c),13206.25,3,79237.5,472.5,0.60,0,472.5,0.60,-6,-0.01,8669.5,0.87,38
145,Exit long,2021-01-21 15:30,EOD Close,13398.75,3,80188.5,204,0.25,0,354,0.44,-292.5,-0.36,8873.5,0.89,73
145,Entry long,2021-01-21 09:10,ORB Long A (3c),13364.75,3,80188.5,204,0.25,0,354,0.44,-292.5,-0.36,8873.5,0.89,73
146,Exit long,2021-01-26 15:05,L-TP1,13585,2,54056,284,0.53,0,284,0.53,-235,-0.43,9157.5,0.92,64
146,Entry long,2021-01-26 09:45,ORB Long B (2c),13514,2,54056,284,0.53,0,284,0.53,-235,-0.43,9157.5,0.92,64
147,Exit long,2021-01-28 11:05,L-TP1,13335,2,53066,274,0.52,0,274,0.52,-250,-0.47,9431.5,0.94,22
147,Entry long,2021-01-28 09:15,ORB Long B (2c),13266.5,2,53066,274,0.52,0,274,0.52,-250,-0.47,9431.5,0.94,22
148,Exit long,2021-01-29 09:40,L-TP1,13072.25,2,52589,-300,-0.57,0,39,0.07,-300,-0.57,9131.5,0.91,4
148,Entry long,2021-01-29 09:20,ORB Long B (2c),13147.25,2,52589,-300,-0.57,0,39,0.07,-300,-0.57,9131.5,0.91,4
149,Exit long,2021-02-02 12:45,L-TP1,13485,3,80488.5,421.5,0.52,0,421.5,0.52,-294,-0.37,9553,0.96,48
149,Entry long,2021-02-02 08:45,ORB Long B+ (3c),13414.75,3,80488.5,421.5,0.52,0,421.5,0.52,-294,-0.37,9553,0.96,48
150,Exit short,2021-02-03 09:35,S-TP1,13394,2,53836,260,0.48,0,260,0.48,-71,-0.13,9813,0.98,5
150,Entry short,2021-02-03 09:10,ORB Short B (2c),13459,2,53836,260,0.48,0,260,0.48,-71,-0.13,9813,0.98,5
151,Exit short,2021-02-03 14:55,S-TP1,13394.75,2,53839,260,0.48,0,260,0.48,-147,-0.27,10073,1.01,41
151,Entry short,2021-02-03 11:30,ORB Short C+ (2c),13459.75,2,53839,260,0.48,0,260,0.48,-147,-0.27,10073,1.01,41
152,Exit long,2021-02-04 15:00,L-TP1,13558,3,80920.5,427.5,0.53,0,427.5,0.53,-31.5,-0.04,10500.5,1.05,36
152,Entry long,2021-02-04 12:00,ORB Long B+ (3c),13486.75,3,80920.5,427.5,0.53,0,427.5,0.53,-31.5,-0.04,10500.5,1.05,36
153,Exit short,2021-02-05 11:40,S-TP1,13614,2,54156,-300,-0.55,0,79,0.15,-300,-0.55,10200.5,1.02,33
153,Entry short,2021-02-05 08:55,ORB Short C (2c),13539,2,54156,-300,-0.55,0,79,0.15,-300,-0.55,10200.5,1.02,33
154,Exit short,2021-02-10 09:20,S-TP1,13638,2,54812,260,0.47,0,260,0.47,-8,-0.01,10460.5,1.05,2
154,Entry short,2021-02-10 09:10,ORB Short B (2c),13703,2,54812,260,0.47,0,260,0.47,-8,-0.01,10460.5,1.05,2
155,Exit long,2021-02-12 14:50,L-TP1,13785,2,54828,312,0.57,0,312,0.57,-171,-0.31,10772.5,1.08,68
155,Entry long,2021-02-12 09:10,ORB Long B (2c),13707,2,54828,312,0.57,0,312,0.57,-171,-0.31,10772.5,1.08,68
156,Exit long,2021-02-16 10:25,L-TP1,13788.75,2,55455,-300,-0.54,0,47,0.08,-300,-0.54,10472.5,1.05,12
156,Entry long,2021-02-16 09:25,ORB Long B (2c),13863.75,2,55455,-300,-0.54,0,47,0.08,-300,-0.54,10472.5,1.05,12
157,Exit long,2021-02-18 13:55,L-TP1,13640.25,3,81451.5,390,0.48,0,390,0.48,-10.5,-0.01,10862.5,1.09,20
157,Entry long,2021-02-18 12:15,ORB Long A (3c),13575.25,3,81451.5,390,0.48,0,390,0.48,-10.5,-0.01,10862.5,1.09,20
158,Exit short,2021-02-24 09:20,S-TP1,13051.5,3,77859,-450,-0.58,0,111,0.14,-450,-0.58,10412.5,1.04,4
158,Entry short,2021-02-24 09:00,ORB Short B+ (3c),12976.5,3,77859,-450,-0.58,0,111,0.14,-450,-0.58,10412.5,1.04,4
159,Exit short,2021-02-25 09:50,S-TP1,13065,3,79027.5,637.5,0.81,0,637.5,0.81,-216,-0.27,11050,1.11,10
159,Entry short,2021-02-25 09:00,ORB Short A+ (3c),13171.25,3,79027.5,637.5,0.81,0,637.5,0.81,-216,-0.27,11050,1.11,10
160,Exit short,2021-03-02 10:20,S-TP1,13115,3,79147.5,457.5,0.58,0,457.5,0.58,-343.5,-0.43,11507.5,1.15,19
160,Entry short,2021-03-02 08:45,ORB Short A+ (3c),13191.25,3,79147.5,457.5,0.58,0,457.5,0.58,-343.5,-0.43,11507.5,1.15,19
161,Exit short,2021-03-03 11:55,S-TP1,12815,3,77428.5,538.5,0.70,0,538.5,0.70,-393,-0.51,12046,1.20,36
161,Entry short,2021-03-03 08:55,ORB Short B+ (3c),12904.75,3,77428.5,538.5,0.70,0,538.5,0.70,-393,-0.51,12046,1.20,36
162,Exit short,2021-03-04 09:05,S-TP1,12526,3,75688.5,532.5,0.70,0,532.5,0.70,-163.5,-0.22,12578.5,1.26,4
162,Entry short,2021-03-04 08:45,ORB Short A (3c),12614.75,3,75688.5,532.5,0.70,0,532.5,0.70,-163.5,-0.22,12578.5,1.26,4
163,Exit short,2021-03-04 11:45,S-TP1,12526,3,75733.5,577.5,0.76,0,577.5,0.76,-24,-0.03,13156,1.32,5
163,Entry short,2021-03-04 11:20,ORB Short A (3c),12622.25,3,75733.5,577.5,0.76,0,577.5,0.76,-24,-0.03,13156,1.32,5
164,Exit short,2021-03-05 08:55,S-TP1,12365.75,2,49762,299,0.60,0,299,0.60,-111,-0.22,13455,1.35,2
164,Entry short,2021-03-05 08:45,ORB Short A (2c),12440.5,2,49762,299,0.60,0,299,0.60,-111,-0.22,13455,1.35,2
165,Exit short,2021-03-08 12:55,S-TP1,12421.5,2,50033,347,0.69,0,347,0.69,-320,-0.64,13802,1.38,24
165,Entry short,2021-03-08 10:55,ORB Short B+ (2c),12508.25,2,50033,347,0.69,0,347,0.69,-320,-0.64,13802,1.38,24
166,Exit short,2021-03-11 09:45,S-TP1,13007.75,2,51693,-338,-0.65,0,39,0.08,-338,-0.65,13464,1.35,6
166,Entry short,2021-03-11 09:15,ORB Short B (2c),12923.25,2,51693,-338,-0.65,0,39,0.08,-338,-0.65,13464,1.35,6
167,Exit short,2021-03-12 11:10,S-TP1,12890.75,2,51148,-415,-0.81,0,77,0.15,-415,-0.81,13049,1.30,16
167,Entry short,2021-03-12 09:50,ORB Short B (2c),12787,2,51148,-415,-0.81,0,77,0.15,-415,-0.81,13049,1.30,16
168,Exit long,2021-03-16 09:50,L-TP1,13285.25,2,52834,307,0.58,0,307,0.58,-73,-0.14,13356,1.34,13
168,Entry long,2021-03-16 08:45,ORB Long B (2c),13208.5,2,52834,307,0.58,0,307,0.58,-73,-0.14,13356,1.34,13
169,Exit long,2021-03-16 13:25,L-TP1,13125.5,2,52802,-300,-0.57,0,167,0.32,-300,-0.57,13056,1.31,23
169,Entry long,2021-03-16 11:30,ORB Long B (2c),13200.5,2,52802,-300,-0.57,0,167,0.32,-300,-0.57,13056,1.31,23
170,Exit short,2021-03-19 09:35,S-TP1,12801.25,2,50839,-366,-0.72,0,112,0.22,-366,-0.72,12690,1.27,7
170,Entry short,2021-03-19 09:00,ORB Short A (2c),12709.75,2,50839,-366,-0.72,0,112,0.22,-366,-0.72,12690,1.27,7
171,Exit short,2021-03-25 11:25,S-TP1,12757.75,2,50702,-329,-0.65,0,263,0.52,-329,-0.65,12361,1.24,20
171,Entry short,2021-03-25 09:45,ORB Short B (2c),12675.5,2,50702,-329,-0.65,0,263,0.52,-329,-0.65,12361,1.24,20
172,Exit short,2021-03-29 09:05,S-TP1,12822,3,77365.5,433.5,0.56,0,433.5,0.56,-1.5,0.00,12794.5,1.28,3
172,Entry short,2021-03-29 08:50,ORB Short B+ (3c),12894.25,3,77365.5,433.5,0.56,0,433.5,0.56,-1.5,0.00,12794.5,1.28,3
173,Exit short,2021-03-30 09:40,S-TP1,12870,3,76770,-450,-0.59,0,109.5,0.14,-450,-0.59,12344.5,1.23,5
173,Entry short,2021-03-30 09:15,ORB Short A+ (3c),12795,3,76770,-450,-0.59,0,109.5,0.14,-450,-0.59,12344.5,1.23,5
174,Exit long,2021-04-01 15:30,EOD Close,13328.75,3,79836,136.5,0.17,0,139.5,0.17,-276,-0.35,12481,1.25,74
174,Entry long,2021-04-01 09:05,ORB Long A (3c),13306,3,79836,136.5,0.17,0,139.5,0.17,-276,-0.35,12481,1.25,74
175,Exit long,2021-04-06 15:30,EOD Close,13572.25,3,81540,-106.5,-0.13,0,385.5,0.47,-265.5,-0.33,12374.5,1.24,77
175,Entry long,2021-04-06 08:50,ORB Long A (3c),13590,3,81540,-106.5,-0.13,0,385.5,0.47,-265.5,-0.33,12374.5,1.24,77
176,Exit long,2021-04-07 13:10,L-TP1,13635.25,3,81421.5,390,0.48,0,390,0.48,-63,-0.08,12764.5,1.28,53
176,Entry long,2021-04-07 08:45,ORB Long A+ (3c),13570.25,3,81421.5,390,0.48,0,390,0.48,-63,-0.08,12764.5,1.28,53
177,Exit long,2021-04-13 15:30,EOD Close,13981,3,83659.5,226.5,0.27,0,303,0.36,-355.5,-0.42,12991,1.30,77
177,Entry long,2021-04-13 08:50,ORB Long B+ (3c),13943.25,3,83659.5,226.5,0.27,0,303,0.36,-355.5,-0.42,12991,1.30,77
178,Exit long,2021-04-15 15:30,EOD Close,14007,3,83932.5,109.5,0.13,0,273,0.33,-273,-0.33,13100.5,1.31,70
178,Entry long,2021-04-15 09:25,ORB Long A (3c),13988.75,3,83932.5,109.5,0.13,0,273,0.33,-273,-0.33,13100.5,1.31,70
179,Exit short,2021-04-19 15:30,EOD Close,13892,2,55696,128,0.23,0,412,0.74,-99,-0.18,13228.5,1.32,74
179,Entry short,2021-04-19 09:05,ORB Short B (2c),13924,2,55696,128,0.23,0,412,0.74,-99,-0.18,13228.5,1.32,74
180,Exit long,2021-04-20 09:40,L-TP1,13834.25,3,83455.5,-450,-0.54,0,123,0.15,-450,-0.54,12778.5,1.28,11
180,Entry long,2021-04-20 08:45,ORB Long A+ (3c),13909.25,3,83455.5,-450,-0.54,0,123,0.15,-450,-0.54,12778.5,1.28,11
181,Exit long,2021-04-21 10:30,L-TP1,13863,3,82656,522,0.63,0,522,0.63,-99,-0.12,13300.5,1.33,21
181,Entry long,2021-04-21 08:45,ORB Long A+ (3c),13776,3,82656,522,0.63,0,522,0.63,-99,-0.12,13300.5,1.33,21
182,Exit long,2021-04-23 10:15,L-TP1,13894,3,82974,390,0.47,0,390,0.47,-54,-0.07,13690.5,1.37,17
182,Entry long,2021-04-23 08:50,ORB Long A (3c),13829,3,82974,390,0.47,0,390,0.47,-54,-0.07,13690.5,1.37,17
183,Exit short,2021-04-27 15:30,EOD Close,13946,2,55876,92,0.16,0,225,0.40,-67,-0.12,13782.5,1.38,78
183,Entry short,2021-04-27 08:45,ORB Short B (2c),13969,2,55876,92,0.16,0,225,0.40,-67,-0.12,13782.5,1.38,78
184,Exit long,2021-04-28 15:30,EOD Close,13974,3,83665.5,178.5,0.21,0,270,0.32,-397.5,-0.48,13961,1.40,78
184,Entry long,2021-04-28 08:45,ORB Long B+ (3c),13944.25,3,83665.5,178.5,0.21,0,270,0.32,-397.5,-0.48,13961,1.40,78
185,Exit short,2021-04-29 09:35,S-TP1,13913.5,2,55914,260,0.46,0,260,0.46,-17,-0.03,14221,1.42,9
185,Entry short,2021-04-29 08:50,ORB Short B (2c),13978.5,2,55914,260,0.46,0,260,0.46,-17,-0.03,14221,1.42,9
186,Exit long,2021-04-30 12:55,L-TP1,13831.5,3,83439,-450,-0.54,0,303,0.36,-450,-0.54,13771,1.38,48
186,Entry long,2021-04-30 08:55,ORB Long A+ (3c),13906.5,3,83439,-450,-0.54,0,303,0.36,-450,-0.54,13771,1.38,48
187,Exit long,2021-05-03 09:50,L-TP1,13854.25,2,55717,-300,-0.54,0,73,0.13,-300,-0.54,13471,1.35,8
187,Entry long,2021-05-03 09:10,ORB Long B (2c),13929.25,2,55717,-300,-0.54,0,73,0.13,-300,-0.54,13471,1.35,8
188,Exit short,2021-05-05 09:10,S-TP1,13530.75,3,81574.5,390,0.48,0,390,0.48,-57,-0.07,13861,1.39,3
188,Entry short,2021-05-05 08:55,ORB Short A+ (3c),13595.75,3,81574.5,390,0.48,0,390,0.48,-57,-0.07,13861,1.39,3
189,Exit short,2021-05-05 14:00,S-TP1,13529.5,3,81567,390,0.48,0,390,0.48,-19.5,-0.02,14251,1.43,30
189,Entry short,2021-05-05 11:30,ORB Short A (3c),13594.5,3,81567,390,0.48,0,390,0.48,-19.5,-0.02,14251,1.43,30
190,Exit short,2021-05-06 10:25,S-TP1,13490,3,80490,-450,-0.56,0,156,0.19,-450,-0.56,13801,1.38,16
190,Entry short,2021-05-06 09:05,ORB Short B+ (3c),13415,3,80490,-450,-0.56,0,156,0.19,-450,-0.56,13801,1.38,16
191,Exit short,2021-05-10 13:15,S-TP1,13415,3,81136.5,646.5,0.80,0,646.5,0.80,-190.5,-0.23,14447.5,1.44,53
191,Entry short,2021-05-10 08:50,ORB Short B+ (3c),13522.75,3,81136.5,646.5,0.80,0,646.5,0.80,-190.5,-0.23,14447.5,1.44,53
192,Exit short,2021-05-12 10:55,S-TP1,13015,3,78636,546,0.69,0,546,0.69,-96,-0.12,14993.5,1.50,18
192,Entry short,2021-05-12 09:25,ORB Short A (3c),13106,3,78636,546,0.69,0,546,0.69,-96,-0.12,14993.5,1.50,18
193,Exit short,2021-05-13 11:30,S-TP1,13139.25,2,52257,-300,-0.57,0,25,0.05,-300,-0.57,14693.5,1.47,10
193,Entry short,2021-05-13 10:40,ORB Short B (2c),13064.25,2,52257,-300,-0.57,0,25,0.05,-300,-0.57,14693.5,1.47,10
194,Exit short,2021-05-17 12:40,S-TP1,13190,3,79530,390,0.49,0,390,0.49,-439.5,-0.55,15083.5,1.51,44
194,Entry short,2021-05-17 09:00,ORB Short A+ (3c),13255,3,79530,390,0.49,0,390,0.49,-439.5,-0.55,15083.5,1.51,44
195,Exit long,2021-05-24 13:45,L-TP1,13685,3,81535.5,574.5,0.70,0,574.5,0.70,-30,-0.04,15658,1.57,57
195,Entry long,2021-05-24 09:00,ORB Long A (3c),13589.25,3,81535.5,574.5,0.70,0,574.5,0.70,-30,-0.04,15658,1.57,57
196,Exit short,2021-06-08 10:15,S-TP1,13787,2,55409,261,0.47,0,261,0.47,-10,-0.02,15919,1.59,17
196,Entry short,2021-06-08 08:50,ORB Short B (2c),13852.25,2,55409,261,0.47,0,261,0.47,-10,-0.02,15919,1.59,17
197,Exit long,2021-06-10 09:45,L-TP1,13867.25,3,83653.5,-450,-0.54,0,136.5,0.16,-450,-0.54,15469,1.55,12
197,Entry long,2021-06-10 08:45,ORB Long A (3c),13942.25,3,83653.5,-450,-0.54,0,136.5,0.16,-450,-0.54,15469,1.55,12
198,Exit long,2021-06-10 15:30,EOD Close,13966,3,83541,255,0.31,0,297,0.36,-60,-0.07,15724,1.57,51
198,Entry long,2021-06-10 11:00,ORB Long B+ (3c),13923.5,3,83541,255,0.31,0,297,0.36,-60,-0.07,15724,1.57,51
199,Exit long,2021-06-14 15:30,EOD Close,14120,3,84234,486,0.58,0,567,0.67,-303,-0.36,16210,1.62,78
199,Entry long,2021-06-14 08:45,ORB Long A (3c),14039,3,84234,486,0.58,0,567,0.67,-303,-0.36,16210,1.62,78
200,Exit short,2021-06-15 15:30,EOD Close,14034.25,2,56239,102,0.18,0,237,0.42,-61,-0.11,16312,1.63,70
200,Entry short,2021-06-15 09:25,ORB Short C+ (2c),14059.75,2,56239,102,0.18,0,237,0.42,-61,-0.11,16312,1.63,70
201,Exit long,2021-06-17 09:25,L-TP1,14085.5,3,84123,390,0.46,0,390,0.46,-60,-0.07,16702,1.67,7
201,Entry long,2021-06-17 08:50,ORB Long A (3c),14020.5,3,84123,390,0.46,0,390,0.46,-60,-0.07,16702,1.67,7
202,Exit long,2021-06-21 15:30,EOD Close,14134.5,2,56326,212,0.38,0,250,0.44,-8,-0.01,16914,1.69,68
202,Entry long,2021-06-21 09:35,ORB Long B (2c),14081.5,2,56326,212,0.38,0,250,0.44,-8,-0.01,16914,1.69,68
203,Exit long,2021-06-22 15:30,EOD Close,14278.25,3,85123.5,546,0.64,0,552,0.65,-1.5,0.00,17460,1.75,62
203,Entry long,2021-06-22 10:05,ORB Long B+ (3c),14187.25,3,85123.5,546,0.64,0,552,0.65,-1.5,0.00,17460,1.75,62
204,Exit long,2021-06-23 15:30,EOD Close,14271,3,85833,-207,-0.24,0,67.5,0.08,-442.5,-0.52,17253,1.73,76
204,Entry long,2021-06-23 08:55,ORB Long B+ (3c),14305.5,3,85833,-207,-0.24,0,67.5,0.08,-442.5,-0.52,17253,1.73,76
205,Exit long,2021-06-28 15:25,EOD Close,14506,2,57868,156,0.27,0,210,0.36,-48,-0.08,17409,1.74,76
205,Entry long,2021-06-28 09:05,ORB Long B (2c),14467,2,57868,156,0.27,0,210,0.36,-48,-0.08,17409,1.74,76
206,Exit long,2021-06-29 15:25,EOD Close,14583,2,58102,230,0.40,0,236,0.41,-132,-0.23,17639,1.76,68
206,Entry long,2021-06-29 09:45,ORB Long B (2c),14525.5,2,58102,230,0.40,0,236,0.41,-132,-0.23,17639,1.76,68
207,Exit short,2021-07-01 15:25,EOD Close,14536.75,2,58039,-108,-0.19,0,156,0.27,-174,-0.30,17531,1.75,64
207,Entry short,2021-07-01 10:05,ORB Short C (2c),14509.75,2,58039,-108,-0.19,0,156,0.27,-174,-0.30,17531,1.75,64
208,Exit long,2021-07-08 10:00,L-TP1,14569.25,2,58577,-300,-0.51,0,53,0.09,-300,-0.51,17231,1.72,7
208,Entry long,2021-07-08 09:25,ORB Long B (2c),14644.25,2,58577,-300,-0.51,0,53,0.09,-300,-0.51,17231,1.72,7
209,Exit long,2021-07-08 11:30,L-TP1,14710,2,58580,260,0.44,0,260,0.44,-119,-0.20,17491,1.75,13
209,Entry long,2021-07-08 10:25,ORB Long C+ (2c),14645,2,58580,260,0.44,0,260,0.44,-119,-0.20,17491,1.75,13
210,Exit long,2021-07-09 10:40,L-TP1,14806.75,2,58912,315,0.53,0,315,0.53,-98,-0.17,17806,1.78,16
210,Entry long,2021-07-09 09:20,ORB Long B (2c),14728,2,58912,315,0.53,0,315,0.53,-98,-0.17,17806,1.78,16
211,Exit short,2021-07-12 15:25,EOD Close,14879.5,2,59294,-224,-0.38,0,85,0.14,-238,-0.40,17582,1.76,79
211,Entry short,2021-07-12 08:50,ORB Short B (2c),14823.5,2,59294,-224,-0.38,0,85,0.14,-238,-0.40,17582,1.76,79
212,Exit long,2021-07-14 10:25,L-TP1,14917.5,3,89955,-450,-0.50,0,13.5,0.02,-450,-0.50,17132,1.71,17
212,Entry long,2021-07-14 09:00,ORB Long A+ (3c),14992.5,3,89955,-450,-0.50,0,13.5,0.02,-450,-0.50,17132,1.71,17
213,Exit short,2021-07-14 15:25,EOD Close,14902.75,2,59675,64,0.11,0,227,0.38,-113,-0.19,17196,1.72,60
213,Entry short,2021-07-14 10:25,ORB Short B (2c),14918.75,2,59675,64,0.11,0,227,0.38,-113,-0.19,17196,1.72,60
214,Exit long,2021-07-20 10:15,L-TP1,14673.25,2,58433,260,0.44,0,260,0.44,-108,-0.18,17456,1.75,11
214,Entry long,2021-07-20 09:20,ORB Long B (2c),14608.25,2,58433,260,0.44,0,260,0.44,-108,-0.18,17456,1.75,11
215,Exit long,2021-07-21 15:00,L-TP1,14835,3,88534.5,475.5,0.54,0,475.5,0.54,-178.5,-0.20,17931.5,1.79,73
215,Entry long,2021-07-21 08:55,ORB Long A (3c),14755.75,3,88534.5,475.5,0.54,0,475.5,0.54,-178.5,-0.20,17931.5,1.79,73
216,Exit long,2021-07-22 15:25,EOD Close,14958.5,2,59619,215,0.36,0,223,0.37,-217,-0.36,18146.5,1.81,72
216,Entry long,2021-07-22 09:25,ORB Long B (2c),14904.75,2,59619,215,0.36,0,223,0.37,-217,-0.36,18146.5,1.81,72
217,Exit long,2021-07-23 12:00,L-TP1,15085,3,89983.5,526.5,0.59,0,526.5,0.59,-81,-0.09,18673,1.87,33
217,Entry long,2021-07-23 09:15,ORB Long A (3c),14997.25,3,89983.5,526.5,0.59,0,526.5,0.59,-81,-0.09,18673,1.87,33
218,Exit long,2021-07-26 15:25,EOD Close,15119.25,3,90565.5,150,0.17,0,240,0.27,-72,-0.08,18823,1.88,79
218,Entry long,2021-07-26 08:50,ORB Long A (3c),15094.25,3,90565.5,150,0.17,0,240,0.27,-72,-0.08,18823,1.88,79
219,Exit short,2021-07-27 09:10,S-TP1,14978.5,2,60174,260,0.43,0,260,0.43,-62,-0.10,19083,1.91,3
219,Entry short,2021-07-27 08:55,ORB Short B (2c),15043.5,2,60174,260,0.43,0,260,0.43,-62,-0.10,19083,1.91,3
220,Exit long,2021-07-28 12:10,L-TP1,14979.25,2,60217,-300,-0.50,0,82,0.14,-300,-0.50,18783,1.88,35
220,Entry long,2021-07-28 09:15,ORB Long C (2c),15054.25,2,60217,-300,-0.50,0,82,0.14,-300,-0.50,18783,1.88,35
221,Exit long,2021-07-29 15:00,L-TP1,14999,2,60296,-300,-0.50,0,40,0.07,-300,-0.50,18483,1.85,62
221,Entry long,2021-07-29 09:50,ORB Long B (2c),15074,2,60296,-300,-0.50,0,40,0.07,-300,-0.50,18483,1.85,62
222,Exit long,2021-07-30 15:25,EOD Close,14968,3,89563.5,244.5,0.27,0,315,0.35,-102,-0.11,18727.5,1.87,80
222,Entry long,2021-07-30 08:45,ORB Long A (3c),14927.25,3,89563.5,244.5,0.27,0,315,0.35,-102,-0.11,18727.5,1.87,80
223,Exit long,2021-08-02 11:05,L-TP1,14970.25,3,90271.5,-450,-0.50,0,36,0.04,-450,-0.50,18277.5,1.83,9
223,Entry long,2021-08-02 10:20,ORB Long B+ (3c),15045.25,3,90271.5,-450,-0.50,0,36,0.04,-450,-0.50,18277.5,1.83,9
224,Exit long,2021-08-03 15:25,EOD Close,15044.5,2,60043,135,0.22,0,157,0.26,-124,-0.21,18412.5,1.84,54
224,Entry long,2021-08-03 10:55,ORB Long C+ (2c),15010.75,2,60043,135,0.22,0,157,0.26,-124,-0.21,18412.5,1.84,54
225,Exit long,2021-08-12 14:30,L-TP1,15085,3,90048,462,0.51,0,462,0.51,-24,-0.03,18874.5,1.89,63
225,Entry long,2021-08-12 09:15,ORB Long B+ (3c),15008,3,90048,462,0.51,0,462,0.51,-24,-0.03,18874.5,1.89,63
226,Exit long,2021-08-17 10:30,L-TP1,14975.25,2,60201,-300,-0.50,0,30,0.05,-300,-0.50,18574.5,1.86,10
226,Entry long,2021-08-17 09:40,ORB Long B (2c),15050.25,2,60201,-300,-0.50,0,30,0.05,-300,-0.50,18574.5,1.86,10
227,Exit long,2021-08-18 13:10,L-TP1,14944.5,3,90117,-450,-0.50,0,105,0.12,-450,-0.50,18124.5,1.81,52
227,Entry long,2021-08-18 08:50,ORB Long A+ (3c),15019.5,3,90117,-450,-0.50,0,105,0.12,-450,-0.50,18124.5,1.81,52
228,Exit long,2021-08-23 10:30,L-TP1,15285,3,91183.5,526.5,0.58,0,526.5,0.58,-42,-0.05,18651,1.87,21
228,Entry long,2021-08-23 08:45,ORB Long A (3c),15197.25,3,91183.5,526.5,0.58,0,526.5,0.58,-42,-0.05,18651,1.87,21
229,Exit long,2021-08-27 12:20,L-TP1,15435,3,92167.5,442.5,0.48,0,442.5,0.48,-120,-0.13,19093.5,1.91,40
229,Entry long,2021-08-27 09:00,ORB Long A+ (3c),15361.25,3,92167.5,442.5,0.48,0,442.5,0.48,-120,-0.13,19093.5,1.91,40
230,Exit long,2021-08-30 09:30,L-TP1,15585,3,93115.5,394.5,0.42,0,394.5,0.42,-25.5,-0.03,19488,1.95,8
230,Entry long,2021-08-30 08:50,ORB Long A (3c),15519.25,3,93115.5,394.5,0.42,0,394.5,0.42,-25.5,-0.03,19488,1.95,8
231,Exit long,2021-09-01 14:40,L-TP1,15620,3,94170,-450,-0.48,0,18,0.02,-450,-0.48,19038,1.90,71
231,Entry long,2021-09-01 08:45,ORB Long A+ (3c),15695,3,94170,-450,-0.48,0,18,0.02,-450,-0.48,19038,1.90,71
232,Exit long,2021-09-03 15:25,EOD Close,15654.5,3,93840,87,0.09,0,183,0.20,-213,-0.23,19125,1.91,78
232,Entry long,2021-09-03 08:55,ORB Long A (3c),15640,3,93840,87,0.09,0,183,0.20,-213,-0.23,19125,1.91,78
233,Exit short,2021-09-17 10:05,S-TP1,15323,2,61584,292,0.47,0,292,0.47,-43,-0.07,19417,1.94,15
233,Entry short,2021-09-17 08:50,ORB Short B (2c),15396,2,61584,292,0.47,0,292,0.47,-43,-0.07,19417,1.94,15
234,Exit short,2021-09-20 11:20,S-TP1,14915,2,60084,424,0.71,0,424,0.71,-126,-0.21,19841,1.98,24
234,Entry short,2021-09-20 09:20,ORB Short B (2c),15021,2,60084,424,0.71,0,424,0.71,-126,-0.21,19841,1.98,24
235,Exit short,2021-09-21 10:30,S-TP1,15090,3,90090,-450,-0.50,0,243,0.27,-450,-0.50,19391,1.94,17
235,Entry short,2021-09-21 09:05,ORB Short A (3c),15015,3,90090,-450,-0.50,0,243,0.27,-450,-0.50,19391,1.94,17
236,Exit short,2021-09-21 14:15,S-TP1,15096.5,3,90129,-450,-0.50,0,121.5,0.13,-450,-0.50,18941,1.89,22
236,Entry short,2021-09-21 12:25,ORB Short B+ (3c),15021.5,3,90129,-450,-0.50,0,121.5,0.13,-450,-0.50,18941,1.89,22
237,Exit short,2021-09-28 09:55,S-TP1,14822.5,3,89478,543,0.61,0,543,0.61,-289.5,-0.32,19484,1.95,14
237,Entry short,2021-09-28 08:45,ORB Short A (3c),14913,3,89478,543,0.61,0,543,0.61,-289.5,-0.32,19484,1.95,14
238,Exit short,2021-09-29 13:10,S-TP1,14837.75,3,88576.5,-450,-0.51,0,310.5,0.35,-450,-0.51,19034,1.90,31
238,Entry short,2021-09-29 10:35,ORB Short B+ (3c),14762.75,3,88576.5,-450,-0.51,0,310.5,0.35,-450,-0.51,19034,1.90,31
239,Exit short,2021-09-30 10:45,S-TP1,14726,2,59205,301,0.51,0,301,0.51,-157,-0.27,19335,1.93,11
239,Entry short,2021-09-30 09:50,ORB Short B (2c),14801.25,2,59205,301,0.51,0,301,0.51,-157,-0.27,19335,1.93,11
240,Exit short,2021-10-01 09:15,S-TP1,14560.75,3,87754.5,390,0.44,0,390,0.44,-112.5,-0.13,19725,1.97,5
240,Entry short,2021-10-01 08:50,ORB Short A (3c),14625.75,3,87754.5,390,0.44,0,390,0.44,-112.5,-0.13,19725,1.97,5
241,Exit short,2021-10-04 09:25,S-TP1,14513,3,87468,390,0.45,0,390,0.45,-195,-0.22,20115,2.01,8
241,Entry short,2021-10-04 08:45,ORB Short A (3c),14578,3,87468,390,0.45,0,390,0.45,-195,-0.22,20115,2.01,8
242,Exit short,2021-10-06 09:10,S-TP1,14571.25,3,86977.5,-450,-0.52,0,57,0.07,-450,-0.52,19665,1.97,2
242,Entry short,2021-10-06 09:00,ORB Short A (3c),14496.25,3,86977.5,-450,-0.52,0,57,0.07,-450,-0.52,19665,1.97,2
243,Exit short,2021-10-08 15:25,EOD Close,14795.75,3,88962,187.5,0.21,0,216,0.24,-294,-0.33,19852.5,1.99,69
243,Entry short,2021-10-08 09:40,ORB Short A (3c),14827,3,88962,187.5,0.21,0,216,0.24,-294,-0.33,19852.5,1.99,69
244,Exit long,2021-10-11 12:25,L-TP1,14772.75,2,59391,-300,-0.51,0,196,0.33,-300,-0.51,19552.5,1.96,44
244,Entry long,2021-10-11 08:45,ORB Long B (2c),14847.75,2,59391,-300,-0.51,0,196,0.33,-300,-0.51,19552.5,1.96,44
245,Exit short,2021-10-12 15:00,S-TP1,14615,3,88110,420,0.48,0,420,0.48,-286.5,-0.33,19972.5,2.00,75
245,Entry short,2021-10-12 08:45,ORB Short A (3c),14685,3,88110,420,0.48,0,420,0.48,-286.5,-0.33,19972.5,2.00,75
246,Exit short,2021-10-13 12:30,S-TP1,14753.5,2,58714,-300,-0.51,0,69,0.12,-300,-0.51,19672.5,1.97,40
246,Entry short,2021-10-13 09:10,ORB Short B (2c),14678.5,2,58714,-300,-0.51,0,69,0.12,-300,-0.51,19672.5,1.97,40
247,Exit long,2021-10-14 11:15,L-TP1,15038,2,59892,260,0.43,0,260,0.43,-30,-0.05,19932.5,1.99,27
247,Entry long,2021-10-14 09:00,ORB Long B (2c),14973,2,59892,260,0.43,0,260,0.43,-30,-0.05,19932.5,1.99,27
248,Exit long,2021-10-18 12:15,L-TP1,15235,3,90808.5,601.5,0.66,0,601.5,0.66,-79.5,-0.09,20534,2.05,42
248,Entry long,2021-10-18 08:45,ORB Long A+ (3c),15134.75,3,90808.5,601.5,0.66,0,601.5,0.66,-79.5,-0.09,20534,2.05,42
249,Exit long,2021-10-19 15:25,EOD Close,15423,3,92131.5,406.5,0.44,0,439.5,0.48,-262.5,-0.28,20940.5,2.09,79
249,Entry long,2021-10-19 08:50,ORB Long A (3c),15355.25,3,92131.5,406.5,0.44,0,439.5,0.48,-262.5,-0.28,20940.5,2.09,79
250,Exit short,2021-10-22 10:20,S-TP1,15338,2,61612,260,0.42,0,260,0.42,-243,-0.39,21200.5,2.12,19
250,Entry short,2021-10-22 08:45,ORB Short B (2c),15403,2,61612,260,0.42,0,260,0.42,-243,-0.39,21200.5,2.12,19
251,Exit long,2021-10-25 13:30,L-TP1,15535,2,61745,395,0.64,0,395,0.64,-9,-0.01,21595.5,2.16,31
251,Entry long,2021-10-25 10:55,ORB Long C+ (2c),15436.25,2,61745,395,0.64,0,395,0.64,-9,-0.01,21595.5,2.16,31
252,Exit long,2021-10-26 10:35,L-TP1,15599.5,2,62698,-300,-0.48,0,106,0.17,-300,-0.48,21295.5,2.13,17
252,Entry long,2021-10-26 09:10,ORB Long B (2c),15674.5,2,62698,-300,-0.48,0,106,0.17,-300,-0.48,21295.5,2.13,17
253,Exit long,2021-10-27 12:05,L-TP1,15694.5,3,93777,390,0.42,0,390,0.42,-405,-0.43,21685.5,2.17,40
253,Entry long,2021-10-27 08:45,ORB Long A+ (3c),15629.5,3,93777,390,0.42,0,390,0.42,-405,-0.43,21685.5,2.17,40
254,Exit long,2021-10-28 15:25,EOD Close,15716,2,62766,98,0.16,0,345,0.55,-142,-0.23,21783.5,2.18,76
254,Entry long,2021-10-28 09:05,ORB Long C+ (2c),15691.5,2,62766,98,0.16,0,345,0.55,-142,-0.23,21783.5,2.18,76
255,Exit long,2021-10-29 11:10,L-TP1,15762.75,3,94102.5,474,0.50,0,474,0.50,-99,-0.11,22257.5,2.23,28
255,Entry long,2021-10-29 08:50,ORB Long A (3c),15683.75,3,94102.5,474,0.50,0,474,0.50,-99,-0.11,22257.5,2.23,28
256,Exit short,2021-11-01 14:55,S-TP1,15879.25,2,63217,-300,-0.47,0,142,0.22,-300,-0.47,21957.5,2.20,74
256,Entry short,2021-11-01 08:45,ORB Short B (2c),15804.25,2,63217,-300,-0.47,0,142,0.22,-300,-0.47,21957.5,2.20,74
257,Exit long,2021-11-02 15:25,EOD Close,15959.75,3,95755.5,3,0.00,0,126,0.13,-390,-0.41,21960.5,2.20,80
257,Entry long,2021-11-02 08:45,ORB Long A (3c),15959.25,3,95755.5,3,0.00,0,126,0.13,-390,-0.41,21960.5,2.20,80
258,Exit long,2021-11-04 12:40,L-TP1,16335,3,97353,657,0.67,0,657,0.67,-33,-0.03,22617.5,2.26,47
258,Entry long,2021-11-04 08:45,ORB Long A (3c),16225.5,3,97353,657,0.67,0,657,0.67,-33,-0.03,22617.5,2.26,47
259,Exit short,2021-11-05 12:25,S-TP1,16318.25,2,65538,265,0.40,0,265,0.40,-49,-0.07,22882.5,2.29,8
259,Entry short,2021-11-05 11:45,ORB Short C (2c),16384.5,2,65538,265,0.40,0,265,0.40,-49,-0.07,22882.5,2.29,8
260,Exit short,2021-11-08 15:25,EOD Close,16321.25,2,65300,15,0.02,0,92,0.14,-231,-0.35,22897.5,2.29,77
260,Entry short,2021-11-08 09:00,ORB Short B (2c),16325,2,65300,15,0.02,0,92,0.14,-231,-0.35,22897.5,2.29,77
261,Exit long,2021-11-10 09:10,L-TP1,16202.75,3,96826.5,390,0.40,0,390,0.40,-148.5,-0.15,23287.5,2.33,5
261,Entry long,2021-11-10 08:45,ORB Long A (3c),16137.75,3,96826.5,390,0.40,0,390,0.40,-148.5,-0.15,23287.5,2.33,5
262,Exit long,2021-11-12 10:15,L-TP1,16172,2,64347,341,0.53,0,341,0.53,-17,-0.03,23628.5,2.36,6
262,Entry long,2021-11-12 09:45,ORB Long B (2c),16086.75,2,64347,341,0.53,0,341,0.53,-17,-0.03,23628.5,2.36,6
263,Exit long,2021-11-16 15:25,EOD Close,16299,3,97531.5,262.5,0.27,0,411,0.42,-58.5,-0.06,23891,2.39,65
263,Entry long,2021-11-16 10:00,ORB Long B+ (3c),16255.25,3,97531.5,262.5,0.27,0,411,0.42,-58.5,-0.06,23891,2.39,65
264,Exit long,2021-11-18 09:10,L-TP1,16337.25,3,98473.5,-450,-0.46,0,40.5,0.04,-450,-0.46,23441,2.34,5
264,Entry long,2021-11-18 08:45,ORB Long A (3c),16412.25,3,98473.5,-450,-0.46,0,40.5,0.04,-450,-0.46,23441,2.34,5
265,Exit long,2021-11-18 15:25,EOD Close,16489.25,3,98583,352.5,0.36,0,438,0.44,-142.5,-0.14,23793.5,2.38,59
265,Entry long,2021-11-18 10:30,ORB Long B+ (3c),16430.5,3,98583,352.5,0.36,0,438,0.44,-142.5,-0.14,23793.5,2.38,59
266,Exit long,2021-11-19 15:25,EOD Close,16580.75,3,99480,4.5,0.00,0,291,0.29,-277.5,-0.28,23798,2.38,80
266,Entry long,2021-11-19 08:45,ORB Long A (3c),16580,3,99480,4.5,0.00,0,291,0.29,-277.5,-0.28,23798,2.38,80
267,Exit long,2021-11-22 10:05,L-TP1,16655,3,100380,-450,-0.45,0,225,0.22,-450,-0.45,23348,2.33,16
267,Entry long,2021-11-22 08:45,ORB Long A (3c),16730,3,100380,-450,-0.45,0,225,0.22,-450,-0.45,23348,2.33,16
268,Exit long,2021-11-23 09:05,L-TP1,16328,3,98418,-450,-0.46,0,94.5,0.10,-450,-0.46,22898,2.29,4
268,Entry long,2021-11-23 08:45,ORB Long B+ (3c),16403,3,98418,-450,-0.46,0,94.5,0.10,-450,-0.46,22898,2.29,4
269,Exit long,2021-11-24 10:15,L-TP1,16290,3,97350,390,0.40,0,390,0.40,-408,-0.42,23288,2.33,15
269,Entry long,2021-11-24 09:00,ORB Long B+ (3c),16225,3,97350,390,0.40,0,390,0.40,-408,-0.42,23288,2.33,15
270,Exit long,2021-11-29 11:20,L-TP1,16385,3,97788,522,0.53,0,522,0.53,-432,-0.44,23810,2.38,29
270,Entry long,2021-11-29 08:55,ORB Long A+ (3c),16298,3,97788,522,0.53,0,522,0.53,-432,-0.44,23810,2.38,29
271,Exit long,2021-11-30 09:45,L-TP1,16314.5,3,98337,-450,-0.46,0,402,0.41,-450,-0.46,23360,2.34,11
271,Entry long,2021-11-30 08:50,ORB Long A (3c),16389.5,3,98337,-450,-0.46,0,402,0.41,-450,-0.46,23360,2.34,11
272,Exit long,2021-12-01 09:40,L-TP1,16296.5,3,98229,-450,-0.46,0,36,0.04,-450,-0.46,22910,2.29,7
272,Entry long,2021-12-01 09:05,ORB Long B+ (3c),16371.5,3,98229,-450,-0.46,0,36,0.04,-450,-0.46,22910,2.29,7
273,Exit long,2021-12-01 10:15,L-TP1,16421.75,2,65427,260,0.40,0,260,0.40,-39,-0.06,23170,2.32,6
273,Entry long,2021-12-01 09:45,ORB Long B (2c),16356.75,2,65427,260,0.40,0,260,0.40,-39,-0.06,23170,2.32,6
274,Exit long,2021-12-01 11:50,L-TP1,16287.75,3,98176.5,-450,-0.46,0,76.5,0.08,-450,-0.46,22720,2.27,10
274,Entry long,2021-12-01 11:00,ORB Long B+ (3c),16362.75,3,98176.5,-450,-0.46,0,76.5,0.08,-450,-0.46,22720,2.27,10
275,Exit short,2021-12-03 08:50,S-TP1,15841.5,3,95502,453,0.47,0,453,0.47,-165,-0.17,23173,2.32,1
275,Entry short,2021-12-03 08:45,ORB Short A (3c),15917,3,95502,453,0.47,0,453,0.47,-165,-0.17,23173,2.32,1
276,Exit long,2021-12-08 15:25,EOD Close,16383.5,2,65342,192,0.29,0,248,0.38,-94,-0.14,23365,2.34,45
276,Entry long,2021-12-08 11:40,ORB Long B (2c),16335.5,2,65342,192,0.29,0,248,0.38,-94,-0.14,23365,2.34,45
277,Exit short,2021-12-13 09:40,S-TP1,16183.5,2,65041,307,0.47,0,307,0.47,-207,-0.32,23672,2.37,10
277,Entry short,2021-12-13 08:50,ORB Short B (2c),16260.25,2,65041,307,0.47,0,307,0.47,-207,-0.32,23672,2.37,10
278,Exit short,2021-12-15 11:15,S-TP1,15749.5,2,63325,327,0.52,0,327,0.52,-315,-0.50,23999,2.40,30
278,Entry short,2021-12-15 08:45,ORB Short A (2c),15831.25,2,63325,327,0.52,0,327,0.52,-315,-0.50,23999,2.40,30
279,Exit short,2021-12-20 13:15,S-TP1,15612.25,2,62072,-377,-0.61,0,105,0.17,-377,-0.61,23622,2.36,39
279,Entry short,2021-12-20 10:00,ORB Short B+ (2c),15518,2,62072,-377,-0.61,0,105,0.17,-377,-0.61,23622,2.36,39
280,Exit short,2021-12-21 10:40,S-TP1,15778.75,2,62740,-375,-0.60,0,319,0.51,-375,-0.60,23247,2.32,23
280,Entry short,2021-12-21 08:45,ORB Short A (2c),15685,2,62740,-375,-0.60,0,319,0.51,-375,-0.60,23247,2.32,23
281,Exit long,2021-12-27 10:10,L-TP1,16535,2,65830,310,0.47,0,310,0.47,-25,-0.04,23557,2.36,14
281,Entry long,2021-12-27 09:00,ORB Long A (2c),16457.5,2,65830,310,0.47,0,310,0.47,-25,-0.04,23557,2.36,14
282,Exit short,2021-12-28 15:25,EOD Close,16521,2,66080,-4,-0.01,0,267,0.40,-259,-0.39,23553,2.36,76
282,Entry short,2021-12-28 09:05,ORB Short B (2c),16520,2,66080,-4,-0.01,0,267,0.40,-259,-0.39,23553,2.36,76
283,Exit long,2021-12-30 14:40,L-TP1,16461,3,99229.5,-463.5,-0.47,0,175.5,0.18,-463.5,-0.47,23089.5,2.31,67
283,Entry long,2021-12-30 09:05,ORB Long A (3c),16538.25,3,99229.5,-463.5,-0.47,0,175.5,0.18,-463.5,-0.47,23089.5,2.31,67
284,Exit short,2022-01-06 09:15,S-TP1,15716.25,2,62565,-300,-0.48,0,171,0.27,-300,-0.48,22789.5,2.28,3
284,Entry short,2022-01-06 09:00,ORB Short B (2c),15641.25,2,62565,-300,-0.48,0,171,0.27,-300,-0.48,22789.5,2.28,3
285,Exit short,2022-01-07 09:45,S-TP1,15565,3,93942,552,0.59,0,552,0.59,-183,-0.19,23341.5,2.33,5
285,Entry short,2022-01-07 09:20,ORB Short B+ (3c),15657,3,93942,552,0.59,0,552,0.59,-183,-0.19,23341.5,2.33,5
286,Exit short,2022-01-10 09:10,S-TP1,15215,3,91734,444,0.48,0,444,0.48,-24,-0.03,23785.5,2.38,4
286,Entry short,2022-01-10 08:50,ORB Short A+ (3c),15289,3,91734,444,0.48,0,444,0.48,-24,-0.03,23785.5,2.38,4
287,Exit short,2022-01-10 11:20,S-TP1,15213,3,91668,390,0.43,0,390,0.43,-159,-0.17,24175.5,2.42,9
287,Entry short,2022-01-10 10:35,ORB Short A (3c),15278,3,91668,390,0.43,0,390,0.43,-159,-0.17,24175.5,2.42,9
288,Exit short,2022-01-10 12:20,S-TP1,15352.5,3,91665,-450,-0.49,0,58.5,0.06,-450,-0.49,23725.5,2.37,5
288,Entry short,2022-01-10 11:55,ORB Short A (3c),15277.5,3,91665,-450,-0.49,0,58.5,0.06,-450,-0.49,23725.5,2.37,5
289,Exit short,2022-01-12 10:05,S-TP1,15821,2,63544,260,0.41,0,260,0.41,-83,-0.13,23985.5,2.40,6
289,Entry short,2022-01-12 09:35,ORB Short B (2c),15886,2,63544,260,0.41,0,260,0.41,-83,-0.13,23985.5,2.40,6
290,Exit short,2022-01-12 15:25,EOD Close,15912.5,2,63572,-78,-0.12,0,146,0.23,-240,-0.38,23907.5,2.39,57
290,Entry short,2022-01-12 10:40,ORB Short B (2c),15893,2,63572,-78,-0.12,0,146,0.23,-240,-0.38,23907.5,2.39,57
291,Exit short,2022-01-13 09:15,S-TP1,15835,2,63626,286,0.45,0,286,0.45,-33,-0.05,24193.5,2.42,3
291,Entry short,2022-01-13 09:00,ORB Short B (2c),15906.5,2,63626,286,0.45,0,286,0.45,-33,-0.05,24193.5,2.42,3
292,Exit short,2022-01-18 10:50,S-TP1,15341.25,3,91597.5,-450,-0.49,0,19.5,0.02,-450,-0.49,23743.5,2.37,4
292,Entry short,2022-01-18 10:30,ORB Short B+ (3c),15266.25,3,91597.5,-450,-0.49,0,19.5,0.02,-450,-0.49,23743.5,2.37,4
293,Exit short,2022-01-18 15:25,EOD Close,15225.75,3,91620,265.5,0.29,0,595.5,0.65,-355.5,-0.39,24009,2.40,46
293,Entry short,2022-01-18 11:35,ORB Short B+ (3c),15270,3,91620,265.5,0.29,0,595.5,0.65,-355.5,-0.39,24009,2.40,46
294,Exit long,2022-01-19 09:30,L-TP1,15265.25,2,61372,-311,-0.51,0,117,0.19,-311,-0.51,23698,2.37,8
294,Entry long,2022-01-19 08:50,ORB Long B (2c),15343,2,61372,-311,-0.51,0,117,0.19,-311,-0.51,23698,2.37,8
295,Exit short,2022-01-19 10:10,S-TP1,15143.5,3,91281,420,0.46,0,420,0.46,-81,-0.09,24118,2.41,7
295,Entry short,2022-01-19 09:35,ORB Short A (3c),15213.5,3,91281,420,0.46,0,420,0.46,-81,-0.09,24118,2.41,7
296,Exit short,2022-01-21 09:20,S-TP1,14565,2,58629,369,0.63,0,369,0.63,-118,-0.20,24487,2.45,6
296,Entry short,2022-01-21 08:50,ORB Short A (2c),14657.25,2,58629,369,0.63,0,369,0.63,-118,-0.20,24487,2.45,6
297,Exit short,2022-01-21 13:25,S-TP1,14565,2,58640,380,0.65,0,380,0.65,-331,-0.56,24867,2.49,31
297,Entry short,2022-01-21 10:50,ORB Short B+ (2c),14660,2,58640,380,0.65,0,380,0.65,-331,-0.56,24867,2.49,31
298,Exit short,2022-01-24 09:10,S-TP1,14012,2,56386,338,0.60,0,338,0.60,-287,-0.51,25205,2.52,3
298,Entry short,2022-01-24 08:55,ORB Short A (2c),14096.5,2,56386,338,0.60,0,338,0.60,-287,-0.51,25205,2.52,3
299,Exit short,2022-01-24 10:05,S-TP1,14015,2,56439,379,0.67,0,379,0.67,-149,-0.26,25584,2.56,6
299,Entry short,2022-01-24 09:35,ORB Short B (2c),14109.75,2,56439,379,0.67,0,379,0.67,-149,-0.26,25584,2.56,6
300,Exit short,2022-01-25 10:15,S-TP1,14065,2,56735,475,0.84,0,475,0.84,-237,-0.42,26059,2.61,9
300,Entry short,2022-01-25 09:30,ORB Short A (2c),14183.75,2,56735,475,0.84,0,475,0.84,-237,-0.42,26059,2.61,9
301,Exit short,2022-01-26 10:20,S-TP1,14456,2,57390,-434,-0.76,0,87,0.15,-434,-0.76,25625,2.56,8
301,Entry short,2022-01-26 09:40,ORB Short B (2c),14347.5,2,57390,-434,-0.76,0,87,0.15,-434,-0.76,25625,2.56,8
302,Exit short,2022-02-01 10:00,S-TP1,14878,2,59029,-483,-0.82,0,112,0.19,-483,-0.82,25142,2.51,12
302,Entry short,2022-02-01 09:00,ORB Short A+ (2c),14757.25,2,59029,-483,-0.82,0,112,0.19,-483,-0.82,25142,2.51,12
303,Exit short,2022-02-03 14:45,S-TP1,14515,2,58666,606,1.03,0,606,1.03,-184,-0.31,25748,2.57,46
303,Entry short,2022-02-03 10:55,ORB Short B+ (2c),14666.5,2,58666,606,1.03,0,606,1.03,-184,-0.31,25748,2.57,46
304,Exit short,2022-02-07 14:55,S-TP1,14515,2,58638,578,0.99,0,578,0.99,-270,-0.46,26326,2.63,55
304,Entry short,2022-02-07 10:20,ORB Short B (2c),14659.5,2,58638,578,0.99,0,578,0.99,-270,-0.46,26326,2.63,55
305,Exit short,2022-02-08 09:45,S-TP1,14589.25,2,57918,-439,-0.76,0,47,0.08,-439,-0.76,25887,2.59,9
305,Entry short,2022-02-08 09:00,ORB Short A (2c),14479.5,2,57918,-439,-0.76,0,47,0.08,-439,-0.76,25887,2.59,9
306,Exit short,2022-02-11 10:40,S-TP1,14526.25,2,58556,451,0.77,0,451,0.77,-343,-0.59,26338,2.63,21
306,Entry short,2022-02-11 08:55,ORB Short A+ (2c),14639,2,58556,451,0.77,0,451,0.77,-343,-0.59,26338,2.63,21
307,Exit short,2022-02-15 12:55,S-TP1,14543.75,2,57732,-443,-0.77,0,9,0.02,-443,-0.77,25895,2.59,14
307,Entry short,2022-02-15 11:45,ORB Short B+ (2c),14433,2,57732,-443,-0.77,0,9,0.02,-443,-0.77,25895,2.59,14
308,Exit short,2022-02-16 13:00,S-TP1,14504.5,2,57596,-422,-0.73,0,56,0.10,-422,-0.73,25473,2.55,50
308,Entry short,2022-02-16 08:50,ORB Short A (2c),14399,2,57596,-422,-0.73,0,56,0.10,-422,-0.73,25473,2.55,50
309,Exit short,2022-02-17 11:10,S-TP1,14315,2,57720,460,0.80,0,460,0.80,-6,-0.01,25933,2.59,29
309,Entry short,2022-02-17 08:45,ORB Short B (2c),14430,2,57720,460,0.80,0,460,0.80,-6,-0.01,25933,2.59,29
310,Exit short,2022-02-18 10:55,S-TP1,13965,2,56264,404,0.72,0,404,0.72,-40,-0.07,26337,2.63,17
310,Entry short,2022-02-18 09:30,ORB Short B (2c),14066,2,56264,404,0.72,0,404,0.72,-40,-0.07,26337,2.63,17
311,Exit short,2022-02-21 11:45,EOD Close (Early/Half-Day),13752.25,2,55208,199,0.36,0,215,0.39,-97,-0.18,26536,2.65,24
311,Entry short,2022-02-21 09:45,ORB Short B+ (2c),13802,2,55208,199,0.36,0,215,0.39,-97,-0.18,26536,2.65,24
312,Exit short,2022-02-22 12:50,S-TP1,13765,2,55412,352,0.64,0,352,0.64,-221,-0.40,26888,2.69,24
312,Entry short,2022-02-22 10:50,ORB Short B+ (2c),13853,2,55412,352,0.64,0,352,0.64,-221,-0.40,26888,2.69,24
313,Exit short,2022-02-23 09:30,S-TP1,13789.5,2,55587,429,0.77,0,429,0.77,-118,-0.21,27317,2.73,8
313,Entry short,2022-02-23 08:50,ORB Short A+ (2c),13896.75,2,55587,429,0.77,0,429,0.77,-118,-0.21,27317,2.73,8
314,Exit short,2022-02-25 09:20,S-TP1,13973.75,2,55470,-425,-0.77,0,142,0.26,-425,-0.77,26892,2.69,5
314,Entry short,2022-02-25 08:55,ORB Short A (2c),13867.5,2,55470,-425,-0.77,0,142,0.26,-425,-0.77,26892,2.69,5
315,Exit short,2022-03-01 11:05,S-TP1,14015,2,56606,546,0.96,0,546,0.96,-238,-0.42,27438,2.74,14
315,Entry short,2022-03-01 09:55,ORB Short B (2c),14151.5,2,56606,546,0.96,0,546,0.96,-238,-0.42,27438,2.74,14
316,Exit short,2022-03-02 09:25,S-TP1,14103.75,2,55963,-452,-0.81,0,160,0.29,-452,-0.81,26986,2.70,4
316,Entry short,2022-03-02 09:05,ORB Short B+ (2c),13990.75,2,55963,-452,-0.81,0,160,0.29,-452,-0.81,26986,2.70,4
317,Exit short,2022-03-03 09:35,S-TP1,14115,2,56972,512,0.90,0,512,0.90,-185,-0.32,27498,2.75,10
317,Entry short,2022-03-03 08:45,ORB Short B+ (2c),14243,2,56972,512,0.90,0,512,0.90,-185,-0.32,27498,2.75,10
318,Exit short,2022-03-04 15:25,EOD Close,13808,2,55374,142,0.26,0,440,0.79,-430,-0.78,27640,2.76,80
318,Entry short,2022-03-04 08:45,ORB Short A (2c),13843.5,2,55374,142,0.26,0,440,0.79,-430,-0.78,27640,2.76,80
319,Exit short,2022-03-08 09:50,S-TP1,13297,2,52732,-456,-0.86,0,236,0.45,-456,-0.86,27184,2.72,10
319,Entry short,2022-03-08 09:00,ORB Short A (2c),13183,2,52732,-456,-0.86,0,236,0.45,-456,-0.86,27184,2.72,10
320,Exit short,2022-03-08 11:05,S-TP1,13323,2,52836,-456,-0.86,0,360,0.68,-456,-0.86,26728,2.67,9
320,Entry short,2022-03-08 10:20,ORB Short B+ (2c),13209,2,52836,-456,-0.86,0,360,0.68,-456,-0.86,26728,2.67,9
321,Exit short,2022-03-10 13:00,S-TP1,13597.75,2,53901,-490,-0.91,0,316,0.59,-490,-0.91,26238,2.62,42
321,Entry short,2022-03-10 09:30,ORB Short B (2c),13475.25,2,53901,-490,-0.91,0,316,0.59,-490,-0.91,26238,2.62,42
322,Exit short,2022-03-11 10:25,S-TP1,13477.25,2,54407,498,0.92,0,498,0.92,-22,-0.04,26736,2.67,19
322,Entry short,2022-03-11 08:50,ORB Short A+ (2c),13601.75,2,54407,498,0.92,0,498,0.92,-22,-0.04,26736,2.67,19
323,Exit short,2022-03-14 12:30,S-TP1,13040.75,2,52802,639,1.21,0,639,1.21,-12,-0.02,27375,2.74,22
323,Entry short,2022-03-14 10:40,ORB Short A (2c),13200.5,2,52802,639,1.21,0,639,1.21,-12,-0.02,27375,2.74,22
324,Exit long,2022-03-15 10:10,L-TP1,13332.5,2,52867,463,0.88,0,463,0.88,-224,-0.42,27838,2.78,14
324,Entry long,2022-03-15 09:00,ORB Long B (2c),13216.75,2,52867,463,0.88,0,463,0.88,-224,-0.42,27838,2.78,14
325,Exit long,2022-03-17 09:10,L-TP1,14010.75,2,55658,385,0.69,0,385,0.69,-5,-0.01,28223,2.82,4
325,Entry long,2022-03-17 08:50,ORB Long B (2c),13914.5,2,55658,385,0.69,0,385,0.69,-5,-0.01,28223,2.82,4
326,Exit long,2022-03-17 12:25,L-TP1,14010.75,2,55685,358,0.64,0,358,0.64,-69,-0.12,28581,2.86,19
326,Entry long,2022-03-17 10:50,ORB Long B (2c),13921.25,2,55685,358,0.64,0,358,0.64,-69,-0.12,28581,2.86,19
327,Exit long,2022-03-18 09:10,L-TP1,14235,2,56428,512,0.91,0,512,0.91,-62,-0.11,29093,2.91,5
327,Entry long,2022-03-18 08:45,ORB Long B (2c),14107,2,56428,512,0.91,0,512,0.91,-62,-0.11,29093,2.91,5
328,Exit short,2022-03-21 12:15,S-TP1,14215,2,57307,447,0.78,0,447,0.78,-88,-0.15,29540,2.95,9
328,Entry short,2022-03-21 11:30,ORB Short B (2c),14326.75,2,57307,447,0.78,0,447,0.78,-88,-0.15,29540,2.95,9
329,Exit long,2022-03-22 09:45,L-TP1,14635,2,58123,417,0.72,0,417,0.72,-49,-0.08,29957,3.00,9
329,Entry long,2022-03-22 09:00,ORB Long A (2c),14530.75,2,58123,417,0.72,0,417,0.72,-49,-0.08,29957,3.00,9
330,Exit long,2022-03-23 11:00,L-TP1,14661,2,58254,390,0.67,0,390,0.67,-143,-0.25,30347,3.03,22
330,Entry long,2022-03-23 09:10,ORB Long B+ (2c),14563.5,2,58254,390,0.67,0,390,0.67,-143,-0.25,30347,3.03,22
331,Exit long,2022-03-24 10:40,L-TP1,14661,2,58253,391,0.67,0,391,0.67,-52,-0.09,30738,3.07,6
331,Entry long,2022-03-24 10:10,ORB Long B+ (2c),14563.25,2,58253,391,0.67,0,391,0.67,-52,-0.09,30738,3.07,6
332,Exit long,2022-03-25 10:05,L-TP1,14693.5,2,59171,-397,-0.67,0,59,0.10,-397,-0.67,30341,3.03,5
332,Entry long,2022-03-25 09:40,ORB Long B (2c),14792.75,2,59171,-397,-0.67,0,59,0.10,-397,-0.67,30341,3.03,5
333,Exit long,2022-03-28 09:20,L-TP1,14788.25,2,59552,-399,-0.67,0,10,0.02,-399,-0.67,29942,2.99,5
333,Entry long,2022-03-28 08:55,ORB Long A (2c),14888,2,59552,-399,-0.67,0,10,0.02,-399,-0.67,29942,2.99,5
334,Exit long,2022-03-30 10:05,L-TP1,15126.5,3,91216.5,-457.5,-0.50,0,193.5,0.21,-457.5,-0.50,29484.5,2.95,16
334,Entry long,2022-03-30 08:45,ORB Long B+ (3c),15202.75,3,91216.5,-457.5,-0.50,0,193.5,0.21,-457.5,-0.50,29484.5,2.95,16
335,Exit long,2022-04-04 10:00,L-TP1,15085,2,60020,320,0.53,0,320,0.53,0,0.00,29804.5,2.98,15
335,Entry long,2022-04-04 08:45,ORB Long B+ (2c),15005,2,60020,320,0.53,0,320,0.53,0,0.00,29804.5,2.98,15
336,Exit short,2022-04-11 14:35,S-TP1,14013.75,2,56319,264,0.47,0,264,0.47,-207,-0.37,30068.5,3.01,62
336,Entry short,2022-04-11 09:25,ORB Short B (2c),14079.75,2,56319,264,0.47,0,264,0.47,-207,-0.37,30068.5,3.01,62
337,Exit short,2022-04-12 10:25,S-TP1,14183.75,3,84648,-454.5,-0.54,0,150,0.18,-454.5,-0.54,29614,2.96,8
337,Entry short,2022-04-12 09:45,ORB Short B+ (3c),14108,3,84648,-454.5,-0.54,0,150,0.18,-454.5,-0.54,29614,2.96,8
338,Exit short,2022-04-12 12:40,S-TP1,14046,3,84670.5,394.5,0.47,0,394.5,0.47,-276,-0.33,30008.5,3.00,18
338,Entry short,2022-04-12 11:10,ORB Short B+ (3c),14111.75,3,84670.5,394.5,0.47,0,394.5,0.47,-276,-0.33,30008.5,3.00,18
339,Exit long,2022-04-13 10:00,L-TP1,14135,2,56189,351,0.62,0,351,0.62,-215,-0.38,30359.5,3.04,15
339,Entry long,2022-04-13 08:45,ORB Long B (2c),14047.25,2,56189,351,0.62,0,351,0.62,-215,-0.38,30359.5,3.04,15
340,Exit short,2022-04-14 09:05,S-TP1,14046.75,3,84693,412.5,0.49,0,412.5,0.49,-153,-0.18,30772,3.08,3
340,Entry short,2022-04-14 08:50,ORB Short A (3c),14115.5,3,84693,412.5,0.49,0,412.5,0.49,-153,-0.18,30772,3.08,3
341,Exit short,2022-04-18 12:30,S-TP1,13922.5,2,55365,-325,-0.59,0,221,0.40,-325,-0.59,30447,3.04,21
341,Entry short,2022-04-18 10:45,ORB Short B+ (2c),13841.25,2,55365,-325,-0.59,0,221,0.40,-325,-0.59,30447,3.04,21
342,Exit long,2022-04-19 08:55,L-TP1,14004.5,2,55723,295,0.53,0,295,0.53,-82,-0.15,30742,3.07,2
342,Entry long,2022-04-19 08:45,ORB Long B (2c),13930.75,2,55723,295,0.53,0,295,0.53,-82,-0.15,30742,3.07,2
343,Exit short,2022-04-20 11:05,S-TP1,14015,2,56475,415,0.73,0,415,0.73,-120,-0.21,31157,3.12,28
343,Entry short,2022-04-20 08:45,ORB Short A (2c),14118.75,2,56475,415,0.73,0,415,0.73,-120,-0.21,31157,3.12,28
344,Exit short,2022-04-21 09:50,S-TP1,14069.5,2,56591,313,0.55,0,313,0.55,-179,-0.32,31470,3.15,8
344,Entry short,2022-04-21 09:10,ORB Short A (2c),14147.75,2,56591,313,0.55,0,313,0.55,-179,-0.32,31470,3.15,8
345,Exit short,2022-04-22 10:55,S-TP1,13515,2,54429,369,0.68,0,369,0.68,-261,-0.48,31839,3.18,19
345,Entry short,2022-04-22 09:20,ORB Short B (2c),13607.25,2,54429,369,0.68,0,369,0.68,-261,-0.48,31839,3.18,19
346,Exit short,2022-04-25 09:10,S-TP1,13342.25,2,53001,-368,-0.69,0,20,0.04,-368,-0.69,31471,3.15,3
346,Entry short,2022-04-25 08:55,ORB Short A (2c),13250.25,2,53001,-368,-0.69,0,20,0.04,-368,-0.69,31471,3.15,3
347,Exit short,2022-04-25 11:10,S-TP1,13337.75,2,52983,-368,-0.69,0,21,0.04,-368,-0.69,31103,3.11,5
347,Entry short,2022-04-25 10:45,ORB Short B+ (2c),13245.75,2,52983,-368,-0.69,0,21,0.04,-368,-0.69,31103,3.11,5
348,Exit short,2022-04-26 09:00,S-TP1,13215,2,53249,389,0.73,0,389,0.73,-43,-0.08,31492,3.15,3
348,Entry short,2022-04-26 08:45,ORB Short A+ (2c),13312.25,2,53249,389,0.73,0,389,0.73,-43,-0.08,31492,3.15,3
349,Exit short,2022-04-27 09:45,S-TP1,13103.5,2,52022,-392,-0.75,0,300,0.58,-392,-0.75,31100,3.11,7
349,Entry short,2022-04-27 09:10,ORB Short B+ (2c),13005.5,2,52022,-392,-0.75,0,300,0.58,-392,-0.75,31100,3.11,7
350,Exit short,2022-04-28 09:20,S-TP1,13186.5,2,52359,-387,-0.74,0,71,0.14,-387,-0.74,30713,3.07,4
350,Entry short,2022-04-28 09:00,ORB Short A+ (2c),13089.75,2,52359,-387,-0.74,0,71,0.14,-387,-0.74,30713,3.07,4
351,Exit short,2022-04-29 11:00,S-TP1,13131,2,52885,361,0.68,0,361,0.68,-144,-0.27,31074,3.11,17
351,Entry short,2022-04-29 09:35,ORB Short A (2c),13221.25,2,52885,361,0.68,0,361,0.68,-144,-0.27,31074,3.11,17
352,Exit short,2022-05-04 09:15,S-TP1,12956,2,52170,346,0.66,0,346,0.66,-56,-0.11,31420,3.14,5
352,Entry short,2022-05-04 08:50,ORB Short B (2c),13042.5,2,52170,346,0.66,0,346,0.66,-56,-0.11,31420,3.14,5
353,Exit short,2022-05-05 09:00,S-TP1,13124.25,2,52885,388,0.73,0,388,0.73,-35,-0.07,31808,3.18,3
353,Entry short,2022-05-05 08:45,ORB Short B+ (2c),13221.25,2,52885,388,0.73,0,388,0.73,-35,-0.07,31808,3.18,3
354,Exit short,2022-05-06 09:05,S-TP1,12656.25,2,50169,-456,-0.91,0,92,0.18,-456,-0.91,31352,3.14,3
354,Entry short,2022-05-06 08:50,ORB Short A (2c),12542.25,2,50169,-456,-0.91,0,92,0.18,-456,-0.91,31352,3.14,3
355,Exit short,2022-05-09 10:30,S-TP1,12265,2,49491,431,0.87,0,431,0.87,-290,-0.59,31783,3.18,17
355,Entry short,2022-05-09 09:05,ORB Short B (2c),12372.75,2,49491,431,0.87,0,431,0.87,-290,-0.59,31783,3.18,17
356,Exit short,2022-05-10 09:00,S-TP1,12467.25,2,49394,-475,-0.96,0,21,0.04,-475,-0.96,31308,3.13,3
356,Entry short,2022-05-10 08:45,ORB Short A (2c),12348.5,2,49394,-475,-0.96,0,21,0.04,-475,-0.96,31308,3.13,3
357,Exit short,2022-05-10 09:50,S-TP1,12261.25,2,49480,435,0.88,0,435,0.88,-8,-0.02,31743,3.17,3
357,Entry short,2022-05-10 09:35,ORB Short B (2c),12370,2,49480,435,0.88,0,435,0.88,-8,-0.02,31743,3.17,3
358,Exit short,2022-05-11 12:55,S-TP1,12015,2,48543,483,0.99,0,483,0.99,-29,-0.06,32226,3.22,12
358,Entry short,2022-05-11 11:55,ORB Short B+ (2c),12135.75,2,48543,483,0.99,0,483,0.99,-29,-0.06,32226,3.22,12
359,Exit short,2022-05-16 09:15,S-TP1,12353,2,48921,-491,-1.00,0,108,0.22,-491,-1.00,31735,3.17,6
359,Entry short,2022-05-16 08:45,ORB Short B+ (2c),12230.25,2,48921,-491,-1.00,0,108,0.22,-491,-1.00,31735,3.17,6
360,Exit short,2022-05-16 10:55,S-TP1,12330.75,2,48832,-491,-1.01,0,73,0.15,-491,-1.01,31244,3.12,12
360,Entry short,2022-05-16 09:55,ORB Short B (2c),12208,2,48832,-491,-1.01,0,73,0.15,-491,-1.01,31244,3.12,12
361,Exit short,2022-05-17 09:45,S-TP1,12334.25,2,49721,384,0.77,0,384,0.77,-148,-0.30,31628,3.16,8
361,Entry short,2022-05-17 09:05,ORB Short B (2c),12430.25,2,49721,384,0.77,0,384,0.77,-148,-0.30,31628,3.16,8
362,Exit short,2022-05-18 10:25,S-TP1,12165,2,49195,535,1.09,0,535,1.09,-247,-0.50,32163,3.22,18
362,Entry short,2022-05-18 08:55,ORB Short B+ (2c),12298.75,2,49195,535,1.09,0,535,1.09,-247,-0.50,32163,3.22,18
363,Exit short,2022-05-19 12:55,S-TP1,11978.5,2,47444,-470,-0.99,0,20,0.04,-470,-0.99,31693,3.17,2
363,Entry short,2022-05-19 12:45,ORB Short A (2c),11861,2,47444,-470,-0.99,0,20,0.04,-470,-0.99,31693,3.17,2
364,Exit short,2022-05-20 09:55,S-TP1,11798.75,2,47624,429,0.90,0,429,0.90,-190,-0.40,32122,3.21,10
364,Entry short,2022-05-20 09:05,ORB Short A+ (2c),11906,2,47624,429,0.90,0,429,0.90,-190,-0.40,32122,3.21,10
365,Exit short,2022-05-23 09:30,S-TP1,11921.75,2,47219,-468,-0.99,0,67,0.14,-468,-0.99,31654,3.17,6
365,Entry short,2022-05-23 09:00,ORB Short A (2c),11804.75,2,47219,-468,-0.99,0,67,0.14,-468,-0.99,31654,3.17,6
366,Exit short,2022-05-24 09:10,S-TP1,11606.75,2,46860,433,0.92,0,433,0.92,-158,-0.34,32087,3.21,5
366,Entry short,2022-05-24 08:45,ORB Short A+ (2c),11715,2,46860,433,0.92,0,433,0.92,-158,-0.34,32087,3.21,5
367,Exit long,2022-05-31 15:25,EOD Close,12656,1,25396,-84,-0.33,0,140.5,0.55,-192.5,-0.76,32003,3.20,55
367,Entry long,2022-05-31 10:50,ORB Long C (1c),12698,1,25396,-84,-0.33,0,140.5,0.55,-192.5,-0.76,32003,3.20,55
368,Exit long,2022-06-01 09:05,L-TP1,12708.5,2,51260,-426,-0.83,0,33,0.06,-426,-0.83,31577,3.16,3
368,Entry long,2022-06-01 08:50,ORB Long A (2c),12815,2,51260,-426,-0.83,0,33,0.06,-426,-0.83,31577,3.16,3
369,Exit long,2022-06-02 10:10,L-TP1,12685,2,50272,468,0.93,0,468,0.93,-318,-0.63,32045,3.20,17
369,Entry long,2022-06-02 08:45,ORB Long A+ (2c),12568,2,50272,468,0.93,0,468,0.93,-318,-0.63,32045,3.20,17
370,Exit short,2022-06-03 15:25,EOD Close,12555,1,25161,51,0.20,0,155,0.62,-132.5,-0.53,32096,3.21,70
370,Entry short,2022-06-03 09:35,ORB Short C+ (1c),12580.5,1,25161,51,0.20,0,155,0.62,-132.5,-0.53,32096,3.21,70
371,Exit long,2022-06-06 10:10,L-TP1,12688,2,51157,-405,-0.79,0,85,0.17,-405,-0.79,31691,3.17,14
371,Entry long,2022-06-06 09:00,ORB Long A (2c),12789.25,2,51157,-405,-0.79,0,85,0.17,-405,-0.79,31691,3.17,14
372,Exit long,2022-06-08 11:30,L-TP1,12654.5,2,51020,-402,-0.79,0,114,0.22,-402,-0.79,31289,3.13,33
372,Entry long,2022-06-08 08:45,ORB Long A+ (2c),12755,2,51020,-402,-0.79,0,114,0.22,-402,-0.79,31289,3.13,33
373,Exit short,2022-06-08 15:25,EOD Close,12619,1,25254,16,0.06,0,96,0.38,-62.5,-0.25,31305,3.13,46
373,Entry short,2022-06-08 11:35,ORB Short C (1c),12627,1,25254,16,0.06,0,96,0.38,-62.5,-0.25,31305,3.13,46
374,Exit long,2022-06-09 10:05,L-TP1,12540,2,50527,-367,-0.73,0,166,0.33,-367,-0.73,30938,3.09,15
374,Entry long,2022-06-09 08:50,ORB Long A+ (2c),12631.75,2,50527,-367,-0.73,0,166,0.33,-367,-0.73,30938,3.09,15
375,Exit short,2022-06-10 09:20,S-TP1,11865,2,47870,410,0.86,0,410,0.86,-45,-0.09,31348,3.13,6
375,Entry short,2022-06-10 08:50,ORB Short B+ (2c),11967.5,2,47870,410,0.86,0,410,0.86,-45,-0.09,31348,3.13,6
376,Exit short,2022-06-13 14:15,S-TP1,11315,2,45766,506,1.11,0,506,1.11,-352,-0.77,31854,3.19,61
376,Entry short,2022-06-13 09:10,ORB Short A+ (2c),11441.5,2,45766,506,1.11,0,506,1.11,-352,-0.77,31854,3.19,61
377,Exit short,2022-06-14 10:55,S-TP1,11388.25,2,45166,-387,-0.86,0,28,0.06,-387,-0.86,31467,3.15,15
377,Entry short,2022-06-14 09:40,ORB Short B+ (2c),11291.5,2,45166,-387,-0.86,0,28,0.06,-387,-0.86,31467,3.15,15
378,Exit short,2022-06-16 12:55,S-TP1,11115,2,44935,475,1.06,0,475,1.06,-79,-0.18,31942,3.19,47
378,Entry short,2022-06-16 09:00,ORB Short A (2c),11233.75,2,44935,475,1.06,0,475,1.06,-79,-0.18,31942,3.19,47
379,Exit short,2022-06-17 10:05,S-TP1,11253,2,44616,-396,-0.89,0,135,0.30,-396,-0.89,31546,3.15,7
379,Entry short,2022-06-17 09:30,ORB Short B (2c),11154,2,44616,-396,-0.89,0,135,0.30,-396,-0.89,31546,3.15,7
380,Exit short,2022-06-23 09:00,S-TP1,11656,2,46239,-385,-0.83,0,36,0.08,-385,-0.83,31161,3.12,2
380,Entry short,2022-06-23 08:50,ORB Short B+ (2c),11559.75,2,46239,-385,-0.83,0,36,0.08,-385,-0.83,31161,3.12,2
381,Exit short,2022-06-23 13:30,S-TP1,11656.75,2,46242,-385,-0.83,0,19,0.04,-385,-0.83,30776,3.08,18
381,Entry short,2022-06-23 12:00,ORB Short B (2c),11560.5,2,46242,-385,-0.83,0,19,0.04,-385,-0.83,30776,3.08,18
382,Exit short,2022-06-30 10:05,S-TP1,11507.75,2,45645,-386,-0.85,0,242,0.53,-386,-0.85,30390,3.04,15
382,Entry short,2022-06-30 08:50,ORB Short A (2c),11411.25,2,45645,-386,-0.85,0,242,0.53,-386,-0.85,30390,3.04,15
383,Exit short,2022-07-01 10:05,S-TP1,11509.25,2,45659,-378,-0.83,0,54,0.12,-378,-0.83,30012,3.00,6
383,Entry short,2022-07-01 09:35,ORB Short B (2c),11414.75,2,45659,-378,-0.83,0,54,0.12,-378,-0.83,30012,3.00,6
384,Exit long,2022-07-07 13:05,L-TP1,12135,2,48114,426,0.89,0,426,0.89,-153,-0.32,30438,3.04,52
384,Entry long,2022-07-07 08:45,ORB Long B (2c),12028.5,2,48114,426,0.89,0,426,0.89,-153,-0.32,30438,3.04,52
385,Exit long,2022-07-08 15:25,EOD Close,12165.25,2,48469,192,0.40,0,375,0.77,-313,-0.65,30630,3.06,72
385,Entry long,2022-07-08 09:25,ORB Long B (2c),12117.25,2,48469,192,0.40,0,375,0.77,-313,-0.65,30630,3.06,72
386,Exit short,2022-07-14 09:50,S-TP1,11603,3,69151.5,-466.5,-0.67,0,85.5,0.12,-466.5,-0.67,30163.5,3.02,10
386,Entry short,2022-07-14 09:00,ORB Short A+ (3c),11525.25,3,69151.5,-466.5,-0.67,0,85.5,0.12,-466.5,-0.67,30163.5,3.02,10
387,Exit long,2022-07-14 13:20,L-TP1,11785,2,46788,352,0.75,0,352,0.75,-304,-0.65,30515.5,3.05,32
387,Entry long,2022-07-14 10:40,ORB Long B (2c),11697,2,46788,352,0.75,0,352,0.75,-304,-0.65,30515.5,3.05,32
388,Exit long,2022-07-18 12:30,L-TP1,12089,3,72984,-450,-0.62,0,136.5,0.19,-450,-0.62,30065.5,3.01,45
388,Entry long,2022-07-18 08:45,ORB Long B+ (3c),12164,3,72984,-450,-0.62,0,136.5,0.19,-450,-0.62,30065.5,3.01,45
389,Exit long,2022-07-19 10:00,L-TP1,12165.5,2,48342,320,0.66,0,320,0.66,-34,-0.07,30385.5,3.04,7
389,Entry long,2022-07-19 09:25,ORB Long B (2c),12085.5,2,48342,320,0.66,0,320,0.66,-34,-0.07,30385.5,3.04,7
390,Exit long,2022-07-20 09:45,L-TP1,12435,2,49368,372,0.75,0,372,0.75,-98,-0.20,30757.5,3.08,7
390,Entry long,2022-07-20 09:10,ORB Long B (2c),12342,2,49368,372,0.75,0,372,0.75,-98,-0.20,30757.5,3.08,7
391,Exit long,2022-07-21 14:05,L-TP1,12635,3,75217.5,592.5,0.79,0,592.5,0.79,-174,-0.23,31350,3.14,43
391,Entry long,2022-07-21 10:30,ORB Long B+ (3c),12536.25,3,75217.5,592.5,0.79,0,592.5,0.79,-174,-0.23,31350,3.14,43
392,Exit long,2022-07-22 08:55,L-TP1,12581.25,3,75940.5,-453,-0.60,0,241.5,0.32,-453,-0.60,30897,3.09,2
392,Entry long,2022-07-22 08:45,ORB Long A+ (3c),12656.75,3,75940.5,-453,-0.60,0,241.5,0.32,-453,-0.60,30897,3.09,2
393,Exit short,2022-07-22 10:30,S-TP1,12475.75,2,50232,329,0.65,0,329,0.65,-218,-0.43,31226,3.12,17
393,Entry short,2022-07-22 09:05,ORB Short B (2c),12558,2,50232,329,0.65,0,329,0.65,-218,-0.43,31226,3.12,17
394,Exit long,2022-07-27 11:25,L-TP1,12475.75,3,74355,499.5,0.67,0,499.5,0.67,-121.5,-0.16,31725.5,3.17,32
394,Entry long,2022-07-27 08:45,ORB Long B+ (3c),12392.5,3,74355,499.5,0.67,0,499.5,0.67,-121.5,-0.16,31725.5,3.17,32
395,Exit long,2022-07-28 12:40,L-TP1,12735,3,75993,417,0.55,0,417,0.55,-252,-0.33,32142.5,3.21,27
395,Entry long,2022-07-28 10:25,ORB Long B+ (3c),12665.5,3,75993,417,0.55,0,417,0.55,-252,-0.33,32142.5,3.21,27
396,Exit long,2022-07-29 12:55,L-TP1,12937.75,2,51461,290,0.56,0,290,0.56,-316,-0.61,32432.5,3.24,48
396,Entry long,2022-07-29 08:55,ORB Long B+ (2c),12865.25,2,51461,290,0.56,0,290,0.56,-316,-0.61,32432.5,3.24,48
397,Exit long,2022-08-01 09:50,L-TP1,13085,2,52021,319,0.61,0,319,0.61,-158,-0.30,32751.5,3.28,12
397,Entry long,2022-08-01 08:50,ORB Long A+ (2c),13005.25,2,52021,319,0.61,0,319,0.61,-158,-0.30,32751.5,3.28,12
398,Exit long,2022-08-02 11:15,L-TP1,13025,2,51791,309,0.60,0,309,0.60,-106,-0.20,33060.5,3.31,18
398,Entry long,2022-08-02 09:45,ORB Long B (2c),12947.75,2,51791,309,0.60,0,309,0.60,-106,-0.20,33060.5,3.31,18
399,Exit long,2022-08-03 10:10,L-TP1,13185,3,78606,504,0.64,0,504,0.64,-241.5,-0.31,33564.5,3.36,16
399,Entry long,2022-08-03 08:50,ORB Long A (3c),13101,3,78606,504,0.64,0,504,0.64,-241.5,-0.31,33564.5,3.36,16
400,Exit short,2022-08-05 11:15,S-TP1,13168.75,2,52365,-310,-0.59,0,23,0.04,-310,-0.59,33254.5,3.33,10
400,Entry short,2022-08-05 10:25,ORB Short C (2c),13091.25,2,52365,-310,-0.59,0,23,0.04,-310,-0.59,33254.5,3.33,10
401,Exit long,2022-08-05 15:25,EOD Close,13217.75,3,79276.5,30,0.04,0,177,0.22,-405,-0.51,33284.5,3.33,41
401,Entry long,2022-08-05 12:00,ORB Long A (3c),13212.75,3,79276.5,30,0.04,0,177,0.22,-405,-0.51,33284.5,3.33,41
402,Exit long,2022-08-08 09:45,L-TP1,13321.75,3,80392.5,-462,-0.57,0,124.5,0.15,-462,-0.57,32822.5,3.28,11
402,Entry long,2022-08-08 08:50,ORB Long A (3c),13398.75,3,80392.5,-462,-0.57,0,124.5,0.15,-462,-0.57,32822.5,3.28,11
403,Exit short,2022-08-08 15:25,EOD Close,13192.75,2,52829,58,0.11,0,347,0.66,-217,-0.41,32880.5,3.29,57
403,Entry short,2022-08-08 10:40,ORB Short C (2c),13207.25,2,52829,58,0.11,0,347,0.66,-217,-0.41,32880.5,3.29,57
404,Exit long,2022-08-10 15:25,EOD Close,13385.75,3,80211,103.5,0.13,0,237,0.30,-313.5,-0.39,32984,3.30,65
404,Entry long,2022-08-10 10:00,ORB Long B+ (3c),13368.5,3,80211,103.5,0.13,0,237,0.30,-313.5,-0.39,32984,3.30,65
405,Exit long,2022-08-11 10:05,L-TP1,13452,3,81163.5,-451.5,-0.56,0,291,0.36,-451.5,-0.56,32532.5,3.25,13
405,Entry long,2022-08-11 09:00,ORB Long B+ (3c),13527.25,3,81163.5,-451.5,-0.56,0,291,0.36,-451.5,-0.56,32532.5,3.25,13
406,Exit long,2022-08-12 13:30,L-TP1,13531.25,3,80751,436.5,0.54,0,436.5,0.54,-439.5,-0.54,32969,3.30,51
406,Entry long,2022-08-12 09:15,ORB Long B+ (3c),13458.5,3,80751,436.5,0.54,0,436.5,0.54,-439.5,-0.54,32969,3.30,51
407,Exit long,2022-08-15 09:20,L-TP1,13539,3,81693,-459,-0.56,0,117,0.14,-459,-0.56,32510,3.25,6
407,Entry long,2022-08-15 08:50,ORB Long A+ (3c),13615.5,3,81693,-459,-0.56,0,117,0.14,-459,-0.56,32510,3.25,6
408,Exit long,2022-08-15 14:00,L-TP1,13685,3,81642,468,0.57,0,468,0.57,-3,0.00,32978,3.30,42
408,Entry long,2022-08-15 10:30,ORB Long A (3c),13607,3,81642,468,0.57,0,468,0.57,-3,0.00,32978,3.30,42
409,Exit long,2022-08-16 13:10,L-TP1,13737.25,3,82032,391.5,0.48,0,391.5,0.48,-244.5,-0.30,33369.5,3.34,28
409,Entry long,2022-08-16 10:50,ORB Long B+ (3c),13672,3,82032,391.5,0.48,0,391.5,0.48,-244.5,-0.30,33369.5,3.34,28
410,Exit long,2022-08-18 10:55,L-TP1,13571.75,3,81040.5,390,0.48,0,390,0.48,-121.5,-0.15,33759.5,3.38,15
410,Entry long,2022-08-18 09:40,ORB Long A (3c),13506.75,3,81040.5,390,0.48,0,390,0.48,-121.5,-0.15,33759.5,3.38,15
411,Exit long,2022-08-18 14:30,L-TP1,13572.25,3,81043.5,390,0.48,0,390,0.48,-36,-0.04,34149.5,3.41,33
411,Entry long,2022-08-18 11:45,ORB Long A (3c),13507.25,3,81043.5,390,0.48,0,390,0.48,-36,-0.04,34149.5,3.41,33
412,Exit short,2022-08-26 09:00,S-TP1,13040.75,2,52448,285,0.54,0,285,0.54,-125,-0.24,34434.5,3.44,3
412,Entry short,2022-08-26 08:45,ORB Short C (2c),13112,2,52448,285,0.54,0,285,0.54,-125,-0.24,34434.5,3.44,3
413,Exit short,2022-08-29 11:00,S-TP1,12546.75,2,49887,-300,-0.60,0,95,0.19,-300,-0.60,34134.5,3.41,14
413,Entry short,2022-08-29 09:50,ORB Short C (2c),12471.75,2,49887,-300,-0.60,0,95,0.19,-300,-0.60,34134.5,3.41,14
414,Exit short,2022-08-30 09:05,S-TP1,12416.5,3,74973,474,0.63,0,474,0.63,-33,-0.04,34608.5,3.46,3
414,Entry short,2022-08-30 08:50,ORB Short A (3c),12495.5,3,74973,474,0.63,0,474,0.63,-33,-0.04,34608.5,3.46,3
415,Exit short,2022-08-31 10:05,S-TP1,12315,2,49539,279,0.56,0,279,0.56,-148,-0.30,34887.5,3.49,8
415,Entry short,2022-08-31 09:25,ORB Short B (2c),12384.75,2,49539,279,0.56,0,279,0.56,-148,-0.30,34887.5,3.49,8
416,Exit short,2022-09-01 09:45,S-TP1,12065,3,72795,405,0.56,0,405,0.56,-243,-0.33,35292.5,3.53,9
416,Entry short,2022-09-01 09:00,ORB Short A+ (3c),12132.5,3,72795,405,0.56,0,405,0.56,-243,-0.33,35292.5,3.53,9
417,Exit short,2022-09-02 09:10,S-TP1,12359.25,2,49137,-300,-0.61,0,27,0.05,-300,-0.61,34992.5,3.50,2
417,Entry short,2022-09-02 09:00,ORB Short B (2c),12284.25,2,49137,-300,-0.61,0,27,0.05,-300,-0.61,34992.5,3.50,2
418,Exit short,2022-09-02 11:50,S-TP1,12222.5,3,73741.5,406.5,0.55,0,406.5,0.55,-13.5,-0.02,35399,3.54,4
418,Entry short,2022-09-02 11:30,ORB Short A (3c),12290.25,3,73741.5,406.5,0.55,0,406.5,0.55,-13.5,-0.02,35399,3.54,4
419,Exit short,2022-09-06 09:00,S-TP1,11965,3,72402,612,0.85,0,612,0.85,-43.5,-0.06,36011,3.60,3
419,Entry short,2022-09-06 08:45,ORB Short A+ (3c),12067,3,72402,612,0.85,0,612,0.85,-43.5,-0.06,36011,3.60,3
420,Exit short,2022-09-06 10:40,S-TP1,12141.5,3,72399,-450,-0.62,0,55.5,0.08,-450,-0.62,35561,3.56,3
420,Entry short,2022-09-06 10:25,ORB Short A (3c),12066.5,3,72399,-450,-0.62,0,55.5,0.08,-450,-0.62,35561,3.56,3
421,Exit short,2022-09-06 12:50,S-TP1,11965,3,72298.5,508.5,0.70,0,508.5,0.70,-157.5,-0.22,36069.5,3.61,19
421,Entry short,2022-09-06 11:15,ORB Short A (3c),12049.75,3,72298.5,508.5,0.70,0,508.5,0.70,-157.5,-0.22,36069.5,3.61,19
422,Exit long,2022-09-12 15:25,EOD Close,12771.25,2,50839,246,0.48,0,257,0.51,-289,-0.57,36315.5,3.63,79
422,Entry long,2022-09-12 08:50,ORB Long C+ (2c),12709.75,2,50839,246,0.48,0,257,0.51,-289,-0.57,36315.5,3.63,79
423,Exit long,2022-09-14 09:25,L-TP1,12111,2,48774,-330,-0.68,0,36,0.07,-330,-0.68,35985.5,3.60,6
423,Entry long,2022-09-14 08:55,ORB Long B (2c),12193.5,2,48774,-330,-0.68,0,36,0.07,-330,-0.68,35985.5,3.60,6
424,Exit short,2022-09-15 09:55,S-TP1,12015,2,48420,360,0.74,0,360,0.74,-123,-0.25,36345.5,3.63,5
424,Entry short,2022-09-15 09:30,ORB Short B+ (2c),12105,2,48420,360,0.74,0,360,0.74,-123,-0.25,36345.5,3.63,5
425,Exit short,2022-09-15 13:45,S-TP1,12029.25,3,72609,433.5,0.60,0,433.5,0.60,-13.5,-0.02,36779,3.68,13
425,Entry short,2022-09-15 12:40,ORB Short B+ (3c),12101.5,3,72609,433.5,0.60,0,433.5,0.60,-13.5,-0.02,36779,3.68,13
426,Exit short,2022-09-16 09:10,S-TP1,11875.75,2,47168,-335,-0.71,0,48,0.10,-335,-0.71,36444,3.64,3
426,Entry short,2022-09-16 08:55,ORB Short B+ (2c),11792,2,47168,-335,-0.71,0,48,0.10,-335,-0.71,36444,3.64,3
427,Exit short,2022-09-16 13:45,S-TP1,11884.5,2,47203,-335,-0.71,0,91,0.19,-335,-0.71,36109,3.61,38
427,Entry short,2022-09-16 10:35,ORB Short B+ (2c),11800.75,2,47203,-335,-0.71,0,91,0.19,-335,-0.71,36109,3.61,38
428,Exit long,2022-09-19 14:00,L-TP1,11985,2,47668,272,0.57,0,272,0.57,-275,-0.58,36381,3.64,62
428,Entry long,2022-09-19 08:50,ORB Long B (2c),11917,2,47668,272,0.57,0,272,0.57,-275,-0.58,36381,3.64,62
429,Exit short,2022-09-20 14:35,S-TP1,11960,3,71295,-465,-0.65,0,324,0.45,-465,-0.65,35916,3.59,26
429,Entry short,2022-09-20 12:25,ORB Short B+ (3c),11882.5,3,71295,-465,-0.65,0,324,0.45,-465,-0.65,35916,3.59,26
430,Exit short,2022-09-22 10:20,S-TP1,11510.25,3,69477,415.5,0.60,0,415.5,0.60,-370.5,-0.53,36331.5,3.63,16
430,Entry short,2022-09-22 09:00,ORB Short A (3c),11579.5,3,69477,415.5,0.60,0,415.5,0.60,-370.5,-0.53,36331.5,3.63,16
431,Exit short,2022-09-22 14:10,S-TP1,11652.25,3,69463.5,-450,-0.65,0,336,0.48,-450,-0.65,35881.5,3.59,40
431,Entry short,2022-09-22 10:50,ORB Short B+ (3c),11577.25,3,69463.5,-450,-0.65,0,336,0.48,-450,-0.65,35881.5,3.59,40
432,Exit short,2022-09-23 13:15,S-TP1,11265,3,68266.5,676.5,0.99,0,676.5,0.99,-292.5,-0.43,36558,3.66,53
432,Entry short,2022-09-23 08:50,ORB Short A (3c),11377.75,3,68266.5,676.5,0.99,0,676.5,0.99,-292.5,-0.43,36558,3.66,53
433,Exit short,2022-09-26 14:50,S-TP1,11407,3,67971,-471,-0.69,0,211.5,0.31,-471,-0.69,36087,3.61,41
433,Entry short,2022-09-26 11:25,ORB Short B+ (3c),11328.5,3,67971,-471,-0.69,0,211.5,0.31,-471,-0.69,36087,3.61,41
434,Exit short,2022-09-27 10:50,S-TP1,11365.75,3,68602.5,408,0.59,0,408,0.59,-421.5,-0.61,36495,3.65,22
434,Entry short,2022-09-27 09:00,ORB Short B+ (3c),11433.75,3,68602.5,408,0.59,0,408,0.59,-421.5,-0.61,36495,3.65,22
435,Exit short,2022-09-29 09:15,S-TP1,11165,2,45020,360,0.80,0,360,0.80,-131,-0.29,36855,3.69,6
435,Entry short,2022-09-29 08:45,ORB Short A (2c),11255,2,45020,360,0.80,0,360,0.80,-131,-0.29,36855,3.69,6
436,Exit short,2022-09-29 12:05,S-TP1,11165,3,67542,552,0.82,0,552,0.82,-84,-0.12,37407,3.74,14
436,Entry short,2022-09-29 10:55,ORB Short B+ (3c),11257,3,67542,552,0.82,0,552,0.82,-84,-0.12,37407,3.74,14
437,Exit short,2022-10-05 11:10,S-TP1,11515.5,2,45733,-329,-0.72,0,261,0.57,-329,-0.72,37078,3.71,26
437,Entry short,2022-10-05 09:00,ORB Short B+ (2c),11433.25,2,45733,-329,-0.72,0,261,0.57,-329,-0.72,37078,3.71,26
438,Exit short,2022-10-06 10:50,S-TP1,11663,2,46322,-330,-0.71,0,216,0.47,-330,-0.71,36748,3.67,22
438,Entry short,2022-10-06 09:00,ORB Short B+ (2c),11580.5,2,46322,-330,-0.71,0,216,0.47,-330,-0.71,36748,3.67,22
439,Exit short,2022-10-06 15:15,S-TP1,11511,2,46334,290,0.63,0,290,0.63,-238,-0.51,37038,3.70,52
439,Entry short,2022-10-06 10:55,ORB Short B (2c),11583.5,2,46334,290,0.63,0,290,0.63,-238,-0.51,37038,3.70,52
440,Exit short,2022-10-07 11:20,S-TP1,11165,2,45037,377,0.84,0,377,0.84,-67,-0.15,37415,3.74,31
440,Entry short,2022-10-07 08:45,ORB Short A+ (2c),11259.25,2,45037,377,0.84,0,377,0.84,-67,-0.15,37415,3.74,31
441,Exit short,2022-10-10 11:35,S-TP1,10915,2,44036,376,0.85,0,376,0.85,-237,-0.54,37791,3.78,33
441,Entry short,2022-10-10 08:50,ORB Short A (2c),11009,2,44036,376,0.85,0,376,0.85,-237,-0.54,37791,3.78,33
442,Exit short,2022-10-11 10:35,S-TP1,10935.25,2,43395,-346,-0.80,0,241,0.56,-346,-0.80,37445,3.74,21
442,Entry short,2022-10-11 08:50,ORB Short A (2c),10848.75,2,43395,-346,-0.80,0,241,0.56,-346,-0.80,37445,3.74,21
443,Exit short,2022-10-14 09:00,S-TP1,10996,2,44287,303,0.68,0,303,0.68,-106,-0.24,37748,3.77,3
443,Entry short,2022-10-14 08:45,ORB Short A+ (2c),11071.75,2,44287,303,0.68,0,303,0.68,-106,-0.24,37748,3.77,3
444,Exit short,2022-10-18 09:35,S-TP1,11217.75,2,45198,327,0.72,0,327,0.72,-185,-0.41,38075,3.81,9
444,Entry short,2022-10-18 08:50,ORB Short A (2c),11299.5,2,45198,327,0.72,0,327,0.72,-185,-0.41,38075,3.81,9
445,Exit short,2022-10-19 14:55,S-TP1,11155,2,44261,-359,-0.81,0,60,0.14,-359,-0.81,37716,3.77,35
445,Entry short,2022-10-19 12:00,ORB Short A+ (2c),11065.25,2,44261,-359,-0.81,0,60,0.14,-359,-0.81,37716,3.77,35
446,Exit short,2022-10-20 15:25,EOD Close,11061.25,2,44356,111,0.25,0,192,0.43,-152,-0.34,37827,3.78,32
446,Entry short,2022-10-20 12:45,ORB Short B (2c),11089,2,44356,111,0.25,0,192,0.43,-152,-0.34,37827,3.78,32
447,Exit long,2022-10-21 09:05,L-TP1,11185,2,44364,376,0.85,0,376,0.85,-102,-0.23,38203,3.82,4
447,Entry long,2022-10-21 08:45,ORB Long B (2c),11091,2,44364,376,0.85,0,376,0.85,-102,-0.23,38203,3.82,4
448,Exit long,2022-10-24 14:00,L-TP1,11485,2,45633,307,0.67,0,307,0.67,-140,-0.31,38510,3.85,38
448,Entry long,2022-10-24 10:50,ORB Long B (2c),11408.25,2,45633,307,0.67,0,307,0.67,-140,-0.31,38510,3.85,38
449,Exit long,2022-10-26 09:35,L-TP1,11590,2,46064,296,0.64,0,296,0.64,-169,-0.37,38806,3.88,10
449,Entry long,2022-10-26 08:45,ORB Long A+ (2c),11516,2,46064,296,0.64,0,296,0.64,-169,-0.37,38806,3.88,10
450,Exit short,2022-11-03 09:45,S-TP1,10860.25,2,43096,-345,-0.80,0,264,0.61,-345,-0.80,38461,3.85,12
450,Entry short,2022-11-03 08:45,ORB Short A (2c),10774,2,43096,-345,-0.80,0,264,0.61,-345,-0.80,38461,3.85,12
451,Exit short,2022-11-03 15:25,EOD Close,10725.75,2,43109,206,0.48,0,241,0.56,-337,-0.78,38667,3.87,60
451,Entry short,2022-11-03 10:25,ORB Short B+ (2c),10777.25,2,43109,206,0.48,0,241,0.56,-337,-0.78,38667,3.87,60
452,Exit short,2022-11-04 13:55,S-TP1,10810.25,1,21442.5,-178,-0.83,0,117,0.55,-178,-0.83,38489,3.85,37
452,Entry short,2022-11-04 10:50,ORB Short C+ (1c),10721.25,1,21442.5,-178,-0.83,0,117,0.55,-178,-0.83,38489,3.85,37
453,Exit short,2022-11-07 09:15,S-TP1,10947.75,2,43442,-349,-0.80,0,52,0.12,-349,-0.80,38140,3.81,6
453,Entry short,2022-11-07 08:45,ORB Short A+ (2c),10860.5,2,43442,-349,-0.80,0,52,0.12,-349,-0.80,38140,3.81,6
454,Exit short,2022-11-09 12:35,S-TP1,10865,2,43863,403,0.92,0,403,0.92,-253,-0.58,38543,3.85,37
454,Entry short,2022-11-09 09:30,ORB Short B (2c),10965.75,2,43863,403,0.92,0,403,0.92,-253,-0.58,38543,3.85,37
455,Exit long,2022-11-10 10:35,L-TP1,11486.75,2,45645,302,0.66,0,302,0.66,-58,-0.13,38845,3.88,11
455,Entry long,2022-11-10 09:40,ORB Long B (2c),11411.25,2,45645,302,0.66,0,302,0.66,-58,-0.13,38845,3.88,11
456,Exit long,2022-11-14 12:20,L-TP1,11866,2,47154,310,0.66,0,310,0.66,-240,-0.51,39155,3.92,39
456,Entry long,2022-11-14 09:05,ORB Long A (2c),11788.5,2,47154,310,0.66,0,310,0.66,-240,-0.51,39155,3.92,39
457,Exit long,2022-11-17 11:50,L-TP1,11735.5,2,46638,304,0.65,0,304,0.65,-246,-0.53,39459,3.95,31
457,Entry long,2022-11-17 09:15,ORB Long A (2c),11659.5,2,46638,304,0.65,0,304,0.65,-246,-0.53,39459,3.95,31
458,Exit long,2022-11-22 14:00,L-TP1,11715,2,46568,292,0.63,0,292,0.63,-104,-0.22,39751,3.98,51
458,Entry long,2022-11-22 09:45,ORB Long B (2c),11642,2,46568,292,0.63,0,292,0.63,-104,-0.22,39751,3.98,51
459,Exit long,2022-11-23 09:40,L-TP1,11884.75,3,70918.5,390,0.55,0,390,0.55,-106.5,-0.15,40141,4.01,11
459,Entry long,2022-11-23 08:45,ORB Long A (3c),11819.75,3,70918.5,390,0.55,0,390,0.55,-106.5,-0.15,40141,4.01,11
460,Exit long,2022-11-23 13:00,L-TP1,11883.5,3,70828.5,472.5,0.67,0,472.5,0.67,-378,-0.53,40613.5,4.06,23
460,Entry long,2022-11-23 11:05,ORB Long B+ (3c),11804.75,3,70828.5,472.5,0.67,0,472.5,0.67,-378,-0.53,40613.5,4.06,23
461,Exit long,2022-11-30 12:35,L-TP1,11685,3,69645,465,0.67,0,465,0.67,0,0.00,41078.5,4.11,1
461,Entry long,2022-11-30 12:30,ORB Long A (3c),11607.5,3,69645,465,0.67,0,465,0.67,0,0.00,41078.5,4.11,1
462,Exit long,2022-12-01 09:10,L-TP1,12040,3,72690,-450,-0.62,0,178.5,0.25,-450,-0.62,40628.5,4.06,5
462,Entry long,2022-12-01 08:45,ORB Long A (3c),12115,3,72690,-450,-0.62,0,178.5,0.25,-450,-0.62,40628.5,4.06,5
463,Exit long,2022-12-02 14:00,L-TP1,12008,3,71658,390,0.54,0,390,0.54,-385.5,-0.54,41018.5,4.10,58
463,Entry long,2022-12-02 09:10,ORB Long A+ (3c),11943,3,71658,390,0.54,0,390,0.54,-385.5,-0.54,41018.5,4.10,58
464,Exit short,2022-12-05 12:00,S-TP1,11815,2,47631,371,0.78,0,371,0.78,-173,-0.36,41389.5,4.14,36
464,Entry short,2022-12-05 09:00,ORB Short B (2c),11907.75,2,47631,371,0.78,0,371,0.78,-173,-0.36,41389.5,4.14,36
465,Exit long,2022-12-08 12:40,L-TP1,11685,2,46404,336,0.72,0,336,0.72,-77,-0.17,41725.5,4.17,45
465,Entry long,2022-12-08 08:55,ORB Long B (2c),11601,2,46404,336,0.72,0,336,0.72,-77,-0.17,41725.5,4.17,45
466,Exit short,2022-12-12 12:00,S-TP1,11615.5,2,46162,-300,-0.65,0,37,0.08,-300,-0.65,41425.5,4.14,27
466,Entry short,2022-12-12 09:45,ORB Short B (2c),11540.5,2,46162,-300,-0.65,0,37,0.08,-300,-0.65,41425.5,4.14,27
467,Exit long,2022-12-14 13:00,L-TP1,11934.5,3,72057,-450,-0.62,0,360,0.50,-450,-0.62,40975.5,4.10,49
467,Entry long,2022-12-14 08:55,ORB Long A (3c),12009.5,3,72057,-450,-0.62,0,360,0.50,-450,-0.62,40975.5,4.10,49
468,Exit short,2022-12-16 09:35,S-TP1,11315,2,45538,278,0.61,0,278,0.61,-44,-0.10,41253.5,4.13,6
468,Entry short,2022-12-16 09:05,ORB Short B (2c),11384.5,2,45538,278,0.61,0,278,0.61,-44,-0.10,41253.5,4.13,6
469,Exit short,2022-12-19 13:00,S-TP1,11165,3,67626,636,0.94,0,636,0.94,-231,-0.34,41889.5,4.19,51
469,Entry short,2022-12-19 08:45,ORB Short A+ (3c),11271,3,67626,636,0.94,0,636,0.94,-231,-0.34,41889.5,4.19,51
470,Exit long,2022-12-20 09:30,L-TP1,11235,2,44673,267,0.60,0,267,0.60,-41,-0.09,42156.5,4.22,7
470,Entry long,2022-12-20 08:55,ORB Long B (2c),11168.25,2,44673,267,0.60,0,267,0.60,-41,-0.09,42156.5,4.22,7
471,Exit short,2022-12-22 09:30,S-TP1,11015,3,66609,519,0.78,0,519,0.78,-139.5,-0.21,42675.5,4.27,9
471,Entry short,2022-12-22 08:45,ORB Short A (3c),11101.5,3,66609,519,0.78,0,519,0.78,-139.5,-0.21,42675.5,4.27,9
472,Exit short,2022-12-27 09:20,S-TP1,11003.25,3,65569.5,-450,-0.69,0,195,0.30,-450,-0.69,42225.5,4.22,7
472,Entry short,2022-12-27 08:45,ORB Short A (3c),10928.25,3,65569.5,-450,-0.69,0,195,0.30,-450,-0.69,42225.5,4.22,7
473,Exit short,2022-12-27 15:25,EOD Close,10922.5,3,65595,60,0.09,0,198,0.30,-219,-0.33,42285.5,4.23,44
473,Entry short,2022-12-27 11:45,ORB Short B+ (3c),10932.5,3,65595,60,0.09,0,198,0.30,-219,-0.33,42285.5,4.23,44
474,Exit short,2022-12-28 14:15,S-TP1,10763,2,43312,260,0.60,0,260,0.60,-256,-0.59,42545.5,4.25,52
474,Entry short,2022-12-28 09:55,ORB Short B (2c),10828,2,43312,260,0.60,0,260,0.60,-256,-0.59,42545.5,4.25,52
475,Exit short,2022-12-30 09:15,S-TP1,10939.75,2,43459,-300,-0.69,0,12,0.03,-300,-0.69,42245.5,4.22,6
475,Entry short,2022-12-30 08:45,ORB Short B (2c),10864.75,2,43459,-300,-0.69,0,12,0.03,-300,-0.69,42245.5,4.22,6
476,Exit short,2023-01-03 08:55,S-TP1,11004.25,3,66417,391.5,0.59,0,391.5,0.59,-91.5,-0.14,42637,4.26,2
476,Entry short,2023-01-03 08:45,ORB Short A+ (3c),11069.5,3,66417,391.5,0.59,0,391.5,0.59,-91.5,-0.14,42637,4.26,2
477,Exit short,2023-01-04 10:25,S-TP1,10990.5,3,65493,-450,-0.69,0,313.5,0.48,-450,-0.69,42187,4.22,17
477,Entry short,2023-01-04 09:00,ORB Short A (3c),10915.5,3,65493,-450,-0.69,0,313.5,0.48,-450,-0.69,42187,4.22,17
478,Exit short,2023-01-10 09:55,S-TP1,11205.75,3,66784.5,-450,-0.67,0,60,0.09,-450,-0.67,41737,4.17,3
478,Entry short,2023-01-10 09:40,ORB Short A (3c),11130.75,3,66784.5,-450,-0.67,0,60,0.09,-450,-0.67,41737,4.17,3
479,Exit long,2023-01-11 12:10,L-TP1,11435,2,45437,303,0.67,0,303,0.67,-184,-0.40,42040,4.20,37
479,Entry long,2023-01-11 09:05,ORB Long C (2c),11359.25,2,45437,303,0.67,0,303,0.67,-184,-0.40,42040,4.20,37
480,Exit long,2023-01-12 15:25,EOD Close,11527.5,3,69130.5,34.5,0.05,0,321,0.46,-418.5,-0.61,42074.5,4.21,50
480,Entry long,2023-01-12 11:15,ORB Long B+ (3c),11521.75,3,69130.5,34.5,0.05,0,321,0.46,-418.5,-0.61,42074.5,4.21,50
481,Exit long,2023-01-13 09:45,L-TP1,11537.25,3,68833.5,390,0.57,0,390,0.57,-1.5,0.00,42464.5,4.25,9
481,Entry long,2023-01-13 09:00,ORB Long B+ (3c),11472.25,3,68833.5,390,0.57,0,390,0.57,-1.5,0.00,42464.5,4.25,9
482,Exit long,2023-01-17 09:40,L-TP1,11588,3,69978,-450,-0.64,0,132,0.19,-450,-0.64,42014.5,4.20,8
482,Entry long,2023-01-17 09:00,ORB Long A+ (3c),11663,3,69978,-450,-0.64,0,132,0.19,-450,-0.64,42014.5,4.20,8
483,Exit long,2023-01-17 15:25,EOD Close,11622,3,69763.5,-31.5,-0.05,0,136.5,0.20,-234,-0.34,41983,4.20,53
483,Entry long,2023-01-17 11:00,ORB Long A (3c),11627.25,3,69763.5,-31.5,-0.05,0,136.5,0.20,-234,-0.34,41983,4.20,53
484,Exit long,2023-01-18 09:35,L-TP1,11663.75,3,70432.5,-450,-0.64,0,124.5,0.18,-450,-0.64,41533,4.15,7
484,Entry long,2023-01-18 09:00,ORB Long A (3c),11738.75,3,70432.5,-450,-0.64,0,124.5,0.18,-450,-0.64,41533,4.15,7
485,Exit long,2023-01-20 10:25,L-TP1,11535,3,68736,474,0.69,0,474,0.69,-189,-0.27,42007,4.20,19
485,Entry long,2023-01-20 08:50,ORB Long B+ (3c),11456,3,68736,474,0.69,0,474,0.69,-189,-0.27,42007,4.20,19
486,Exit long,2023-01-23 10:00,L-TP1,11885,3,70695,615,0.87,0,615,0.87,-10.5,-0.01,42622,4.26,15
486,Entry long,2023-01-23 08:45,ORB Long A (3c),11782.5,3,70695,615,0.87,0,615,0.87,-10.5,-0.01,42622,4.26,15
487,Exit long,2023-01-24 09:05,L-TP1,11841,3,71496,-450,-0.63,0,214.5,0.30,-450,-0.63,42172,4.22,4
487,Entry long,2023-01-24 08:45,ORB Long A+ (3c),11916,3,71496,-450,-0.63,0,214.5,0.30,-450,-0.63,42172,4.22,4
488,Exit long,2023-01-24 15:00,L-TP1,11969.25,3,71425.5,390,0.55,0,390,0.55,-282,-0.39,42562,4.26,70
488,Entry long,2023-01-24 09:10,ORB Long A (3c),11904.25,3,71425.5,390,0.55,0,390,0.55,-282,-0.39,42562,4.26,70
489,Exit long,2023-01-25 12:15,L-TP1,11796.75,3,70378.5,402,0.57,0,402,0.57,-105,-0.15,42964,4.30,24
489,Entry long,2023-01-25 10:15,ORB Long A (3c),11729.75,3,70378.5,402,0.57,0,402,0.57,-105,-0.15,42964,4.30,24
490,Exit short,2023-01-26 10:20,S-TP1,11905.25,2,47892,271,0.57,0,271,0.57,-120,-0.25,43235,4.32,9
490,Entry short,2023-01-26 09:35,ORB Short C (2c),11973,2,47892,271,0.57,0,271,0.57,-120,-0.25,43235,4.32,9
491,Exit long,2023-01-27 10:40,L-TP1,12196,3,72778.5,397.5,0.55,0,397.5,0.55,-223.5,-0.31,43632.5,4.36,23
491,Entry long,2023-01-27 08:45,ORB Long A+ (3c),12129.75,3,72778.5,397.5,0.55,0,397.5,0.55,-223.5,-0.31,43632.5,4.36,23
492,Exit long,2023-01-30 09:25,L-TP1,12044.25,3,72715.5,-450,-0.62,0,145.5,0.20,-450,-0.62,43182.5,4.32,8
492,Entry long,2023-01-30 08:45,ORB Long A (3c),12119.25,3,72715.5,-450,-0.62,0,145.5,0.20,-450,-0.62,43182.5,4.32,8
493,Exit long,2023-01-31 13:05,L-TP1,12106,3,72246,390,0.54,0,390,0.54,-384,-0.53,43572.5,4.36,52
493,Entry long,2023-01-31 08:45,ORB Long A+ (3c),12041,3,72246,390,0.54,0,390,0.54,-384,-0.53,43572.5,4.36,52
494,Exit long,2023-02-03 09:35,L-TP1,12835,2,50909,431,0.85,0,431,0.85,-235,-0.46,44003.5,4.40,10
494,Entry long,2023-02-03 08:45,ORB Long B (2c),12727.25,2,50909,431,0.85,0,431,0.85,-235,-0.46,44003.5,4.40,10
495,Exit long,2023-02-06 09:20,L-TP1,12496.5,3,75429,-450,-0.60,0,124.5,0.17,-450,-0.60,43553.5,4.36,4
495,Entry long,2023-02-06 09:00,ORB Long A (3c),12571.5,3,75429,-450,-0.60,0,124.5,0.17,-450,-0.60,43553.5,4.36,4
496,Exit long,2023-02-06 14:10,L-TP1,12501.25,3,75457.5,-450,-0.60,0,195,0.26,-450,-0.60,43103.5,4.31,47
496,Entry long,2023-02-06 10:15,ORB Long B+ (3c),12576.25,3,75457.5,-450,-0.60,0,195,0.26,-450,-0.60,43103.5,4.31,47
497,Exit long,2023-02-07 11:45,L-TP1,12635,2,50214,326,0.65,0,326,0.65,-70,-0.14,43429.5,4.34,20
497,Entry long,2023-02-07 10:05,ORB Long C+ (2c),12553.5,2,50214,326,0.65,0,326,0.65,-70,-0.14,43429.5,4.34,20
498,Exit short,2023-02-08 09:30,S-TP1,12615,2,50724,264,0.52,0,264,0.52,-212,-0.42,43693.5,4.37,8
498,Entry short,2023-02-08 08:50,ORB Short C (2c),12681,2,50724,264,0.52,0,264,0.52,-212,-0.42,43693.5,4.37,8
499,Exit long,2023-02-10 09:50,L-TP1,12322.25,2,49589,-300,-0.60,0,98,0.20,-300,-0.60,43393.5,4.34,7
499,Entry long,2023-02-10 09:15,ORB Long B (2c),12397.25,2,49589,-300,-0.60,0,98,0.20,-300,-0.60,43393.5,4.34,7
500,Exit long,2023-02-13 10:20,L-TP1,12535,3,74766,444,0.59,0,444,0.59,-270,-0.36,43837.5,4.38,17
500,Entry long,2023-02-13 08:55,ORB Long A+ (3c),12461,3,74766,444,0.59,0,444,0.59,-270,-0.36,43837.5,4.38,17
501,Exit long,2023-02-14 09:00,L-TP1,12635,3,75252,558,0.74,0,558,0.74,-141,-0.19,44395.5,4.44,3
501,Entry long,2023-02-14 08:45,ORB Long B+ (3c),12542,3,75252,558,0.74,0,558,0.74,-141,-0.19,44395.5,4.44,3
502,Exit long,2023-02-14 12:05,L-TP1,12597.75,3,75163.5,423,0.56,0,423,0.56,-208.5,-0.28,44818.5,4.48,7
502,Entry long,2023-02-14 11:30,ORB Long B+ (3c),12527.25,3,75163.5,423,0.56,0,423,0.56,-208.5,-0.28,44818.5,4.48,7
503,Exit long,2023-02-15 08:50,L-TP1,12553,3,75768,-450,-0.59,0,21,0.03,-450,-0.59,44368.5,4.44,1
503,Entry long,2023-02-15 08:45,ORB Long A (3c),12628,3,75768,-450,-0.59,0,21,0.03,-450,-0.59,44368.5,4.44,1
504,Exit long,2023-02-15 13:05,L-TP1,12706.25,3,75793.5,444,0.59,0,444,0.59,-159,-0.21,44812.5,4.48,32
504,Entry long,2023-02-15 10:25,ORB Long B+ (3c),12632.25,3,75793.5,444,0.59,0,444,0.59,-159,-0.21,44812.5,4.48,32
505,Exit short,2023-02-24 15:25,EOD Close,12004,3,71803.5,-220.5,-0.31,0,267,0.37,-325.5,-0.45,44592,4.46,80
505,Entry short,2023-02-24 08:45,ORB Short A (3c),11967.25,3,71803.5,-220.5,-0.31,0,267,0.37,-325.5,-0.45,44592,4.46,80
506,Exit long,2023-02-28 15:10,L-TP1,12038.75,2,48455,-300,-0.62,0,240,0.50,-300,-0.62,44292,4.43,74
506,Entry long,2023-02-28 09:00,ORB Long B (2c),12113.75,2,48455,-300,-0.62,0,240,0.50,-300,-0.62,44292,4.43,74
507,Exit short,2023-03-01 15:25,EOD Close,11981.75,3,71886,-4.5,-0.01,0,336,0.47,-342,-0.48,44287.5,4.43,76
507,Entry short,2023-03-01 09:05,ORB Short A+ (3c),11981,3,71886,-4.5,-0.01,0,336,0.47,-342,-0.48,44287.5,4.43,76
508,Exit short,2023-03-10 09:00,S-TP1,11961.25,3,71317.5,-450,-0.63,0,109.5,0.15,-450,-0.63,43837.5,4.38,3
508,Entry short,2023-03-10 08:45,ORB Short B+ (3c),11886.25,3,71317.5,-450,-0.63,0,109.5,0.15,-450,-0.63,43837.5,4.38,3
509,Exit short,2023-03-10 12:40,S-TP1,11815,2,47533,273,0.57,0,273,0.57,-38,-0.08,44110.5,4.41,5
509,Entry short,2023-03-10 12:15,ORB Short C+ (2c),11883.25,2,47533,273,0.57,0,273,0.57,-38,-0.08,44110.5,4.41,5
510,Exit long,2023-03-14 13:00,L-TP1,12219.5,2,49178,-300,-0.61,0,248,0.50,-300,-0.61,43810.5,4.38,44
510,Entry long,2023-03-14 09:20,ORB Long B (2c),12294.5,2,49178,-300,-0.61,0,248,0.50,-300,-0.61,43810.5,4.38,44
511,Exit long,2023-03-15 11:05,L-TP1,12223.75,2,49195,-300,-0.61,0,10,0.02,-300,-0.61,43510.5,4.35,4
511,Entry long,2023-03-15 10:45,ORB Long C (2c),12298.75,2,49195,-300,-0.61,0,10,0.02,-300,-0.61,43510.5,4.35,4
512,Exit long,2023-03-15 13:25,L-TP1,12353,2,49131,281,0.57,0,281,0.57,-190,-0.39,43791.5,4.38,12
512,Entry long,2023-03-15 12:25,ORB Long C (2c),12282.75,2,49131,281,0.57,0,281,0.57,-190,-0.39,43791.5,4.38,12
513,Exit long,2023-03-16 09:45,L-TP1,12485,3,74502,408,0.55,0,408,0.55,-324,-0.43,44199.5,4.42,10
513,Entry long,2023-03-16 08:55,ORB Long B+ (3c),12417,3,74502,408,0.55,0,408,0.55,-324,-0.43,44199.5,4.42,10
514,Exit long,2023-03-17 09:15,L-TP1,12718,3,76758,-450,-0.59,0,25.5,0.03,-450,-0.59,43749.5,4.37,3
514,Entry long,2023-03-17 09:00,ORB Long A (3c),12793,3,76758,-450,-0.59,0,25.5,0.03,-450,-0.59,43749.5,4.37,3
515,Exit short,2023-03-17 09:40,S-TP1,12615,2,50749,289,0.57,0,289,0.57,-65,-0.13,44038.5,4.40,3
515,Entry short,2023-03-17 09:25,ORB Short C (2c),12687.25,2,50749,289,0.57,0,289,0.57,-65,-0.13,44038.5,4.40,3
516,Exit long,2023-03-20 15:25,EOD Close,12690.25,3,75811.5,330,0.44,0,436.5,0.58,-418.5,-0.55,44368.5,4.44,68
516,Entry long,2023-03-20 09:45,ORB Long A (3c),12635.25,3,75811.5,330,0.44,0,436.5,0.58,-418.5,-0.55,44368.5,4.44,68
517,Exit long,2023-03-23 09:40,L-TP1,12959,3,77364,390,0.50,0,390,0.50,-36,-0.05,44758.5,4.48,8
517,Entry long,2023-03-23 09:00,ORB Long A (3c),12894,3,77364,390,0.50,0,390,0.50,-36,-0.05,44758.5,4.48,8
518,Exit long,2023-03-27 09:35,L-TP1,12868.25,3,77659.5,-450,-0.58,0,132,0.17,-450,-0.58,44308.5,4.43,10
518,Entry long,2023-03-27 08:45,ORB Long A+ (3c),12943.25,3,77659.5,-450,-0.58,0,132,0.17,-450,-0.58,44308.5,4.43,10
519,Exit short,2023-03-27 10:40,S-TP1,12814.25,2,51517,260,0.50,0,260,0.50,-77,-0.15,44568.5,4.46,12
519,Entry short,2023-03-27 09:40,ORB Short C (2c),12879.25,2,51517,260,0.50,0,260,0.50,-77,-0.15,44568.5,4.46,12
520,Exit long,2023-03-31 11:25,L-TP1,13235,3,78885,525,0.67,0,525,0.67,-103.5,-0.13,45093.5,4.51,32
520,Entry long,2023-03-31 08:45,ORB Long A+ (3c),13147.5,3,78885,525,0.67,0,525,0.67,-103.5,-0.13,45093.5,4.51,32
521,Exit long,2023-04-03 09:50,L-TP1,13185,3,79560,-450,-0.57,0,49.5,0.06,-450,-0.57,44643.5,4.46,13
521,Entry long,2023-04-03 08:45,ORB Long A (3c),13260,3,79560,-450,-0.57,0,49.5,0.06,-450,-0.57,44643.5,4.46,13
522,Exit long,2023-04-04 10:10,L-TP1,13227.5,3,79815,-450,-0.56,0,145.5,0.18,-450,-0.56,44193.5,4.42,14
522,Entry long,2023-04-04 09:00,ORB Long A (3c),13302.5,3,79815,-450,-0.56,0,145.5,0.18,-450,-0.56,44193.5,4.42,14
523,Exit long,2023-04-06 10:35,L-TP1,13097,3,78156,426,0.55,0,426,0.55,-111,-0.14,44619.5,4.46,18
523,Entry long,2023-04-06 09:05,ORB Long A+ (3c),13026,3,78156,426,0.55,0,426,0.55,-111,-0.14,44619.5,4.46,18
524,Exit short,2023-04-10 10:10,S-TP1,13058.25,2,51933,-300,-0.58,0,63,0.12,-300,-0.58,44319.5,4.43,17
524,Entry short,2023-04-10 08:45,ORB Short B (2c),12983.25,2,51933,-300,-0.58,0,63,0.12,-300,-0.58,44319.5,4.43,17
525,Exit long,2023-04-10 12:25,L-TP1,13132.5,3,78397.5,397.5,0.51,0,397.5,0.51,-1.5,0.00,44717,4.47,11
525,Entry long,2023-04-10 11:30,ORB Long A (3c),13066.25,3,78397.5,397.5,0.51,0,397.5,0.51,-1.5,0.00,44717,4.47,11
526,Exit long,2023-04-13 12:10,L-TP1,13161,3,78576,390,0.50,0,390,0.50,-37.5,-0.05,45107,4.51,37
526,Entry long,2023-04-13 09:05,ORB Long A+ (3c),13096,3,78576,390,0.50,0,390,0.50,-37.5,-0.05,45107,4.51,37
527,Exit long,2023-04-14 09:20,L-TP1,13148,3,79338,-450,-0.57,0,192,0.24,-450,-0.57,44657,4.47,7
527,Entry long,2023-04-14 08:45,ORB Long A (3c),13223,3,79338,-450,-0.57,0,192,0.24,-450,-0.57,44657,4.47,7
528,Exit long,2023-04-19 11:30,L-TP1,13200.5,3,78813,390,0.49,0,390,0.49,-69,-0.09,45047,4.50,23
528,Entry long,2023-04-19 09:35,ORB Long A (3c),13135.5,3,78813,390,0.49,0,390,0.49,-69,-0.09,45047,4.50,23
529,Exit long,2023-04-20 12:05,L-TP1,13185,3,78691.5,418.5,0.53,0,418.5,0.53,-141,-0.18,45465.5,4.55,40
529,Entry long,2023-04-20 08:45,ORB Long A (3c),13115.25,3,78691.5,418.5,0.53,0,418.5,0.53,-141,-0.18,45465.5,4.55,40
530,Exit short,2023-04-24 15:25,EOD Close,13063.25,2,52124,-129,-0.25,0,255,0.49,-148,-0.28,45336.5,4.53,70
530,Entry short,2023-04-24 09:35,ORB Short C (2c),13031,2,52124,-129,-0.25,0,255,0.49,-148,-0.28,45336.5,4.53,70
531,Exit long,2023-04-28 10:00,L-TP1,13191,3,79596,-450,-0.57,0,163.5,0.21,-450,-0.57,44886.5,4.49,10
531,Entry long,2023-04-28 09:10,ORB Long A (3c),13266,3,79596,-450,-0.57,0,163.5,0.21,-450,-0.57,44886.5,4.49,10
532,Exit long,2023-04-28 14:55,L-TP1,13316.5,3,79503,396,0.50,0,396,0.50,-88.5,-0.11,45282.5,4.53,50
532,Entry long,2023-04-28 10:45,ORB Long B+ (3c),13250.5,3,79503,396,0.50,0,396,0.50,-88.5,-0.11,45282.5,4.53,50
533,Exit short,2023-05-02 09:25,S-TP1,13199.5,2,53058,260,0.49,0,260,0.49,-12,-0.02,45542.5,4.55,4
533,Entry short,2023-05-02 09:05,ORB Short B (2c),13264.5,2,53058,260,0.49,0,260,0.49,-12,-0.02,45542.5,4.55,4
534,Exit long,2023-05-05 09:40,L-TP1,13278.25,3,79063.5,606,0.77,0,606,0.77,-55.5,-0.07,46148.5,4.61,11
534,Entry long,2023-05-05 08:45,ORB Long A (3c),13177.25,3,79063.5,606,0.77,0,606,0.77,-55.5,-0.07,46148.5,4.61,11
535,Exit long,2023-05-10 09:40,L-TP1,13348.75,2,53695,-300,-0.56,0,41,0.08,-300,-0.56,45848.5,4.58,7
535,Entry long,2023-05-10 09:05,ORB Long C (2c),13423.75,2,53695,-300,-0.56,0,41,0.08,-300,-0.56,45848.5,4.58,7
536,Exit short,2023-05-11 11:20,S-TP1,13451.5,2,53506,-300,-0.56,0,60,0.11,-300,-0.56,45548.5,4.55,22
536,Entry short,2023-05-11 09:30,ORB Short C (2c),13376.5,2,53506,-300,-0.56,0,60,0.11,-300,-0.56,45548.5,4.55,22
537,Exit long,2023-05-11 15:25,EOD Close,13443,3,80640,18,0.02,0,192,0.24,-279,-0.35,45566.5,4.56,35
537,Entry long,2023-05-11 12:30,ORB Long A (3c),13440,3,80640,18,0.02,0,192,0.24,-279,-0.35,45566.5,4.56,35
538,Exit long,2023-05-16 15:25,EOD Close,13503,3,81022.5,-4.5,-0.01,0,303,0.37,-312,-0.39,45562,4.56,80
538,Entry long,2023-05-16 08:45,ORB Long A (3c),13503.75,3,81022.5,-4.5,-0.01,0,303,0.37,-312,-0.39,45562,4.56,80
539,Exit long,2023-05-18 09:30,L-TP1,13785,3,82276.5,433.5,0.53,0,433.5,0.53,-73.5,-0.09,45995.5,4.60,7
539,Entry long,2023-05-18 08:55,ORB Long A (3c),13712.75,3,82276.5,433.5,0.53,0,433.5,0.53,-73.5,-0.09,45995.5,4.60,7
540,Exit long,2023-05-22 15:25,EOD Close,13910.75,3,83568,-103.5,-0.12,0,112.5,0.13,-396,-0.47,45892,4.59,80
540,Entry long,2023-05-22 08:45,ORB Long A (3c),13928,3,83568,-103.5,-0.12,0,112.5,0.13,-396,-0.47,45892,4.59,80
541,Exit short,2023-05-23 13:20,S-TP1,13715,2,55221,361,0.65,0,361,0.65,-55,-0.10,46253,4.63,21
541,Entry short,2023-05-23 11:35,ORB Short B (2c),13805.25,2,55221,361,0.65,0,361,0.65,-55,-0.10,46253,4.63,21
542,Exit long,2023-05-25 15:25,EOD Close,13987,3,83857.5,64.5,0.08,0,331.5,0.40,-330,-0.39,46317.5,4.63,63
542,Entry long,2023-05-25 10:10,ORB Long B+ (3c),13976.25,3,83857.5,64.5,0.08,0,331.5,0.40,-330,-0.39,46317.5,4.63,63
543,Exit long,2023-05-26 09:25,L-TP1,14185,3,84577.5,532.5,0.63,0,532.5,0.63,-3,0.00,46850,4.69,8
543,Entry long,2023-05-26 08:45,ORB Long A+ (3c),14096.25,3,84577.5,532.5,0.63,0,532.5,0.63,-3,0.00,46850,4.69,8
544,Exit long,2023-05-31 09:15,L-TP1,14320.25,3,86371.5,-450,-0.52,0,76.5,0.09,-450,-0.52,46400,4.64,6
544,Entry long,2023-05-31 08:45,ORB Long A+ (3c),14395.25,3,86371.5,-450,-0.52,0,76.5,0.09,-450,-0.52,46400,4.64,6
545,Exit long,2023-06-01 10:15,L-TP1,14388,3,85938,390,0.45,0,390,0.45,-301.5,-0.35,46790,4.68,15
545,Entry long,2023-06-01 09:00,ORB Long A+ (3c),14323,3,85938,390,0.45,0,390,0.45,-301.5,-0.35,46790,4.68,15
546,Exit long,2023-06-05 13:30,L-TP1,14581.5,3,87939,-450,-0.51,0,232.5,0.26,-450,-0.51,46340,4.63,44
546,Entry long,2023-06-05 09:50,ORB Long A (3c),14656.5,3,87939,-450,-0.51,0,232.5,0.26,-450,-0.51,46340,4.63,44
547,Exit long,2023-06-06 15:25,EOD Close,14589.25,2,58246,111,0.19,0,250,0.43,-135,-0.23,46451,4.65,74
547,Entry long,2023-06-06 09:15,ORB Long B (2c),14561.5,2,58246,111,0.19,0,250,0.43,-135,-0.23,46451,4.65,74
548,Exit long,2023-06-08 10:05,L-TP1,14485,3,86436,474,0.55,0,474,0.55,-88.5,-0.10,46925,4.69,11
548,Entry long,2023-06-08 09:10,ORB Long A (3c),14406,3,86436,474,0.55,0,474,0.55,-88.5,-0.10,46925,4.69,11
549,Exit long,2023-06-09 10:25,L-TP1,14559.25,3,87805.5,-450,-0.51,0,322.5,0.37,-450,-0.51,46475,4.65,20
549,Entry long,2023-06-09 08:45,ORB Long A+ (3c),14634.25,3,87805.5,-450,-0.51,0,322.5,0.37,-450,-0.51,46475,4.65,20
550,Exit short,2023-06-09 15:25,EOD Close,14570.25,2,58205,-76,-0.13,0,221,0.38,-255,-0.44,46399,4.64,60
550,Entry short,2023-06-09 10:25,ORB Short C+ (2c),14551.25,2,58205,-76,-0.13,0,221,0.38,-255,-0.44,46399,4.64,60
551,Exit short,2023-06-13 09:10,S-TP1,14965,2,60170,310,0.52,0,310,0.52,-95,-0.16,46709,4.67,5
551,Entry short,2023-06-13 08:45,ORB Short B (2c),15042.5,2,60170,310,0.52,0,310,0.52,-95,-0.16,46709,4.67,5
552,Exit long,2023-06-14 10:15,L-TP1,15185,3,90702,408,0.45,0,408,0.45,-79.5,-0.09,47117,4.71,18
552,Entry long,2023-06-14 08:45,ORB Long A (3c),15117,3,90702,408,0.45,0,408,0.45,-79.5,-0.09,47117,4.71,18
553,Exit long,2023-06-15 10:15,L-TP1,15285,3,91152,558,0.61,0,558,0.61,-66,-0.07,47675,4.77,18
553,Entry long,2023-06-15 08:45,ORB Long A (3c),15192,3,91152,558,0.61,0,558,0.61,-66,-0.07,47675,4.77,18
554,Exit long,2023-06-20 09:00,L-TP1,15222.5,3,91785,-450,-0.49,0,15,0.02,-450,-0.49,47225,4.72,3
554,Entry long,2023-06-20 08:45,ORB Long B+ (3c),15297.5,3,91785,-450,-0.49,0,15,0.02,-450,-0.49,47225,4.72,3
555,Exit long,2023-06-22 09:15,L-TP1,15134.5,3,90417,390,0.43,0,390,0.43,-85.5,-0.09,47615,4.76,6
555,Entry long,2023-06-22 08:45,ORB Long B+ (3c),15069.5,3,90417,390,0.43,0,390,0.43,-85.5,-0.09,47615,4.76,6
556,Exit long,2023-06-23 15:25,EOD Close,15051.5,2,60412,-206,-0.34,0,210,0.35,-289,-0.48,47409,4.74,50
556,Entry long,2023-06-23 11:15,ORB Long B (2c),15103,2,60412,-206,-0.34,0,210,0.35,-289,-0.48,47409,4.74,50
557,Exit long,2023-06-26 09:40,L-TP1,15048,3,90738,-450,-0.50,0,175.5,0.19,-450,-0.50,46959,4.70,10
557,Entry long,2023-06-26 08:50,ORB Long A+ (3c),15123,3,90738,-450,-0.50,0,175.5,0.19,-450,-0.50,46959,4.70,10
558,Exit short,2023-06-26 11:10,S-TP1,14915,2,60096,436,0.73,0,436,0.73,-37,-0.06,47395,4.74,12
558,Entry short,2023-06-26 10:10,ORB Short C (2c),15024,2,60096,436,0.73,0,436,0.73,-37,-0.06,47395,4.74,12
559,Exit long,2023-06-27 11:40,L-TP1,15052.25,3,89893.5,420,0.47,0,420,0.47,-49.5,-0.06,47815,4.78,15
559,Entry long,2023-06-27 10:25,ORB Long A (3c),14982.25,3,89893.5,420,0.47,0,420,0.47,-49.5,-0.06,47815,4.78,15
560,Exit long,2023-06-28 09:35,L-TP1,15185,3,90684,426,0.47,0,426,0.47,-81,-0.09,48241,4.82,4
560,Entry long,2023-06-28 09:15,ORB Long A+ (3c),15114,3,90684,426,0.47,0,426,0.47,-81,-0.09,48241,4.82,4
561,Exit long,2023-06-28 15:25,EOD Close,15164.5,3,90676.5,310.5,0.34,0,399,0.44,-285,-0.31,48551.5,4.86,37
561,Entry long,2023-06-28 12:20,ORB Long A (3c),15112.75,3,90676.5,310.5,0.34,0,399,0.44,-285,-0.31,48551.5,4.86,37
562,Exit long,2023-06-30 15:25,EOD Close,15314,3,91963.5,-79.5,-0.09,0,295.5,0.32,-268.5,-0.29,48472,4.85,80
562,Entry long,2023-06-30 08:45,ORB Long A+ (3c),15327.25,3,91963.5,-79.5,-0.09,0,295.5,0.32,-268.5,-0.29,48472,4.85,80
563,Exit long,2023-07-05 15:25,EOD Close,15355.25,3,92308.5,-177,-0.19,0,282,0.31,-363,-0.39,48295,4.83,79
563,Entry long,2023-07-05 08:50,ORB Long B+ (3c),15384.75,3,92308.5,-177,-0.19,0,282,0.31,-363,-0.39,48295,4.83,79
564,Exit long,2023-07-06 15:25,EOD Close,15226.75,2,60862,45,0.07,0,147,0.24,-96,-0.16,48340,4.83,42
564,Entry long,2023-07-06 11:55,ORB Long B (2c),15215.5,2,60862,45,0.07,0,147,0.24,-96,-0.16,48340,4.83,42
565,Exit long,2023-07-07 11:35,L-TP1,15335,3,91489.5,520.5,0.57,0,520.5,0.57,-412.5,-0.45,48860.5,4.89,34
565,Entry long,2023-07-07 08:45,ORB Long A+ (3c),15248.25,3,91489.5,520.5,0.57,0,520.5,0.57,-412.5,-0.45,48860.5,4.89,34
566,Exit long,2023-07-11 13:35,L-TP1,15161,2,60944,-300,-0.49,0,56,0.09,-300,-0.49,48560.5,4.86,32
566,Entry long,2023-07-11 10:55,ORB Long B (2c),15236,2,60944,-300,-0.49,0,56,0.09,-300,-0.49,48560.5,4.86,32
567,Exit long,2023-07-13 13:15,L-TP1,15685,3,93718.5,391.5,0.42,0,391.5,0.42,-373.5,-0.40,48952,4.90,53
567,Entry long,2023-07-13 08:50,ORB Long A+ (3c),15619.75,3,93718.5,391.5,0.42,0,391.5,0.42,-373.5,-0.40,48952,4.90,53
568,Exit long,2023-07-14 12:05,L-TP1,15731,3,94836,-450,-0.47,0,309,0.33,-450,-0.47,48502,4.85,39
568,Entry long,2023-07-14 08:50,ORB Long A (3c),15806,3,94836,-450,-0.47,0,309,0.33,-450,-0.47,48502,4.85,39
569,Exit long,2023-07-17 14:20,L-TP1,15885,3,94705.5,604.5,0.64,0,604.5,0.64,-144,-0.15,49106.5,4.91,46
569,Entry long,2023-07-17 10:30,ORB Long B+ (3c),15784.25,3,94705.5,604.5,0.64,0,604.5,0.64,-144,-0.15,49106.5,4.91,46
570,Exit long,2023-07-18 12:10,L-TP1,15935,3,94989,621,0.65,0,621,0.65,-1.5,0.00,49727.5,4.97,18
570,Entry long,2023-07-18 10:40,ORB Long A+ (3c),15831.5,3,94989,621,0.65,0,621,0.65,-1.5,0.00,49727.5,4.97,18
571,Exit long,2023-07-19 11:25,L-TP1,15966.5,3,96249,-450,-0.47,0,126,0.13,-450,-0.47,49277.5,4.93,15
571,Entry long,2023-07-19 10:10,ORB Long A (3c),16041.5,3,96249,-450,-0.47,0,126,0.13,-450,-0.47,49277.5,4.93,15
572,Exit short,2023-07-19 15:25,EOD Close,15937.75,2,63840,89,0.14,0,196,0.31,-159,-0.25,49366.5,4.94,46
572,Entry short,2023-07-19 11:35,ORB Short C (2c),15960,2,63840,89,0.14,0,196,0.31,-159,-0.25,49366.5,4.94,46
573,Exit short,2023-07-20 09:25,S-TP1,15748.5,2,63289,295,0.47,0,295,0.47,-39,-0.06,49661.5,4.97,5
573,Entry short,2023-07-20 09:00,ORB Short B (2c),15822.25,2,63289,295,0.47,0,295,0.47,-39,-0.06,49661.5,4.97,5
574,Exit long,2023-07-25 13:45,L-TP1,15735,3,93868.5,541.5,0.58,0,541.5,0.58,-252,-0.27,50203,5.02,60
574,Entry long,2023-07-25 08:45,ORB Long B+ (3c),15644.75,3,93868.5,541.5,0.58,0,541.5,0.58,-252,-0.27,50203,5.02,60
575,Exit short,2023-07-27 12:30,S-TP1,15731.25,2,63206,281,0.44,0,281,0.44,-53,-0.08,50484,5.05,5
575,Entry short,2023-07-27 12:05,ORB Short C (2c),15801.5,2,63206,281,0.44,0,281,0.44,-53,-0.08,50484,5.05,5
576,Exit long,2023-07-28 10:40,L-TP1,15885,3,94804.5,505.5,0.53,0,505.5,0.53,-115.5,-0.12,50989.5,5.10,23
576,Entry long,2023-07-28 08:45,ORB Long A (3c),15800.75,3,94804.5,505.5,0.53,0,505.5,0.53,-115.5,-0.12,50989.5,5.10,23
577,Exit short,2023-08-07 13:00,S-TP1,15457.75,3,92296.5,-450,-0.49,0,289.5,0.31,-450,-0.49,50539.5,5.05,51
577,Entry short,2023-08-07 08:45,ORB Short A (3c),15382.75,3,92296.5,-450,-0.49,0,289.5,0.31,-450,-0.49,50539.5,5.05,51
578,Exit short,2023-08-08 14:45,S-TP1,15361.5,3,91719,-450,-0.49,0,421.5,0.46,-450,-0.49,50089.5,5.01,72
578,Entry short,2023-08-08 08:45,ORB Short A (3c),15286.5,3,91719,-450,-0.49,0,421.5,0.46,-450,-0.49,50089.5,5.01,72
579,Exit short,2023-08-09 09:55,S-TP1,15212.75,3,91666.5,390,0.43,0,390,0.43,-142.5,-0.16,50479.5,5.05,13
579,Entry short,2023-08-09 08:50,ORB Short A (3c),15277.75,3,91666.5,390,0.43,0,390,0.43,-142.5,-0.16,50479.5,5.05,13
580,Exit long,2023-08-10 10:00,L-TP1,15302.5,2,61510,-300,-0.49,0,257,0.42,-300,-0.49,50179.5,5.02,15
580,Entry long,2023-08-10 08:45,ORB Long B (2c),15377.5,2,61510,-300,-0.49,0,257,0.42,-300,-0.49,50179.5,5.02,15
581,Exit short,2023-08-10 12:20,S-TP1,15189.75,3,91632,493.5,0.54,0,493.5,0.54,-325.5,-0.36,50673,5.07,24
581,Entry short,2023-08-10 10:20,ORB Short A (3c),15272,3,91632,493.5,0.54,0,493.5,0.54,-325.5,-0.36,50673,5.07,24
582,Exit short,2023-08-11 11:15,S-TP1,15116,3,90246,-450,-0.50,0,9,0.01,-450,-0.50,50223,5.02,9
582,Entry short,2023-08-11 10:30,ORB Short B+ (3c),15041,3,90246,-450,-0.50,0,9,0.01,-450,-0.50,50223,5.02,9
583,Exit short,2023-08-11 13:30,S-TP1,15132,3,90342,-450,-0.50,0,21,0.02,-450,-0.50,49773,4.98,17
583,Entry short,2023-08-11 12:05,ORB Short B+ (3c),15057,3,90342,-450,-0.50,0,21,0.02,-450,-0.50,49773,4.98,17
584,Exit long,2023-08-14 09:35,L-TP1,15185,2,60464,276,0.46,0,276,0.46,-64,-0.11,50049,5.00,9
584,Entry long,2023-08-14 08:50,ORB Long B (2c),15116,2,60464,276,0.46,0,276,0.46,-64,-0.11,50049,5.00,9
585,Exit short,2023-08-15 09:05,S-TP1,15131.25,3,91177.5,390,0.43,0,390,0.43,-126,-0.14,50439,5.04,4
585,Entry short,2023-08-15 08:45,ORB Short A (3c),15196.25,3,91177.5,390,0.43,0,390,0.43,-126,-0.14,50439,5.04,4
586,Exit short,2023-08-16 14:10,S-TP1,14965,3,90267,477,0.53,0,477,0.53,-255,-0.28,50916,5.09,39
586,Entry short,2023-08-16 10:55,ORB Short B+ (3c),15044.5,3,90267,477,0.53,0,477,0.53,-255,-0.28,50916,5.09,39
587,Exit short,2023-08-17 13:50,S-TP1,14815,3,89491.5,601.5,0.67,0,601.5,0.67,-255,-0.28,51517.5,5.15,60
587,Entry short,2023-08-17 08:50,ORB Short A+ (3c),14915.25,3,89491.5,601.5,0.67,0,601.5,0.67,-255,-0.28,51517.5,5.15,60
588,Exit short,2023-08-21 11:20,S-TP1,14870.25,2,59181,-300,-0.51,0,28,0.05,-300,-0.51,51217.5,5.12,8
588,Entry short,2023-08-21 10:40,ORB Short B (2c),14795.25,2,59181,-300,-0.51,0,28,0.05,-300,-0.51,51217.5,5.12,8
589,Exit short,2023-08-22 11:15,S-TP1,14937.75,3,90094.5,468,0.52,0,468,0.52,-246,-0.27,51685.5,5.17,29
589,Entry short,2023-08-22 08:50,ORB Short B+ (3c),15015.75,3,90094.5,468,0.52,0,468,0.52,-246,-0.27,51685.5,5.17,29
590,Exit short,2023-08-25 09:45,S-TP1,14822.75,3,89326.5,390,0.44,0,390,0.44,-120,-0.13,52075.5,5.21,4
590,Entry short,2023-08-25 09:25,ORB Short B+ (3c),14887.75,3,89326.5,390,0.44,0,390,0.44,-120,-0.13,52075.5,5.21,4
591,Exit short,2023-08-25 13:20,S-TP1,14948.5,3,89241,-450,-0.50,0,219,0.25,-450,-0.50,51625.5,5.16,13
591,Entry short,2023-08-25 12:15,ORB Short B+ (3c),14873.5,3,89241,-450,-0.50,0,219,0.25,-450,-0.50,51625.5,5.16,13
592,Exit short,2023-08-28 14:45,S-TP1,15108.25,2,60133,-300,-0.50,0,199,0.33,-300,-0.50,51325.5,5.13,61
592,Entry short,2023-08-28 09:40,ORB Short B (2c),15033.25,2,60133,-300,-0.50,0,199,0.33,-300,-0.50,51325.5,5.13,61
593,Exit long,2023-08-30 09:25,L-TP1,15388.5,2,61854,-300,-0.49,0,176,0.28,-300,-0.49,51025.5,5.10,7
593,Entry long,2023-08-30 08:50,ORB Long B (2c),15463.5,2,61854,-300,-0.49,0,176,0.28,-300,-0.49,51025.5,5.10,7
594,Exit long,2023-08-30 15:25,EOD Close,15512,2,61801,247,0.40,0,297,0.48,-94,-0.15,51272.5,5.13,70
594,Entry long,2023-08-30 09:35,ORB Long B (2c),15450.25,2,61801,247,0.40,0,297,0.48,-94,-0.15,51272.5,5.13,70
595,Exit long,2023-08-31 15:25,EOD Close,15541.25,3,93400.5,-153,-0.16,0,240,0.26,-438,-0.47,51119.5,5.11,78
595,Entry long,2023-08-31 08:55,ORB Long A+ (3c),15566.75,3,93400.5,-153,-0.16,0,240,0.26,-438,-0.47,51119.5,5.11,78
596,Exit long,2023-09-05 13:25,L-TP1,15580.5,2,62043,279,0.45,0,279,0.45,-135,-0.22,51398.5,5.14,49
596,Entry long,2023-09-05 09:20,ORB Long B (2c),15510.75,2,62043,279,0.45,0,279,0.45,-135,-0.22,51398.5,5.14,49
597,Exit short,2023-09-11 12:30,S-TP1,15440,2,61460,-300,-0.49,0,105,0.17,-300,-0.49,51098.5,5.11,43
597,Entry short,2023-09-11 08:55,ORB Short B (2c),15365,2,61460,-300,-0.49,0,105,0.17,-300,-0.49,51098.5,5.11,43
598,Exit long,2023-09-11 15:25,EOD Close,15477.25,3,92712,151.5,0.16,0,276,0.30,-1.5,0.00,51250,5.13,32
598,Entry long,2023-09-11 12:45,ORB Long A (3c),15452,3,92712,151.5,0.16,0,276,0.30,-1.5,0.00,51250,5.13,32
599,Exit long,2023-09-12 09:30,L-TP1,15575.25,3,93901.5,-450,-0.48,0,24,0.03,-450,-0.48,50800,5.08,7
599,Entry long,2023-09-12 08:55,ORB Long A (3c),15650.25,3,93901.5,-450,-0.48,0,24,0.03,-450,-0.48,50800,5.08,7
600,Exit short,2023-09-12 13:50,S-TP1,15511,2,62304,260,0.42,0,260,0.42,-159,-0.26,51060,5.11,51
600,Entry short,2023-09-12 09:35,ORB Short C (2c),15576,2,62304,260,0.42,0,260,0.42,-159,-0.26,51060,5.11,51
601,Exit short,2023-09-13 09:40,S-TP1,15559,2,61936,-300,-0.48,0,120,0.19,-300,-0.48,50760,5.08,7
601,Entry short,2023-09-13 09:05,ORB Short C (2c),15484,2,61936,-300,-0.48,0,120,0.19,-300,-0.48,50760,5.08,7
602,Exit long,2023-09-13 15:25,EOD Close,15568.75,3,93487.5,-75,-0.08,0,232.5,0.25,-438,-0.47,50685,5.07,65
602,Entry long,2023-09-13 10:00,ORB Long A (3c),15581.25,3,93487.5,-75,-0.08,0,232.5,0.25,-438,-0.47,50685,5.07,65
603,Exit short,2023-09-14 09:40,S-TP1,15636,2,62244,-300,-0.48,0,120,0.19,-300,-0.48,50385,5.04,10
603,Entry short,2023-09-14 08:50,ORB Short C (2c),15561,2,62244,-300,-0.48,0,120,0.19,-300,-0.48,50385,5.04,10
604,Exit long,2023-09-14 15:25,EOD Close,15695.5,3,93871.5,301.5,0.32,0,417,0.44,-109.5,-0.12,50686.5,5.07,69
604,Entry long,2023-09-14 09:40,ORB Long B+ (3c),15645.25,3,93871.5,301.5,0.32,0,417,0.44,-109.5,-0.12,50686.5,5.07,69
605,Exit long,2023-09-18 15:25,EOD Close,15427.25,2,61742,-33,-0.05,0,101,0.16,-225,-0.36,50653.5,5.07,59
605,Entry long,2023-09-18 10:30,ORB Long B (2c),15435.5,2,61742,-33,-0.05,0,101,0.16,-225,-0.36,50653.5,5.07,59
606,Exit short,2023-09-21 14:55,S-TP1,14868.5,3,89779.5,568.5,0.63,0,568.5,0.63,-333,-0.37,51222,5.12,74
606,Entry short,2023-09-21 08:45,ORB Short B+ (3c),14963.25,3,89779.5,568.5,0.63,0,568.5,0.63,-333,-0.37,51222,5.12,74
607,Exit long,2023-09-22 13:15,L-TP1,14874.75,2,59799,-300,-0.50,0,310,0.52,-300,-0.50,50922,5.09,52
607,Entry long,2023-09-22 08:55,ORB Long B (2c),14949.75,2,59799,-300,-0.50,0,310,0.52,-300,-0.50,50922,5.09,52
608,Exit long,2023-09-28 10:20,L-TP1,14806.25,2,58932,293,0.50,0,293,0.50,-215,-0.36,51215,5.12,18
608,Entry long,2023-09-28 08:50,ORB Long B (2c),14733,2,58932,293,0.50,0,293,0.50,-215,-0.36,51215,5.12,18
609,Exit short,2023-10-05 09:10,S-TP1,14765,3,89082,492,0.55,0,492,0.55,-67.5,-0.08,51707,5.17,5
609,Entry short,2023-10-05 08:45,ORB Short A+ (3c),14847,3,89082,492,0.55,0,492,0.55,-67.5,-0.08,51707,5.17,5
610,Exit long,2023-10-10 10:05,L-TP1,15335,2,60962,378,0.62,0,378,0.62,-12,-0.02,52085,5.21,14
610,Entry long,2023-10-10 08:55,ORB Long C+ (2c),15240.5,2,60962,378,0.62,0,378,0.62,-12,-0.02,52085,5.21,14
611,Exit long,2023-10-12 12:10,L-TP1,15347.25,3,92533.5,-450,-0.49,0,283.5,0.31,-450,-0.49,51635,5.16,37
611,Entry long,2023-10-12 09:05,ORB Long B+ (3c),15422.25,3,92533.5,-450,-0.49,0,283.5,0.31,-450,-0.49,51635,5.16,37
612,Exit short,2023-10-13 09:50,S-TP1,15215,2,61154,294,0.48,0,294,0.48,-70,-0.11,51929,5.19,8
612,Entry short,2023-10-13 09:10,ORB Short C (2c),15288.5,2,61154,294,0.48,0,294,0.48,-70,-0.11,51929,5.19,8
613,Exit long,2023-10-16 14:10,L-TP1,15328.5,2,61054,260,0.43,0,260,0.43,-207,-0.34,52189,5.22,59
613,Entry long,2023-10-16 09:15,ORB Long B (2c),15263.5,2,61054,260,0.43,0,260,0.43,-207,-0.34,52189,5.22,59
614,Exit long,2023-10-18 09:35,L-TP1,15125.75,2,60803,-300,-0.49,0,93,0.15,-300,-0.49,51889,5.19,4
614,Entry long,2023-10-18 09:15,ORB Long B (2c),15200.75,2,60803,-300,-0.49,0,93,0.15,-300,-0.49,51889,5.19,4
615,Exit short,2023-10-20 09:50,S-TP1,14715,3,88701,411,0.46,0,411,0.46,-177,-0.20,52300,5.23,8
615,Entry short,2023-10-20 09:10,ORB Short A+ (3c),14783.5,3,88701,411,0.46,0,411,0.46,-177,-0.20,52300,5.23,8
616,Exit short,2023-10-24 13:30,S-TP1,14832,3,88542,-450,-0.51,0,307.5,0.35,-450,-0.51,51850,5.19,26
616,Entry short,2023-10-24 11:20,ORB Short B+ (3c),14757,3,88542,-450,-0.51,0,307.5,0.35,-450,-0.51,51850,5.19,26
617,Exit short,2023-10-25 12:00,S-TP1,14535.5,3,87678,465,0.53,0,465,0.53,-432,-0.49,52315,5.23,39
617,Entry short,2023-10-25 08:45,ORB Short A (3c),14613,3,87678,465,0.53,0,465,0.53,-432,-0.49,52315,5.23,39
618,Exit short,2023-10-26 09:10,S-TP1,14295.5,3,86178,405,0.47,0,405,0.47,-21,-0.02,52720,5.27,5
618,Entry short,2023-10-26 08:45,ORB Short A+ (3c),14363,3,86178,405,0.47,0,405,0.47,-21,-0.02,52720,5.27,5
619,Exit short,2023-10-27 10:10,S-TP1,14371.5,2,57186,-300,-0.52,0,90,0.16,-300,-0.52,52420,5.24,17
619,Entry short,2023-10-27 08:45,ORB Short B (2c),14296.5,2,57186,-300,-0.52,0,90,0.16,-300,-0.52,52420,5.24,17
620,Exit short,2023-10-27 12:55,S-TP1,14229.75,2,57179,260,0.45,0,260,0.45,-2,0.00,52680,5.27,11
620,Entry short,2023-10-27 12:00,ORB Short C+ (2c),14294.75,2,57179,260,0.45,0,260,0.45,-2,0.00,52680,5.27,11
621,Exit short,2023-10-30 12:30,S-TP1,14408.75,2,57335,-300,-0.52,0,110,0.19,-300,-0.52,52380,5.24,35
621,Entry short,2023-10-30 09:35,ORB Short B (2c),14333.75,2,57335,-300,-0.52,0,110,0.19,-300,-0.52,52380,5.24,35
622,Exit long,2023-11-03 11:25,L-TP1,15185,2,60461,279,0.46,0,279,0.46,-254,-0.42,52659,5.27,32
622,Entry long,2023-11-03 08:45,ORB Long B (2c),15115.25,2,60461,279,0.46,0,279,0.46,-254,-0.42,52659,5.27,32
623,Exit long,2023-11-07 09:50,L-TP1,15385,3,91788,522,0.57,0,522,0.57,-150,-0.16,53181,5.32,11
623,Entry long,2023-11-07 08:55,ORB Long A (3c),15298,3,91788,522,0.57,0,522,0.57,-150,-0.16,53181,5.32,11
624,Exit long,2023-11-09 09:30,L-TP1,15348,3,92538,-450,-0.49,0,58.5,0.06,-450,-0.49,52731,5.27,7
624,Entry long,2023-11-09 08:55,ORB Long A+ (3c),15423,3,92538,-450,-0.49,0,58.5,0.06,-450,-0.49,52731,5.27,7
625,Exit long,2023-11-09 12:00,L-TP1,15344.75,3,92518.5,-450,-0.49,0,201,0.22,-450,-0.49,52281,5.23,22
625,Entry long,2023-11-09 10:10,ORB Long A (3c),15419.75,3,92518.5,-450,-0.49,0,201,0.22,-450,-0.49,52281,5.23,22
626,Exit short,2023-11-09 13:40,S-TP1,15265,2,61383,323,0.53,0,323,0.53,-202,-0.33,52604,5.26,20
626,Entry short,2023-11-09 12:00,ORB Short B (2c),15345.75,2,61383,323,0.53,0,323,0.53,-202,-0.33,52604,5.26,20
627,Exit long,2023-11-10 11:00,L-TP1,15460.5,3,92305.5,457.5,0.50,0,457.5,0.50,-373.5,-0.40,53061.5,5.31,26
627,Entry long,2023-11-10 08:50,ORB Long A (3c),15384.25,3,92305.5,457.5,0.50,0,457.5,0.50,-373.5,-0.40,53061.5,5.31,26
628,Exit short,2023-11-13 10:00,S-TP1,15550.75,2,61903,-300,-0.48,0,42,0.07,-300,-0.48,52761.5,5.28,14
628,Entry short,2023-11-13 08:50,ORB Short B (2c),15475.75,2,61903,-300,-0.48,0,42,0.07,-300,-0.48,52761.5,5.28,14
629,Exit long,2023-11-13 15:25,EOD Close,15552.75,3,93331.5,-15,-0.02,0,205.5,0.22,-108,-0.12,52746.5,5.27,64
629,Entry long,2023-11-13 10:05,ORB Long A (3c),15555.25,3,93331.5,-15,-0.02,0,205.5,0.22,-108,-0.12,52746.5,5.27,64
630,Exit long,2023-11-14 15:25,EOD Close,15900.75,3,95172,232.5,0.24,0,340.5,0.36,-240,-0.25,52979,5.30,78
630,Entry long,2023-11-14 08:55,ORB Long B+ (3c),15862,3,95172,232.5,0.24,0,340.5,0.36,-240,-0.25,52979,5.30,78
631,Exit long,2023-11-20 13:40,L-TP1,16085,3,95977.5,532.5,0.55,0,532.5,0.55,-352.5,-0.37,53511.5,5.35,57
631,Entry long,2023-11-20 08:55,ORB Long B+ (3c),15996.25,3,95977.5,532.5,0.55,0,532.5,0.55,-352.5,-0.37,53511.5,5.35,57
632,Exit long,2023-11-27 15:25,EOD Close,16007,3,96264,-222,-0.23,0,270,0.28,-277.5,-0.29,53289.5,5.33,76
632,Entry long,2023-11-27 09:05,ORB Long B+ (3c),16044,3,96264,-222,-0.23,0,270,0.28,-277.5,-0.29,53289.5,5.33,76
633,Exit long,2023-12-01 10:40,L-TP1,16002.5,3,95625,390,0.41,0,390,0.41,-438,-0.46,53679.5,5.37,20
633,Entry long,2023-12-01 09:00,ORB Long A+ (3c),15937.5,3,95625,390,0.41,0,390,0.41,-438,-0.46,53679.5,5.37,20
634,Exit long,2023-12-05 09:20,L-TP1,15935,3,95113.5,496.5,0.52,0,496.5,0.52,-33,-0.03,54176,5.42,6
634,Entry long,2023-12-05 08:50,ORB Long A+ (3c),15852.25,3,95113.5,496.5,0.52,0,496.5,0.52,-33,-0.03,54176,5.42,6
635,Exit long,2023-12-05 15:25,EOD Close,15910.25,3,95209.5,252,0.26,0,346.5,0.36,-244.5,-0.26,54428,5.44,54
635,Entry long,2023-12-05 10:55,ORB Long A (3c),15868.25,3,95209.5,252,0.26,0,346.5,0.36,-244.5,-0.26,54428,5.44,54
636,Exit short,2023-12-06 14:50,S-TP1,15815,2,63682,422,0.66,0,422,0.66,-208,-0.33,54850,5.49,70
636,Entry short,2023-12-06 09:00,ORB Short C (2c),15920.5,2,63682,422,0.66,0,422,0.66,-208,-0.33,54850,5.49,70
637,Exit long,2023-12-07 15:25,EOD Close,16014,3,95962.5,121.5,0.13,0,432,0.45,-378,-0.39,54971.5,5.50,73
637,Entry long,2023-12-07 09:20,ORB Long A (3c),15993.75,3,95962.5,121.5,0.13,0,432,0.45,-378,-0.39,54971.5,5.50,73
638,Exit long,2023-12-08 15:25,EOD Close,16093.25,3,96270,289.5,0.30,0,444,0.46,-331.5,-0.34,55261,5.53,77
638,Entry long,2023-12-08 09:00,ORB Long A+ (3c),16045,3,96270,289.5,0.30,0,444,0.46,-331.5,-0.34,55261,5.53,77
639,Exit long,2023-12-11 12:45,L-TP1,16235,3,96904.5,505.5,0.52,0,505.5,0.52,-175.5,-0.18,55766.5,5.58,47
639,Entry long,2023-12-11 08:50,ORB Long A+ (3c),16150.75,3,96904.5,505.5,0.52,0,505.5,0.52,-175.5,-0.18,55766.5,5.58,47
640,Exit long,2023-12-12 13:20,L-TP1,16535,2,65868,272,0.41,0,272,0.41,-50,-0.08,56038.5,5.60,53
640,Entry long,2023-12-12 08:55,ORB Long B (2c),16467,2,65868,272,0.41,0,272,0.41,-50,-0.08,56038.5,5.60,53
641,Exit short,2023-12-14 12:00,S-TP1,16730.25,2,67220,299,0.44,0,299,0.44,-61,-0.09,56337.5,5.63,33
641,Entry short,2023-12-14 09:15,ORB Short C (2c),16805,2,67220,299,0.44,0,299,0.44,-61,-0.09,56337.5,5.63,33
642,Exit long,2023-12-15 12:45,L-TP1,16773,3,101088,-450,-0.45,0,235.5,0.23,-450,-0.45,55887.5,5.59,42
642,Entry long,2023-12-15 09:15,ORB Long A (3c),16848,3,101088,-450,-0.45,0,235.5,0.23,-450,-0.45,55887.5,5.59,42
643,Exit long,2023-12-18 15:25,EOD Close,16921.5,3,101271,258,0.25,0,574.5,0.57,-136.5,-0.13,56145.5,5.61,78
643,Entry long,2023-12-18 08:55,ORB Long A (3c),16878.5,3,101271,258,0.25,0,574.5,0.57,-136.5,-0.13,56145.5,5.61,78
644,Exit long,2023-12-19 15:25,EOD Close,17023,3,101985,153,0.15,0,192,0.19,-195,-0.19,56298.5,5.63,71
644,Entry long,2023-12-19 09:30,ORB Long A (3c),16997.5,3,101985,153,0.15,0,192,0.19,-195,-0.19,56298.5,5.63,71
645,Exit long,2023-12-20 13:45,L-TP1,16951,3,102156,-450,-0.44,0,285,0.28,-450,-0.44,55848.5,5.58,57
645,Entry long,2023-12-20 09:00,ORB Long A+ (3c),17026,3,102156,-450,-0.44,0,285,0.28,-450,-0.44,55848.5,5.58,57
646,Exit short,2023-12-22 13:20,S-TP1,16919.75,2,67939,260,0.38,0,260,0.38,-147,-0.22,56108.5,5.61,27
646,Entry short,2023-12-22 11:05,ORB Short C (2c),16984.75,2,67939,260,0.38,0,260,0.38,-147,-0.22,56108.5,5.61,27
647,Exit long,2023-12-26 15:25,EOD Close,17085.5,3,102345,168,0.16,0,324,0.32,-208.5,-0.20,56276.5,5.63,70
647,Entry long,2023-12-26 09:35,ORB Long A (3c),17057.5,3,102345,168,0.16,0,324,0.32,-208.5,-0.20,56276.5,5.63,70
648,Exit long,2024-01-08 11:00,L-TP1,16685,2,66329,411,0.62,0,411,0.62,-23,-0.03,56687.5,5.67,27
648,Entry long,2024-01-08 08:45,ORB Long B (2c),16582.25,2,66329,411,0.62,0,411,0.62,-23,-0.03,56687.5,5.67,27
649,Exit long,2024-01-09 10:20,L-TP1,16785.5,3,100323,390,0.39,0,390,0.39,-52.5,-0.05,57077.5,5.71,15
649,Entry long,2024-01-09 09:05,ORB Long A (3c),16720.5,3,100323,390,0.39,0,390,0.39,-52.5,-0.05,57077.5,5.71,15
650,Exit short,2024-01-11 09:00,S-TP1,16884.5,2,67798,260,0.38,0,260,0.38,-48,-0.07,57337.5,5.73,3
650,Entry short,2024-01-11 08:45,ORB Short C (2c),16949.5,2,67798,260,0.38,0,260,0.38,-48,-0.07,57337.5,5.73,3
651,Exit short,2024-01-12 15:25,EOD Close,16954.25,2,67837,20,0.03,0,184,0.27,-183,-0.27,57357.5,5.74,77
651,Entry short,2024-01-12 09:00,ORB Short C (2c),16959.25,2,67837,20,0.03,0,184,0.27,-183,-0.27,57357.5,5.74,77
652,Exit long,2024-01-16 09:45,L-TP1,17029.75,2,67859,260,0.38,0,260,0.38,-11,-0.02,57617.5,5.76,6
652,Entry long,2024-01-16 09:15,ORB Long B (2c),16964.75,2,67859,260,0.38,0,260,0.38,-11,-0.02,57617.5,5.76,6
653,Exit long,2024-01-16 13:15,L-TP1,16872.5,2,67790,-300,-0.44,0,3,0.00,-300,-0.44,57317.5,5.73,9
653,Entry long,2024-01-16 12:30,ORB Long B (2c),16947.5,2,67790,-300,-0.44,0,3,0.00,-300,-0.44,57317.5,5.73,9
654,Exit long,2024-01-18 12:00,L-TP1,16983.75,3,102352.5,-450,-0.44,0,262.5,0.26,-450,-0.44,56867.5,5.69,29
654,Entry long,2024-01-18 09:35,ORB Long A (3c),17058.75,3,102352.5,-450,-0.44,0,262.5,0.26,-450,-0.44,56867.5,5.69,29
655,Exit short,2024-01-18 13:10,S-TP1,17052.25,2,67909,-300,-0.44,0,139,0.20,-300,-0.44,56567.5,5.66,14
655,Entry short,2024-01-18 12:00,ORB Short C (2c),16977.25,2,67909,-300,-0.44,0,139,0.20,-300,-0.44,56567.5,5.66,14
656,Exit long,2024-01-23 15:00,L-TP1,17554.5,3,104937,390,0.37,0,390,0.37,-177,-0.17,56957.5,5.70,37
656,Entry long,2024-01-23 11:55,ORB Long A (3c),17489.5,3,104937,390,0.37,0,390,0.37,-177,-0.17,56957.5,5.70,37
657,Exit long,2024-01-24 11:30,L-TP1,17785,3,106218,492,0.46,0,492,0.46,-90,-0.08,57449.5,5.74,27
657,Entry long,2024-01-24 09:15,ORB Long A (3c),17703,3,106218,492,0.46,0,492,0.46,-90,-0.08,57449.5,5.74,27
658,Exit long,2024-01-25 11:30,L-TP1,17655.25,3,106381.5,-450,-0.42,0,130.5,0.12,-450,-0.42,56999.5,5.70,25
658,Entry long,2024-01-25 09:25,ORB Long B+ (3c),17730.25,3,106381.5,-450,-0.42,0,130.5,0.12,-450,-0.42,56999.5,5.70,25
659,Exit long,2024-01-29 14:15,L-TP1,17685,3,105592.5,517.5,0.49,0,517.5,0.49,-124.5,-0.12,57517,5.75,35
659,Entry long,2024-01-29 11:20,ORB Long A+ (3c),17598.75,3,105592.5,517.5,0.49,0,517.5,0.49,-124.5,-0.12,57517,5.75,35
660,Exit long,2024-02-02 10:30,L-TP1,17685,2,70344,396,0.56,0,396,0.56,-151,-0.21,57913,5.79,21
660,Entry long,2024-02-02 08:45,ORB Long B (2c),17586,2,70344,396,0.56,0,396,0.56,-151,-0.21,57913,5.79,21
661,Exit short,2024-02-05 09:15,S-TP1,17618,2,70758,286,0.40,0,286,0.40,-73,-0.10,58199,5.82,5
661,Entry short,2024-02-05 08:50,ORB Short C (2c),17689.5,2,70758,286,0.40,0,286,0.40,-73,-0.10,58199,5.82,5
662,Exit short,2024-02-06 09:10,S-TP1,17617.75,2,70792,321,0.45,0,321,0.45,-16,-0.02,58520,5.85,5
662,Entry short,2024-02-06 08:45,ORB Short B (2c),17698,2,70792,321,0.45,0,321,0.45,-16,-0.02,58520,5.85,5
663,Exit long,2024-02-07 15:25,EOD Close,17847.5,3,106843.5,241.5,0.23,0,412.5,0.39,-166.5,-0.16,58761.5,5.88,75
663,Entry long,2024-02-07 09:10,ORB Long A (3c),17807.25,3,106843.5,241.5,0.23,0,412.5,0.39,-166.5,-0.16,58761.5,5.88,75
664,Exit long,2024-02-08 15:25,EOD Close,17863.25,3,107118,61.5,0.06,0,261,0.24,-177,-0.17,58823,5.88,77
664,Entry long,2024-02-08 09:00,ORB Long B+ (3c),17853,3,107118,61.5,0.06,0,261,0.24,-177,-0.17,58823,5.88,77
665,Exit long,2024-02-14 09:55,L-TP1,17750.25,2,71301,-300,-0.42,0,87,0.12,-300,-0.42,58523,5.85,8
665,Entry long,2024-02-14 09:15,ORB Long B (2c),17825.25,2,71301,-300,-0.42,0,87,0.12,-300,-0.42,58523,5.85,8
666,Exit short,2024-02-15 12:15,S-TP1,17900.25,2,71301,-300,-0.42,0,180,0.25,-300,-0.42,58223,5.82,41
666,Entry short,2024-02-15 08:50,ORB Short B (2c),17825.25,2,71301,-300,-0.42,0,180,0.25,-300,-0.42,58223,5.82,41
667,Exit long,2024-02-15 15:25,EOD Close,17960.75,3,107499,265.5,0.25,0,312,0.29,-259.5,-0.24,58488.5,5.85,38
667,Entry long,2024-02-15 12:15,ORB Long A (3c),17916.5,3,107499,265.5,0.25,0,312,0.29,-259.5,-0.24,58488.5,5.85,38
668,Exit short,2024-02-16 08:50,S-TP1,17795.25,2,71449,268,0.38,0,268,0.38,-17,-0.02,58756.5,5.88,1
668,Entry short,2024-02-16 08:45,ORB Short C (2c),17862.25,2,71449,268,0.38,0,268,0.38,-17,-0.02,58756.5,5.88,1
669,Exit long,2024-02-22 11:55,L-TP1,18011.25,3,107673,394.5,0.37,0,394.5,0.37,-325.5,-0.30,59151,5.92,38
669,Entry long,2024-02-22 08:45,ORB Long A (3c),17945.5,3,107673,394.5,0.37,0,394.5,0.37,-325.5,-0.30,59151,5.92,38
670,Exit long,2024-02-26 12:35,L-TP1,17980.5,3,108333,-450,-0.42,0,25.5,0.02,-450,-0.42,58701,5.87,21
670,Entry long,2024-02-26 10:50,ORB Long B+ (3c),18055.5,3,108333,-450,-0.42,0,25.5,0.02,-450,-0.42,58701,5.87,21
671,Exit long,2024-02-27 11:35,L-TP1,17953.25,2,72113,-300,-0.42,0,17,0.02,-300,-0.42,58401,5.84,28
671,Entry long,2024-02-27 09:15,ORB Long B (2c),18028.25,2,72113,-300,-0.42,0,17,0.02,-300,-0.42,58401,5.84,28
672,Exit long,2024-02-28 15:05,L-TP1,17876,2,71804,-300,-0.42,0,96,0.13,-300,-0.42,58101,5.81,61
672,Entry long,2024-02-28 10:00,ORB Long B (2c),17951,2,71804,-300,-0.42,0,96,0.13,-300,-0.42,58101,5.81,61
673,Exit long,2024-03-01 10:20,L-TP1,18237.5,3,109035,390,0.36,0,390,0.36,-169.5,-0.16,58491,5.85,15
673,Entry long,2024-03-01 09:05,ORB Long A (3c),18172.5,3,109035,390,0.36,0,390,0.36,-169.5,-0.16,58491,5.85,15
674,Exit long,2024-03-06 12:35,L-TP1,18056.5,3,108789,-450,-0.41,0,256.5,0.24,-450,-0.41,58041,5.80,19
674,Entry long,2024-03-06 11:00,ORB Long A (3c),18131.5,3,108789,-450,-0.41,0,256.5,0.24,-450,-0.41,58041,5.80,19
675,Exit long,2024-03-07 12:30,L-TP1,18331.75,3,109360.5,630,0.58,0,630,0.58,-49.5,-0.05,58671,5.87,38
675,Entry long,2024-03-07 09:20,ORB Long A (3c),18226.75,3,109360.5,630,0.58,0,630,0.58,-49.5,-0.05,58671,5.87,38
676,Exit long,2024-03-08 09:30,L-TP1,18435,3,110136,474,0.43,0,474,0.43,-54,-0.05,59145,5.91,9
676,Entry long,2024-03-08 08:45,ORB Long A+ (3c),18356,3,110136,474,0.43,0,474,0.43,-54,-0.05,59145,5.91,9
677,Exit short,2024-03-08 10:25,S-TP1,18193.5,2,73068,294,0.40,0,294,0.40,-108,-0.15,59439,5.94,4
677,Entry short,2024-03-08 10:05,ORB Short B (2c),18267,2,73068,294,0.40,0,294,0.40,-108,-0.15,59439,5.94,4
678,Exit long,2024-03-12 09:45,L-TP1,18421.5,2,73426,260,0.35,0,260,0.35,-31,-0.04,59699,5.97,5
678,Entry long,2024-03-12 09:20,ORB Long B (2c),18356.5,2,73426,260,0.35,0,260,0.35,-31,-0.04,59699,5.97,5
679,Exit long,2024-03-12 13:05,L-TP1,18421.25,3,110125.5,402,0.37,0,402,0.37,-31.5,-0.03,60101,6.01,11
679,Entry long,2024-03-12 12:10,ORB Long B+ (3c),18354.25,3,110125.5,402,0.37,0,402,0.37,-31.5,-0.03,60101,6.01,11
680,Exit short,2024-03-13 10:40,S-TP1,18285.5,2,73402,260,0.35,0,260,0.35,-134,-0.18,60361,6.04,23
680,Entry short,2024-03-13 08:45,ORB Short C (2c),18350.5,2,73402,260,0.35,0,260,0.35,-134,-0.18,60361,6.04,23
681,Exit long,2024-03-18 10:50,L-TP1,18283,2,73432,-300,-0.41,0,91,0.12,-300,-0.41,60061,6.01,18
681,Entry long,2024-03-18 09:20,ORB Long B (2c),18358,2,73432,-300,-0.41,0,91,0.12,-300,-0.41,60061,6.01,18
682,Exit short,2024-03-18 15:25,EOD Close,18237.5,2,73053,103,0.14,0,223,0.31,-192,-0.26,60164,6.02,43
682,Entry short,2024-03-18 11:50,ORB Short C (2c),18263.25,2,73053,103,0.14,0,223,0.31,-192,-0.26,60164,6.02,43
683,Exit long,2024-03-19 11:40,L-TP1,18235,2,72614,326,0.45,0,326,0.45,-84,-0.12,60490,6.05,11
683,Entry long,2024-03-19 10:45,ORB Long B (2c),18153.5,2,72614,326,0.45,0,326,0.45,-84,-0.12,60490,6.05,11
684,Exit long,2024-03-28 15:25,EOD Close,18461.25,3,111091.5,-324,-0.29,0,144,0.13,-408,-0.37,60166,6.02,80
684,Entry long,2024-03-28 08:45,ORB Long A (3c),18515.25,3,111091.5,-324,-0.29,0,144,0.13,-408,-0.37,60166,6.02,80
685,Exit long,2024-04-08 11:20,L-TP1,18265,2,73360,-300,-0.41,0,150,0.20,-300,-0.41,59866,5.99,23
685,Entry long,2024-04-08 09:25,ORB Long B (2c),18340,2,73360,-300,-0.41,0,150,0.20,-300,-0.41,59866,5.99,23
686,Exit short,2024-04-11 10:40,S-TP1,18287.75,2,72851,-300,-0.41,0,175,0.24,-300,-0.41,59566,5.96,18
686,Entry short,2024-04-11 09:10,ORB Short B (2c),18212.75,2,72851,-300,-0.41,0,175,0.24,-300,-0.41,59566,5.96,18
687,Exit short,2024-04-17 09:10,S-TP1,17833,3,107430,432,0.40,0,432,0.40,-61.5,-0.06,59998,6.00,5
687,Entry short,2024-04-17 08:45,ORB Short A (3c),17905,3,107430,432,0.40,0,432,0.40,-61.5,-0.06,59998,6.00,5
688,Exit short,2024-04-18 15:25,EOD Close,17533.25,2,70162,29,0.04,0,142,0.20,-226,-0.32,60027,6.00,37
688,Entry short,2024-04-18 12:20,ORB Short C+ (2c),17540.5,2,70162,29,0.04,0,142,0.20,-226,-0.32,60027,6.00,37
689,Exit long,2024-04-23 09:30,L-TP1,17585,2,69946,394,0.56,0,394,0.56,-124,-0.18,60421,6.04,9
689,Entry long,2024-04-23 08:45,ORB Long B (2c),17486.5,2,69946,394,0.56,0,394,0.56,-124,-0.18,60421,6.04,9
690,Exit short,2024-04-24 10:40,S-TP1,17631,2,70841,317,0.45,0,317,0.45,-33,-0.05,60738,6.07,13
690,Entry short,2024-04-24 09:35,ORB Short A (2c),17710.25,2,70841,317,0.45,0,317,0.45,-33,-0.05,60738,6.07,13
691,Exit short,2024-04-30 11:30,S-TP1,17715,2,71268,408,0.57,0,408,0.57,-29,-0.04,61146,6.11,18
691,Entry short,2024-04-30 10:00,ORB Short B (2c),17817,2,71268,408,0.57,0,408,0.57,-29,-0.04,61146,6.11,18
692,Exit short,2024-05-01 13:05,S-TP1,17523.25,3,104689.5,-450,-0.43,0,295.5,0.28,-450,-0.43,60696,6.07,49
692,Entry short,2024-05-01 09:00,ORB Short B+ (3c),17448.25,3,104689.5,-450,-0.43,0,295.5,0.28,-450,-0.43,60696,6.07,49
693,Exit short,2024-05-02 09:05,S-TP1,17420.25,2,69970,289,0.41,0,289,0.41,-140,-0.20,60985,6.10,4
693,Entry short,2024-05-02 08:45,ORB Short A+ (2c),17492.5,2,69970,289,0.41,0,289,0.41,-140,-0.20,60985,6.10,4
694,Exit short,2024-05-02 12:10,S-TP1,17577.75,2,69982,-329,-0.47,0,205,0.29,-329,-0.47,60656,6.07,31
694,Entry short,2024-05-02 09:35,ORB Short A (2c),17495.5,2,69982,-329,-0.47,0,205,0.29,-329,-0.47,60656,6.07,31
695,Exit long,2024-05-06 14:55,L-TP1,18185,3,108658.5,451.5,0.42,0,451.5,0.42,-255,-0.23,61107.5,6.11,72
695,Entry long,2024-05-06 08:55,ORB Long A (3c),18109.75,3,108658.5,451.5,0.42,0,451.5,0.42,-255,-0.23,61107.5,6.11,72
696,Exit long,2024-05-08 09:45,L-TP1,18223.75,3,108930,412.5,0.38,0,412.5,0.38,-54,-0.05,61520,6.15,12
696,Entry long,2024-05-08 08:45,ORB Long A (3c),18155,3,108930,412.5,0.38,0,412.5,0.38,-54,-0.05,61520,6.15,12
697,Exit short,2024-05-09 09:35,S-TP1,18189.5,2,72458,-300,-0.41,0,13,0.02,-300,-0.41,61220,6.12,10
697,Entry short,2024-05-09 08:45,ORB Short C (2c),18114.5,2,72458,-300,-0.41,0,13,0.02,-300,-0.41,61220,6.12,10
698,Exit long,2024-05-09 15:25,EOD Close,18233.25,2,72817,116,0.16,0,143,0.20,-137,-0.19,61336,6.13,70
698,Entry long,2024-05-09 09:35,ORB Long B (2c),18204.25,2,72817,116,0.16,0,143,0.20,-137,-0.19,61336,6.13,70
699,Exit long,2024-05-10 09:10,L-TP1,18267.25,3,110053.5,-450,-0.41,0,16.5,0.01,-450,-0.41,60886,6.09,5
699,Entry long,2024-05-10 08:45,ORB Long A (3c),18342.25,3,110053.5,-450,-0.41,0,16.5,0.01,-450,-0.41,60886,6.09,5
700,Exit long,2024-05-14 15:25,EOD Close,18409,3,110062.5,391.5,0.36,0,540,0.49,-363,-0.33,61277.5,6.13,73
700,Entry long,2024-05-14 09:20,ORB Long A (3c),18343.75,3,110062.5,391.5,0.36,0,540,0.49,-363,-0.33,61277.5,6.13,73
701,Exit long,2024-05-20 15:25,EOD Close,18745.75,3,112456.5,18,0.02,0,310.5,0.28,-213,-0.19,61295.5,6.13,79
701,Entry long,2024-05-20 08:50,ORB Long A (3c),18742.75,3,112456.5,18,0.02,0,310.5,0.28,-213,-0.19,61295.5,6.13,79
702,Exit long,2024-05-28 13:30,L-TP1,18862.25,3,113623.5,-450,-0.40,0,51,0.04,-450,-0.40,60845.5,6.08,12
702,Entry long,2024-05-28 12:30,ORB Long B+ (3c),18937.25,3,113623.5,-450,-0.40,0,51,0.04,-450,-0.40,60845.5,6.08,12
703,Exit long,2024-05-29 15:25,L-TP1,18767.5,3,113055,-450,-0.40,0,225,0.20,-450,-0.40,60395.5,6.04,79
703,Entry long,2024-05-29 08:50,ORB Long A+ (3c),18842.5,3,113055,-450,-0.40,0,225,0.20,-450,-0.40,60395.5,6.04,79
704,Exit long,2024-06-07 11:55,L-TP1,19135,3,114331.5,478.5,0.42,0,478.5,0.42,-240,-0.21,60874,6.09,37
704,Entry long,2024-06-07 08:50,ORB Long A+ (3c),19055.25,3,114331.5,478.5,0.42,0,478.5,0.42,-240,-0.21,60874,6.09,37
705,Exit long,2024-06-10 10:30,L-TP1,19100.25,3,114211.5,390,0.34,0,390,0.34,-78,-0.07,61264,6.13,13
705,Entry long,2024-06-10 09:25,ORB Long A (3c),19035.25,3,114211.5,390,0.34,0,390,0.34,-78,-0.07,61264,6.13,13
706,Exit long,2024-06-12 14:20,L-TP1,19585,2,77979,361,0.46,0,361,0.46,-191,-0.24,61625,6.16,67
706,Entry long,2024-06-12 08:45,ORB Long B (2c),19494.75,2,77979,361,0.46,0,361,0.46,-191,-0.24,61625,6.16,67
707,Exit short,2024-06-13 11:20,S-TP1,19521.25,2,78345,260,0.33,0,260,0.33,-90,-0.11,61885,6.19,26
707,Entry short,2024-06-13 09:10,ORB Short C (2c),19586.25,2,78345,260,0.33,0,260,0.33,-90,-0.11,61885,6.19,26
708,Exit long,2024-06-14 14:55,L-TP1,19688,3,117738,390,0.33,0,390,0.33,-358.5,-0.30,62275,6.23,74
708,Entry long,2024-06-14 08:45,ORB Long A (3c),19623,3,117738,390,0.33,0,390,0.33,-358.5,-0.30,62275,6.23,74
709,Exit long,2024-06-17 11:30,L-TP1,20085,3,119862,648,0.54,0,648,0.54,0,0.00,62923,6.29,19
709,Entry long,2024-06-17 09:55,ORB Long B+ (3c),19977,3,119862,648,0.54,0,648,0.54,0,0.00,62923,6.29,19
710,Exit short,2024-06-20 11:20,S-TP1,20115,2,80766,306,0.38,0,306,0.38,-150,-0.19,63229,6.32,27
710,Entry short,2024-06-20 09:05,ORB Short C (2c),20191.5,2,80766,306,0.38,0,306,0.38,-150,-0.19,63229,6.32,27
711,Exit long,2024-06-21 12:30,L-TP1,19958.75,2,80135,-300,-0.37,0,157,0.20,-300,-0.37,62929,6.29,27
711,Entry long,2024-06-21 10:15,ORB Long B (2c),20033.75,2,80135,-300,-0.37,0,157,0.20,-300,-0.37,62929,6.29,27
712,Exit long,2024-06-24 09:25,L-TP1,19901,3,119856,-450,-0.38,0,117,0.10,-450,-0.38,62479,6.25,5
712,Entry long,2024-06-24 09:00,ORB Long B+ (3c),19976,3,119856,-450,-0.38,0,117,0.10,-450,-0.38,62479,6.25,5
713,Exit long,2024-06-25 10:15,L-TP1,19939.5,3,119247,390,0.33,0,390,0.33,-127.5,-0.11,62869,6.29,15
713,Entry long,2024-06-25 09:00,ORB Long A+ (3c),19874.5,3,119247,390,0.33,0,390,0.33,-127.5,-0.11,62869,6.29,15
714,Exit long,2024-06-27 09:45,L-TP1,20035.75,3,120664.5,-450,-0.37,0,34.5,0.03,-450,-0.37,62419,6.24,7
714,Entry long,2024-06-27 09:10,ORB Long A (3c),20110.75,3,120664.5,-450,-0.37,0,34.5,0.03,-450,-0.37,62419,6.24,7
715,Exit long,2024-06-28 09:05,L-TP1,20235,3,120756,654,0.54,0,654,0.54,-10.5,-0.01,63073,6.31,4
715,Entry long,2024-06-28 08:45,ORB Long A+ (3c),20126,3,120756,654,0.54,0,654,0.54,-10.5,-0.01,63073,6.31,4
716,Exit short,2024-06-28 14:30,S-TP1,19968.25,2,80151,278,0.35,0,278,0.35,-162,-0.20,63351,6.34,39
716,Entry short,2024-06-28 11:15,ORB Short C (2c),20037.75,2,80151,278,0.35,0,278,0.35,-162,-0.20,63351,6.34,39
717,Exit long,2024-07-01 14:55,L-TP1,20070.5,3,120024,399,0.33,0,399,0.33,-159,-0.13,63750,6.38,46
717,Entry long,2024-07-01 11:05,ORB Long A (3c),20004,3,120024,399,0.33,0,399,0.33,-159,-0.13,63750,6.38,46
718,Exit long,2024-07-02 12:15,L-TP1,20185,2,80362,378,0.47,0,378,0.47,-117,-0.15,64128,6.41,32
718,Entry long,2024-07-02 09:35,ORB Long B (2c),20090.5,2,80362,378,0.47,0,378,0.47,-117,-0.15,64128,6.41,32
719,Exit long,2024-07-03 10:10,L-TP1,20335,3,121608,402,0.33,0,402,0.33,-196.5,-0.16,64530,6.45,17
719,Entry long,2024-07-03 08:45,ORB Long B+ (3c),20268,3,121608,402,0.33,0,402,0.33,-196.5,-0.16,64530,6.45,17
720,Exit long,2024-07-05 10:40,L-TP1,20585,3,123084,426,0.35,0,426,0.35,-310.5,-0.25,64956,6.50,21
720,Entry long,2024-07-05 08:55,ORB Long A (3c),20514,3,123084,426,0.35,0,426,0.35,-310.5,-0.25,64956,6.50,21
721,Exit short,2024-07-09 11:45,S-TP1,20653.75,2,82875,260,0.31,0,260,0.31,-94,-0.11,65216,6.52,29
721,Entry short,2024-07-09 09:20,ORB Short C+ (2c),20718.75,2,82875,260,0.31,0,260,0.31,-94,-0.11,65216,6.52,29
722,Exit long,2024-07-10 11:40,L-TP1,20839.5,3,124647,390,0.31,0,390,0.31,-429,-0.34,65606,6.56,35
722,Entry long,2024-07-10 08:45,ORB Long A (3c),20774.5,3,124647,390,0.31,0,390,0.31,-429,-0.34,65606,6.56,35
723,Exit short,2024-07-11 09:10,S-TP1,20764,2,83345,289,0.35,0,289,0.35,-143,-0.17,65895,6.59,4
723,Entry short,2024-07-11 08:50,ORB Short B (2c),20836.25,2,83345,289,0.35,0,289,0.35,-143,-0.17,65895,6.59,4
724,Exit long,2024-07-12 09:00,L-TP1,20566.25,3,122970,427.5,0.35,0,427.5,0.35,-34.5,-0.03,66322.5,6.63,3
724,Entry long,2024-07-12 08:45,ORB Long A+ (3c),20495,3,122970,427.5,0.35,0,427.5,0.35,-34.5,-0.03,66322.5,6.63,3
725,Exit long,2024-07-15 09:55,L-TP1,20733.75,3,124006.5,396,0.32,0,396,0.32,-109.5,-0.09,66718.5,6.67,10
725,Entry long,2024-07-15 09:05,ORB Long B+ (3c),20667.75,3,124006.5,396,0.32,0,396,0.32,-109.5,-0.09,66718.5,6.67,10
726,Exit short,2024-07-19 10:30,S-TP1,19715,3,118810.5,520.5,0.44,0,520.5,0.44,-441,-0.37,67239,6.72,13
726,Entry short,2024-07-19 09:25,ORB Short B+ (3c),19801.75,3,118810.5,520.5,0.44,0,520.5,0.44,-441,-0.37,67239,6.72,13
727,Exit long,2024-07-22 09:00,L-TP1,19946,2,80084,-300,-0.37,0,23,0.03,-300,-0.37,66939,6.69,3
727,Entry long,2024-07-22 08:45,ORB Long B (2c),20021,2,80084,-300,-0.37,0,23,0.03,-300,-0.37,66939,6.69,3
728,Exit short,2024-07-22 10:30,S-TP1,19816,3,119286,390,0.33,0,390,0.33,-108,-0.09,67329,6.73,3
728,Entry short,2024-07-22 10:15,ORB Short A (3c),19881,3,119286,390,0.33,0,390,0.33,-108,-0.09,67329,6.73,3
729,Exit short,2024-07-24 09:50,S-TP1,19415,3,117073.5,583.5,0.50,0,583.5,0.50,-67.5,-0.06,67912.5,6.79,11
729,Entry short,2024-07-24 08:55,ORB Short A (3c),19512.25,3,117073.5,583.5,0.50,0,583.5,0.50,-67.5,-0.06,67912.5,6.79,11
730,Exit short,2024-07-25 09:00,S-TP1,19015,2,76405,345,0.45,0,345,0.45,-11,-0.01,68257.5,6.83,2
730,Entry short,2024-07-25 08:50,ORB Short A+ (2c),19101.25,2,76405,345,0.45,0,345,0.45,-11,-0.01,68257.5,6.83,2
731,Exit short,2024-07-26 09:00,S-TP1,19148.25,2,76250,-343,-0.45,0,8,0.01,-343,-0.45,67914.5,6.79,3
731,Entry short,2024-07-26 08:45,ORB Short A (2c),19062.5,2,76250,-343,-0.45,0,8,0.01,-343,-0.45,67914.5,6.79,3
732,Exit short,2024-07-26 09:20,S-TP1,19145.5,2,76239,-343,-0.45,0,6,0.01,-343,-0.45,67571.5,6.76,3
732,Entry short,2024-07-26 09:05,ORB Short A (2c),19059.75,2,76239,-343,-0.45,0,6,0.01,-343,-0.45,67571.5,6.76,3
733,Exit short,2024-07-26 10:05,S-TP1,19149.5,2,76255,-343,-0.45,0,92,0.12,-343,-0.45,67228.5,6.72,7
733,Entry short,2024-07-26 09:30,ORB Short B+ (2c),19063.75,2,76255,-343,-0.45,0,92,0.12,-343,-0.45,67228.5,6.72,7
734,Exit long,2024-07-29 09:10,L-TP1,19269.25,2,77433,-356,-0.46,0,76,0.10,-356,-0.46,66872.5,6.69,3
734,Entry long,2024-07-29 08:55,ORB Long B (2c),19358.25,2,77433,-356,-0.46,0,76,0.10,-356,-0.46,66872.5,6.69,3
735,Exit short,2024-07-29 10:30,S-TP1,19119.5,2,76887,409,0.53,0,409,0.53,-39,-0.05,67281.5,6.73,7
735,Entry short,2024-07-29 09:55,ORB Short A (2c),19221.75,2,76887,409,0.53,0,409,0.53,-39,-0.05,67281.5,6.73,7
736,Exit short,2024-08-01 09:35,S-TP1,19415,2,78018,358,0.46,0,358,0.46,-39,-0.05,67639.5,6.76,3
736,Entry short,2024-08-01 09:20,ORB Short B+ (2c),19504.5,2,78018,358,0.46,0,358,0.46,-39,-0.05,67639.5,6.76,3
737,Exit short,2024-08-02 11:40,S-TP1,18631,2,74130,-394,-0.53,0,37,0.05,-394,-0.53,67245.5,6.72,6
737,Entry short,2024-08-02 11:10,ORB Short B+ (2c),18532.5,2,74130,-394,-0.53,0,37,0.05,-394,-0.53,67245.5,6.72,6
738,Exit short,2024-08-02 15:25,EOD Close,18552,2,74033,-175,-0.24,0,254,0.34,-321,-0.43,67070.5,6.71,43
738,Entry short,2024-08-02 11:50,ORB Short B+ (2c),18508.25,2,74033,-175,-0.24,0,254,0.34,-321,-0.43,67070.5,6.71,43
739,Exit short,2024-08-07 11:50,S-TP1,18265,1,36778,248,0.67,0,248,0.67,-41.5,-0.11,67318.5,6.73,14
739,Entry short,2024-08-07 10:40,ORB Short C (1c),18389,1,36778,248,0.67,0,248,0.67,-41.5,-0.11,67318.5,6.73,14
740,Exit short,2024-08-09 09:10,S-TP1,18529.75,2,73777,-342,-0.46,0,160,0.22,-342,-0.46,66976.5,6.70,5
740,Entry short,2024-08-09 08:45,ORB Short B (2c),18444.25,2,73777,-342,-0.46,0,160,0.22,-342,-0.46,66976.5,6.70,5
741,Exit short,2024-08-12 09:20,S-TP1,18692.5,1,37104.5,-280.5,-0.76,0,56.5,0.15,-280.5,-0.76,66696,6.67,7
741,Entry short,2024-08-12 08:45,ORB Short A+ (1c),18552.25,1,37104.5,-280.5,-0.76,0,56.5,0.15,-280.5,-0.76,66696,6.67,7
742,Exit short,2024-08-14 15:25,EOD Close,19156.25,1,38055,-257.5,-0.68,0,18,0.05,-267.5,-0.70,66438.5,6.64,45
742,Entry short,2024-08-14 11:40,ORB Short B (1c),19027.5,1,38055,-257.5,-0.68,0,18,0.05,-267.5,-0.70,66438.5,6.64,45
743,Exit long,2024-08-15 10:40,L-TP1,19535,1,38817.5,252.5,0.65,0,252.5,0.65,-12,-0.03,66691,6.67,23
743,Entry long,2024-08-15 08:45,ORB Long C+ (1c),19408.75,1,38817.5,252.5,0.65,0,252.5,0.65,-12,-0.03,66691,6.67,23
744,Exit long,2024-08-16 11:35,L-TP1,19635,3,117330,480,0.41,0,480,0.41,-48,-0.04,67171,6.72,12
744,Entry long,2024-08-16 10:35,ORB Long B+ (3c),19555,3,117330,480,0.41,0,480,0.41,-48,-0.04,67171,6.72,12
745,Exit long,2024-08-19 09:15,L-TP1,19544,3,117720,-456,-0.39,0,33,0.03,-456,-0.39,66715,6.67,6
745,Entry long,2024-08-19 08:45,ORB Long A (3c),19620,3,117720,-456,-0.39,0,33,0.03,-456,-0.39,66715,6.67,6
746,Exit long,2024-08-19 13:25,L-TP1,19735,2,78479,461,0.59,0,461,0.59,-7,-0.01,67176,6.72,44
746,Entry long,2024-08-19 09:45,ORB Long B (2c),19619.75,2,78479,461,0.59,0,461,0.59,-7,-0.01,67176,6.72,44
747,Exit long,2024-08-20 09:25,L-TP1,19806.5,3,119289,-450,-0.38,0,259.5,0.22,-450,-0.38,66726,6.67,8
747,Entry long,2024-08-20 08:45,ORB Long A (3c),19881.5,3,119289,-450,-0.38,0,259.5,0.22,-450,-0.38,66726,6.67,8
748,Exit long,2024-08-21 09:35,L-TP1,19935,3,119191.5,418.5,0.35,0,418.5,0.35,-186,-0.16,67144.5,6.71,9
748,Entry long,2024-08-21 08:50,ORB Long A (3c),19865.25,3,119191.5,418.5,0.35,0,418.5,0.35,-186,-0.16,67144.5,6.71,9
749,Exit long,2024-08-21 11:00,L-TP1,19800.5,2,79545,-343,-0.43,0,33,0.04,-343,-0.43,66801.5,6.68,10
749,Entry long,2024-08-21 10:10,ORB Long B (2c),19886.25,2,79545,-343,-0.43,0,33,0.04,-343,-0.43,66801.5,6.68,10
750,Exit long,2024-08-21 15:25,EOD Close,19914,2,79449,207,0.26,0,363,0.46,-119,-0.15,67008.5,6.70,43
750,Entry long,2024-08-21 11:50,ORB Long B+ (2c),19862.25,2,79449,207,0.26,0,363,0.46,-119,-0.15,67008.5,6.70,43
751,Exit long,2024-08-23 11:00,L-TP1,19681.25,2,79159,-434,-0.55,0,115,0.15,-434,-0.55,66574.5,6.66,9
751,Entry long,2024-08-23 10:15,ORB Long A (2c),19789.75,2,79159,-434,-0.55,0,115,0.15,-434,-0.55,66574.5,6.66,9
752,Exit long,2024-08-23 15:25,EOD Close,19793.5,2,79061,113,0.14,0,189,0.24,-240,-0.30,66687.5,6.67,33
752,Entry long,2024-08-23 12:40,ORB Long A (2c),19765.25,2,79061,113,0.14,0,189,0.24,-240,-0.30,66687.5,6.67,33
753,Exit short,2024-08-26 09:05,S-TP1,19665.25,2,78921,260,0.33,0,260,0.33,-70,-0.09,66947.5,6.69,4
753,Entry short,2024-08-26 08:45,ORB Short B (2c),19730.25,2,78921,260,0.33,0,260,0.33,-70,-0.09,66947.5,6.69,4
754,Exit long,2024-08-27 09:25,L-TP1,19632,2,78200,328,0.42,0,328,0.42,-91,-0.12,67275.5,6.73,7
754,Entry long,2024-08-27 08:50,ORB Long B+ (2c),19550,2,78200,328,0.42,0,328,0.42,-91,-0.12,67275.5,6.73,7
755,Exit long,2024-08-29 09:00,L-TP1,19683,3,117697.5,400.5,0.34,0,400.5,0.34,-427.5,-0.36,67676,6.77,3
755,Entry long,2024-08-29 08:45,ORB Long B+ (3c),19616.25,3,117697.5,400.5,0.34,0,400.5,0.34,-427.5,-0.36,67676,6.77,3
756,Exit long,2024-08-29 09:50,L-TP1,19684.5,2,78471,267,0.34,0,267,0.34,-43,-0.05,67943,6.79,4
756,Entry long,2024-08-29 09:30,ORB Long B (2c),19617.75,2,78471,267,0.34,0,267,0.34,-43,-0.05,67943,6.79,4
757,Exit long,2024-08-29 13:25,L-TP1,19537.25,3,117673.5,-450,-0.38,0,142.5,0.12,-450,-0.38,67493,6.75,9
757,Entry long,2024-08-29 12:40,ORB Long A (3c),19612.25,3,117673.5,-450,-0.38,0,142.5,0.12,-450,-0.38,67493,6.75,9
758,Exit long,2024-08-30 09:55,L-TP1,19507.25,3,117498,-454.5,-0.39,0,270,0.23,-454.5,-0.39,67038.5,6.70,13
758,Entry long,2024-08-30 08:50,ORB Long A (3c),19583,3,117498,-454.5,-0.39,0,270,0.23,-454.5,-0.39,67038.5,6.70,13
759,Exit short,2024-09-05 11:40,S-TP1,18955.25,2,75477,-344,-0.46,0,109,0.14,-344,-0.46,66694.5,6.67,15
759,Entry short,2024-09-05 10:25,ORB Short B+ (2c),18869.25,2,75477,-344,-0.46,0,109,0.14,-344,-0.46,66694.5,6.67,15
760,Exit short,2024-09-06 09:25,S-TP1,18665,2,74983,323,0.43,0,323,0.43,-173,-0.23,67017.5,6.70,6
760,Entry short,2024-09-06 08:55,ORB Short B (2c),18745.75,2,74983,323,0.43,0,323,0.43,-173,-0.23,67017.5,6.70,6
761,Exit short,2024-09-09 10:10,S-TP1,18502.5,2,74332,322,0.43,0,322,0.43,-45,-0.06,67339.5,6.73,8
761,Entry short,2024-09-09 09:30,ORB Short B (2c),18583,2,74332,322,0.43,0,322,0.43,-45,-0.06,67339.5,6.73,8
762,Exit short,2024-09-10 10:55,S-TP1,18631.25,2,74843,318,0.42,0,318,0.42,-319,-0.43,67657.5,6.77,21
762,Entry short,2024-09-10 09:10,ORB Short B+ (2c),18710.75,2,74843,318,0.42,0,318,0.42,-319,-0.43,67657.5,6.77,21
763,Exit short,2024-09-11 09:10,S-TP1,18714.25,2,75182,325,0.43,0,325,0.43,-110,-0.15,67982.5,6.80,4
763,Entry short,2024-09-11 08:50,ORB Short A (2c),18795.5,2,75182,325,0.43,0,325,0.43,-110,-0.15,67982.5,6.80,4
764,Exit long,2024-09-12 12:35,L-TP1,19435,2,77244,496,0.64,0,496,0.64,-257,-0.33,68478.5,6.85,41
764,Entry long,2024-09-12 09:10,ORB Long B (2c),19311,2,77244,496,0.64,0,496,0.64,-257,-0.33,68478.5,6.85,41
765,Exit long,2024-09-13 15:25,EOD Close,19522.25,2,78027,62,0.08,0,281,0.36,-375,-0.48,68540.5,6.85,76
765,Entry long,2024-09-13 09:05,ORB Long B (2c),19506.75,2,78027,62,0.08,0,281,0.36,-375,-0.48,68540.5,6.85,76
766,Exit long,2024-09-16 09:30,L-TP1,19361.75,2,77826,-379,-0.49,0,23,0.03,-379,-0.49,68161.5,6.82,4
766,Entry long,2024-09-16 09:10,ORB Long B (2c),19456.5,2,77826,-379,-0.49,0,23,0.03,-379,-0.49,68161.5,6.82,4
767,Exit long,2024-09-17 09:55,L-TP1,19745.5,2,79355,-373,-0.47,0,9,0.01,-373,-0.47,67788.5,6.78,2
767,Entry long,2024-09-17 09:45,ORB Long B (2c),19838.75,2,79355,-373,-0.47,0,9,0.01,-373,-0.47,67788.5,6.78,2
768,Exit long,2024-09-19 12:45,L-TP1,20185,2,80341,399,0.50,0,399,0.50,-145,-0.18,68187.5,6.82,42
768,Entry long,2024-09-19 09:15,ORB Long B (2c),20085.25,2,80341,399,0.50,0,399,0.50,-145,-0.18,68187.5,6.82,42
769,Exit long,2024-09-23 12:00,L-TP1,20025.25,3,120601.5,-450,-0.37,0,159,0.13,-450,-0.37,67737.5,6.77,39
769,Entry long,2024-09-23 08:45,ORB Long A (3c),20100.25,3,120601.5,-450,-0.37,0,159,0.13,-450,-0.37,67737.5,6.77,39
770,Exit short,2024-09-24 09:00,S-TP1,20015,2,80369,309,0.38,0,309,0.38,-1,0.00,68046.5,6.80,1
770,Entry short,2024-09-24 08:55,ORB Short C (2c),20092.25,2,80369,309,0.38,0,309,0.38,-1,0.00,68046.5,6.80,1
771,Exit long,2024-09-24 15:25,EOD Close,20187,2,80655,93,0.12,0,204,0.25,-220,-0.27,68139.5,6.81,56
771,Entry long,2024-09-24 10:45,ORB Long A (2c),20163.75,2,80655,93,0.12,0,204,0.25,-220,-0.27,68139.5,6.81,56
772,Exit long,2024-09-25 12:00,L-TP1,20147.5,2,80929,-339,-0.42,0,162,0.20,-339,-0.42,67800.5,6.78,37
772,Entry long,2024-09-25 08:55,ORB Long A (2c),20232.25,2,80929,-339,-0.42,0,162,0.20,-339,-0.42,67800.5,6.78,37
773,Exit short,2024-09-26 09:30,S-TP1,20315,1,40834.5,204.5,0.50,0,204.5,0.50,-41.5,-0.10,68005,6.80,8
773,Entry short,2024-09-26 08:50,ORB Short C (1c),20417.25,1,40834.5,204.5,0.50,0,204.5,0.50,-41.5,-0.10,68005,6.80,8
774,Exit short,2024-09-27 11:10,S-TP1,20215,2,81152,292,0.36,0,292,0.36,-206,-0.25,68297,6.83,23
774,Entry short,2024-09-27 09:15,ORB Short C+ (2c),20288,2,81152,292,0.36,0,292,0.36,-206,-0.25,68297,6.83,23
775,Exit long,2024-10-02 10:15,L-TP1,20065.5,2,79992,270,0.34,0,270,0.34,-208,-0.26,68567,6.86,12
775,Entry long,2024-10-02 09:15,ORB Long B (2c),19998,2,79992,270,0.34,0,270,0.34,-208,-0.26,68567,6.86,12
776,Exit long,2024-10-03 09:00,L-TP1,20076.5,3,120069,390,0.32,0,390,0.32,-24,-0.02,68957,6.90,2
776,Entry long,2024-10-03 08:50,ORB Long A+ (3c),20011.5,3,120069,390,0.32,0,390,0.32,-24,-0.02,68957,6.90,2
777,Exit long,2024-10-03 09:40,L-TP1,19938.5,3,120081,-450,-0.37,0,67.5,0.06,-450,-0.37,68507,6.85,2
777,Entry long,2024-10-03 09:30,ORB Long A+ (3c),20013.5,3,120081,-450,-0.37,0,67.5,0.06,-450,-0.37,68507,6.85,2
778,Exit long,2024-10-03 09:55,L-TP1,19943.25,3,120109.5,-450,-0.37,0,6,0.00,-450,-0.37,68057,6.81,1
778,Entry long,2024-10-03 09:50,ORB Long B+ (3c),20018.25,3,120109.5,-450,-0.37,0,6,0.00,-450,-0.37,68057,6.81,1
779,Exit long,2024-10-07 13:30,L-TP1,20094,2,80676,-300,-0.37,0,75,0.09,-300,-0.37,67757,6.78,51
779,Entry long,2024-10-07 09:15,ORB Long C+ (2c),20169,2,80676,-300,-0.37,0,75,0.09,-300,-0.37,67757,6.78,51
780,Exit long,2024-10-08 09:40,L-TP1,20235,3,120831,579,0.48,0,579,0.48,-60,-0.05,68336,6.83,10
780,Entry long,2024-10-08 08:50,ORB Long B+ (3c),20138.5,3,120831,579,0.48,0,579,0.48,-60,-0.05,68336,6.83,10
781,Exit long,2024-10-09 10:00,L-TP1,20385,3,121804.5,505.5,0.42,0,505.5,0.42,-42,-0.03,68841.5,6.88,10
781,Entry long,2024-10-09 09:10,ORB Long A+ (3c),20300.75,3,121804.5,505.5,0.42,0,505.5,0.42,-42,-0.03,68841.5,6.88,10
782,Exit short,2024-10-10 09:00,S-TP1,20386.5,2,81246,-300,-0.37,0,41,0.05,-300,-0.37,68541.5,6.85,3
782,Entry short,2024-10-10 08:45,ORB Short B (2c),20311.5,2,81246,-300,-0.37,0,41,0.05,-300,-0.37,68541.5,6.85,3
783,Exit long,2024-10-10 10:55,L-TP1,20467.25,3,122413.5,390,0.32,0,390,0.32,-252,-0.21,68931.5,6.89,21
783,Entry long,2024-10-10 09:10,ORB Long A (3c),20402.25,3,122413.5,390,0.32,0,390,0.32,-252,-0.21,68931.5,6.89,21
784,Exit long,2024-10-14 09:55,L-TP1,20564.5,3,123837,-450,-0.36,0,243,0.20,-450,-0.36,68481.5,6.85,14
784,Entry long,2024-10-14 08:45,ORB Long A (3c),20639.5,3,123837,-450,-0.36,0,243,0.20,-450,-0.36,68481.5,6.85,14
785,Exit long,2024-10-14 15:25,EOD Close,20613,3,123721.5,-43.5,-0.04,0,279,0.23,-171,-0.14,68438,6.84,41
785,Entry long,2024-10-14 12:00,ORB Long B+ (3c),20620.25,3,123721.5,-43.5,-0.04,0,279,0.23,-171,-0.14,68438,6.84,41
786,Exit short,2024-10-15 09:25,S-TP1,20517.75,2,82331,260,0.32,0,260,0.32,-13,-0.02,68698,6.87,3
786,Entry short,2024-10-15 09:10,ORB Short B (2c),20582.75,2,82331,260,0.32,0,260,0.32,-13,-0.02,68698,6.87,3
787,Exit long,2024-10-18 15:25,EOD Close,20489.75,3,123082.5,-144,-0.12,0,109.5,0.09,-429,-0.35,68554,6.86,76
787,Entry long,2024-10-18 09:05,ORB Long A (3c),20513.75,3,123082.5,-144,-0.12,0,109.5,0.09,-429,-0.35,68554,6.86,76
788,Exit long,2024-10-21 09:40,L-TP1,20415.5,2,81962,-300,-0.37,0,255,0.31,-300,-0.37,68254,6.83,11
788,Entry long,2024-10-21 08:45,ORB Long B (2c),20490.5,2,81962,-300,-0.37,0,255,0.31,-300,-0.37,68254,6.83,11
789,Exit long,2024-10-22 12:35,L-TP1,20527.25,3,122773.5,390,0.32,0,390,0.32,-222,-0.18,68644,6.86,45
789,Entry long,2024-10-22 08:50,ORB Long A (3c),20462.25,3,122773.5,390,0.32,0,390,0.32,-222,-0.18,68644,6.86,45
790,Exit long,2024-10-24 15:25,EOD Close,20395.25,3,122287.5,84,0.07,0,192,0.16,-321,-0.26,68728,6.87,33
790,Entry long,2024-10-24 12:40,ORB Long A (3c),20381.25,3,122287.5,84,0.07,0,192,0.16,-321,-0.26,68728,6.87,33
791,Exit long,2024-10-25 09:00,L-TP1,20685,3,123687,423,0.34,0,423,0.34,-10.5,-0.01,69151,6.92,3
791,Entry long,2024-10-25 08:45,ORB Long A (3c),20614.5,3,123687,423,0.34,0,423,0.34,-10.5,-0.01,69151,6.92,3
792,Exit short,2024-10-25 12:50,S-TP1,20562,2,81948,-300,-0.37,0,12,0.01,-300,-0.37,68851,6.89,2
792,Entry short,2024-10-25 12:40,ORB Short C (2c),20487,2,81948,-300,-0.37,0,12,0.01,-300,-0.37,68851,6.89,2
793,Exit short,2024-10-28 09:40,S-TP1,20613.25,2,82153,-300,-0.37,0,23,0.03,-300,-0.37,68551,6.86,10
793,Entry short,2024-10-28 08:50,ORB Short B (2c),20538.25,2,82153,-300,-0.37,0,23,0.03,-300,-0.37,68551,6.86,10
794,Exit short,2024-10-28 15:25,EOD Close,20513.5,2,82210,156,0.19,0,266,0.32,-78,-0.09,68707,6.87,64
794,Entry short,2024-10-28 10:05,ORB Short C (2c),20552.5,2,82210,156,0.19,0,266,0.32,-78,-0.09,68707,6.87,64
795,Exit long,2024-10-29 09:25,L-TP1,20597,3,123192,390,0.32,0,390,0.32,-126,-0.10,69097,6.91,5
795,Entry long,2024-10-29 09:00,ORB Long A (3c),20532,3,123192,390,0.32,0,390,0.32,-126,-0.10,69097,6.91,5
796,Exit long,2024-10-30 12:30,L-TP1,20603.75,2,82715,-300,-0.36,0,83,0.10,-300,-0.36,68797,6.88,39
796,Entry long,2024-10-30 09:15,ORB Long B (2c),20678.75,2,82715,-300,-0.36,0,83,0.10,-300,-0.36,68797,6.88,39
797,Exit long,2024-11-06 13:25,L-TP1,20885,3,124876.5,433.5,0.35,0,433.5,0.35,-163.5,-0.13,69230.5,6.92,27
797,Entry long,2024-11-06 11:10,ORB Long B+ (3c),20812.75,3,124876.5,433.5,0.35,0,433.5,0.35,-163.5,-0.13,69230.5,6.92,27
798,Exit long,2024-11-07 10:50,L-TP1,21185,3,126655.5,454.5,0.36,0,454.5,0.36,-136.5,-0.11,69685,6.97,23
798,Entry long,2024-11-07 08:55,ORB Long A (3c),21109.25,3,126655.5,454.5,0.36,0,454.5,0.36,-136.5,-0.11,69685,6.97,23
799,Exit long,2024-11-08 15:25,EOD Close,21230.25,2,84932,-11,-0.01,0,134,0.16,-99,-0.12,69674,6.97,36
799,Entry long,2024-11-08 12:25,ORB Long C+ (2c),21233,2,84932,-11,-0.01,0,134,0.16,-99,-0.12,69674,6.97,36
800,Exit short,2024-11-11 12:00,S-TP1,21115,2,84781,321,0.38,0,321,0.38,-196,-0.23,69995,7.00,39
800,Entry short,2024-11-11 08:45,ORB Short B (2c),21195.25,2,84781,321,0.38,0,321,0.38,-196,-0.23,69995,7.00,39
801,Exit long,2024-11-13 15:25,EOD Close,21171.75,2,84782,-95,-0.11,0,293,0.35,-286,-0.34,69900,6.99,51
801,Entry long,2024-11-13 11:10,ORB Long B (2c),21195.5,2,84782,-95,-0.11,0,293,0.35,-286,-0.34,69900,6.99,51
802,Exit long,2024-11-22 15:25,EOD Close,20859.75,2,83453,-14,-0.02,0,69,0.08,-272,-0.33,69886,6.99,41
802,Entry long,2024-11-22 12:00,ORB Long B (2c),20863.25,2,83453,-14,-0.02,0,69,0.08,-272,-0.33,69886,6.99,41
803,Exit short,2024-11-25 11:10,S-TP1,20865,2,83724,264,0.32,0,264,0.32,-125,-0.15,70150,7.02,28
803,Entry short,2024-11-25 08:50,ORB Short B (2c),20931,2,83724,264,0.32,0,264,0.32,-125,-0.15,70150,7.02,28
804,Exit long,2024-11-26 09:00,L-TP1,20941.5,2,84066,-300,-0.36,0,34,0.04,-300,-0.36,69850,6.99,3
804,Entry long,2024-11-26 08:45,ORB Long B (2c),21016.5,2,84066,-300,-0.36,0,34,0.04,-300,-0.36,69850,6.99,3
805,Exit long,2024-11-29 09:10,L-TP1,20961.5,3,125379,390,0.31,0,390,0.31,-21,-0.02,70240,7.02,4
805,Entry long,2024-11-29 08:50,ORB Long A+ (3c),20896.5,3,125379,390,0.31,0,390,0.31,-21,-0.02,70240,7.02,4
806,Exit long,2024-12-02 10:45,L-TP1,21235,3,126894,516,0.41,0,516,0.41,-136.5,-0.11,70756,7.08,24
806,Entry long,2024-12-02 08:45,ORB Long A (3c),21149,3,126894,516,0.41,0,516,0.41,-136.5,-0.11,70756,7.08,24
807,Exit long,2024-12-03 14:55,L-TP1,21285,3,127224,486,0.38,0,486,0.38,-252,-0.20,71242,7.12,72
807,Entry long,2024-12-03 08:55,ORB Long A (3c),21204,3,127224,486,0.38,0,486,0.38,-252,-0.20,71242,7.12,72
808,Exit long,2024-12-04 14:35,L-TP1,21535,3,128623.5,586.5,0.46,0,586.5,0.46,-130.5,-0.10,71828.5,7.18,66
808,Entry long,2024-12-04 09:05,ORB Long B+ (3c),21437.25,3,128623.5,586.5,0.46,0,586.5,0.46,-130.5,-0.10,71828.5,7.18,66
809,Exit long,2024-12-06 15:25,EOD Close,21632.75,3,129552,244.5,0.19,0,465,0.36,-115.5,-0.09,72073,7.21,80
809,Entry long,2024-12-06 08:45,ORB Long A+ (3c),21592,3,129552,244.5,0.19,0,465,0.36,-115.5,-0.09,72073,7.21,80
810,Exit long,2024-12-09 09:25,L-TP1,21570,3,129870,-450,-0.35,0,24,0.02,-450,-0.35,71623,7.16,8
810,Entry long,2024-12-09 08:45,ORB Long A+ (3c),21645,3,129870,-450,-0.35,0,24,0.02,-450,-0.35,71623,7.16,8
811,Exit short,2024-12-09 10:05,S-TP1,21472.5,2,86217,327,0.38,0,327,0.38,-91,-0.11,71950,7.20,8
811,Entry short,2024-12-09 09:25,ORB Short B (2c),21554.25,2,86217,327,0.38,0,327,0.38,-91,-0.11,71950,7.20,8
812,Exit long,2024-12-10 09:55,L-TP1,21502.5,3,129465,-450,-0.35,0,175.5,0.14,-450,-0.35,71500,7.15,11
812,Entry long,2024-12-10 09:00,ORB Long A (3c),21577.5,3,129465,-450,-0.35,0,175.5,0.14,-450,-0.35,71500,7.15,11
813,Exit long,2024-12-11 09:15,L-TP1,21735,3,130015.5,394.5,0.30,0,394.5,0.30,-12,-0.01,71894.5,7.19,6
813,Entry long,2024-12-11 08:45,ORB Long B+ (3c),21669.25,3,130015.5,394.5,0.30,0,394.5,0.30,-12,-0.01,71894.5,7.19,6
814,Exit short,2024-12-13 10:00,S-TP1,21680,2,86980,260,0.30,0,260,0.30,-128,-0.15,72154.5,7.22,4
814,Entry short,2024-12-13 09:40,ORB Short C (2c),21745,2,86980,260,0.30,0,260,0.30,-128,-0.15,72154.5,7.22,4
815,Exit long,2024-12-16 10:05,L-TP1,22035,3,131803.5,406.5,0.31,0,406.5,0.31,-231,-0.18,72561,7.26,15
815,Entry long,2024-12-16 08:50,ORB Long A (3c),21967.25,3,131803.5,406.5,0.31,0,406.5,0.31,-231,-0.18,72561,7.26,15
816,Exit short,2024-12-17 10:10,S-TP1,22354,2,89116,-300,-0.34,0,139,0.16,-300,-0.34,72261,7.23,14
816,Entry short,2024-12-17 09:00,ORB Short C (2c),22279,2,89116,-300,-0.34,0,139,0.16,-300,-0.34,72261,7.23,14
817,Exit long,2024-12-17 11:00,L-TP1,22304.75,3,134278.5,-450,-0.34,0,39,0.03,-450,-0.34,71811,7.18,5
817,Entry long,2024-12-17 10:35,ORB Long B+ (3c),22379.75,3,134278.5,-450,-0.34,0,39,0.03,-450,-0.34,71811,7.18,5
818,Exit long,2024-12-18 13:00,L-TP1,22235,2,89240,-300,-0.34,0,167,0.19,-300,-0.34,71511,7.15,46
818,Entry long,2024-12-18 09:10,ORB Long B (2c),22310,2,89240,-300,-0.34,0,167,0.19,-300,-0.34,71511,7.15,46
819,Exit long,2024-12-23 13:05,L-TP1,21757.75,1,43363,152.5,0.35,0,152.5,0.35,-78,-0.18,71663.5,7.17,27
819,Entry long,2024-12-23 10:50,ORB Long C+ (1c),21681.5,1,43363,152.5,0.35,0,152.5,0.35,-78,-0.18,71663.5,7.17,27
820,Exit long,2024-12-24 10:15,L-TP1,21985,2,87517,423,0.48,0,423,0.48,-32,-0.04,72086.5,7.21,17
820,Entry long,2024-12-24 08:50,ORB Long A (2c),21879.25,2,87517,423,0.48,0,423,0.48,-32,-0.04,72086.5,7.21,17
821,Exit long,2024-12-26 15:25,EOD Close,21996.5,1,44024.5,-31.5,-0.07,0,125.5,0.29,-78.5,-0.18,72055,7.21,63
821,Entry long,2024-12-26 10:10,ORB Long C+ (1c),22012.25,1,44024.5,-31.5,-0.07,0,125.5,0.29,-78.5,-0.18,72055,7.21,63
822,Exit short,2025-01-02 11:35,S-TP1,21062.5,2,84607,357,0.42,0,357,0.42,-2,0.00,72412,7.24,2
822,Entry short,2025-01-02 11:25,ORB Short A (2c),21151.75,2,84607,357,0.42,0,357,0.42,-2,0.00,72412,7.24,2
823,Exit long,2025-01-06 12:45,L-TP1,21726,2,87322,-418,-0.48,0,266,0.30,-418,-0.48,71994,7.20,48
823,Entry long,2025-01-06 08:45,ORB Long B (2c),21830.5,2,87322,-418,-0.48,0,266,0.30,-418,-0.48,71994,7.20,48
824,Exit short,2025-01-08 09:35,S-TP1,21353.5,2,84977,-437,-0.51,0,52,0.06,-437,-0.51,71557,7.16,5
824,Entry short,2025-01-08 09:10,ORB Short B+ (2c),21244.25,2,84977,-437,-0.51,0,52,0.06,-437,-0.51,71557,7.16,5
825,Exit short,2025-01-08 12:25,S-TP1,21393.5,2,85137,-437,-0.51,0,473,0.56,-437,-0.51,71120,7.11,14
825,Entry short,2025-01-08 11:15,ORB Short B (2c),21284.25,2,85137,-437,-0.51,0,473,0.56,-437,-0.51,71120,7.11,14
826,Exit short,2025-01-10 09:05,S-TP1,20915,2,84140,480,0.57,0,480,0.57,-140,-0.17,71600,7.16,4
826,Entry short,2025-01-10 08:45,ORB Short A+ (2c),21035,2,84140,480,0.57,0,480,0.57,-140,-0.17,71600,7.16,4
827,Exit short,2025-01-10 10:00,S-TP1,20965,2,84217,357,0.42,0,357,0.42,-275,-0.33,71957,7.20,4
827,Entry short,2025-01-10 09:40,ORB Short A (2c),21054.25,2,84217,357,0.42,0,357,0.42,-275,-0.33,71957,7.20,4
828,Exit short,2025-01-14 09:10,S-TP1,21094.75,2,84026,-353,-0.42,0,163,0.19,-353,-0.42,71604,7.16,4
828,Entry short,2025-01-14 08:50,ORB Short A+ (2c),21006.5,2,84026,-353,-0.42,0,163,0.19,-353,-0.42,71604,7.16,4
829,Exit short,2025-01-14 09:50,S-TP1,20935.75,2,84065,322,0.38,0,322,0.38,-49,-0.06,71926,7.19,5
829,Entry short,2025-01-14 09:25,ORB Short A (2c),21016.25,2,84065,322,0.38,0,322,0.38,-49,-0.06,71926,7.19,5
830,Exit long,2025-01-17 15:25,EOD Close,21589.5,1,43315,-136,-0.31,0,30,0.07,-171,-0.39,71790,7.18,39
830,Entry long,2025-01-17 12:10,ORB Long C (1c),21657.5,1,43315,-136,-0.31,0,30,0.07,-171,-0.39,71790,7.18,39
831,Exit long,2025-01-21 15:25,EOD Close,21766.25,2,86880,185,0.21,0,260,0.30,-91,-0.10,71975,7.20,44
831,Entry long,2025-01-21 11:45,ORB Long B+ (2c),21720,2,86880,185,0.21,0,260,0.30,-91,-0.10,71975,7.20,44
832,Exit long,2025-01-22 11:00,L-TP1,22085,2,87948,392,0.45,0,392,0.45,-46,-0.05,72367,7.24,27
832,Entry long,2025-01-22 08:45,ORB Long A (2c),21987,2,87948,392,0.45,0,392,0.45,-46,-0.05,72367,7.24,27
833,Exit long,2025-01-23 14:50,L-TP1,21985.5,2,87682,260,0.30,0,260,0.30,-103,-0.12,72627,7.26,64
833,Entry long,2025-01-23 09:30,ORB Long C (2c),21920.5,2,87682,260,0.30,0,260,0.30,-103,-0.12,72627,7.26,64
834,Exit long,2025-01-24 09:20,L-TP1,21988.5,3,132381,-450,-0.34,0,87,0.07,-450,-0.34,72177,7.22,7
834,Entry long,2025-01-24 08:45,ORB Long B+ (3c),22063.5,3,132381,-450,-0.34,0,87,0.07,-450,-0.34,72177,7.22,7
835,Exit long,2025-01-31 12:30,L-TP1,21756.25,2,87428,-403,-0.46,0,435,0.50,-403,-0.46,71774,7.18,44
835,Entry long,2025-01-31 08:50,ORB Long B+ (2c),21857,2,87428,-403,-0.46,0,435,0.50,-403,-0.46,71774,7.18,44
836,Exit short,2025-02-03 09:20,S-TP1,21228,2,84513,-399,-0.47,0,60,0.07,-399,-0.47,71375,7.14,2
836,Entry short,2025-02-03 09:10,ORB Short A (2c),21128.25,2,84513,-399,-0.47,0,60,0.07,-399,-0.47,71375,7.14,2
837,Exit long,2025-02-05 10:45,L-TP1,21679.75,1,43184,175.5,0.41,0,175.5,0.41,-60,-0.14,71550.5,7.16,14
837,Entry long,2025-02-05 09:35,ORB Long C (1c),21592,1,43184,175.5,0.41,0,175.5,0.41,-60,-0.14,71550.5,7.16,14
838,Exit long,2025-02-06 13:30,L-TP1,21718,3,130758,-450,-0.34,0,339,0.26,-450,-0.34,71100.5,7.11,57
838,Entry long,2025-02-06 08:45,ORB Long B+ (3c),21793,3,130758,-450,-0.34,0,339,0.26,-450,-0.34,71100.5,7.11,57
839,Exit long,2025-02-10 09:40,L-TP1,21884.25,3,130888.5,417,0.32,0,417,0.32,-9,-0.01,71517.5,7.15,8
839,Entry long,2025-02-10 09:00,ORB Long A (3c),21814.75,3,130888.5,417,0.32,0,417,0.32,-9,-0.01,71517.5,7.15,8
840,Exit long,2025-02-11 15:25,EOD Close,21793.25,2,87204,-31,-0.04,0,281,0.32,-341,-0.39,71486.5,7.15,75
840,Entry long,2025-02-11 09:10,ORB Long B (2c),21801,2,87204,-31,-0.04,0,281,0.32,-341,-0.39,71486.5,7.15,75
841,Exit long,2025-02-12 09:35,L-TP1,21762.25,2,86702,347,0.40,0,347,0.40,-380,-0.44,71833.5,7.18,10
841,Entry long,2025-02-12 08:45,ORB Long A (2c),21675.5,2,86702,347,0.40,0,347,0.40,-380,-0.44,71833.5,7.18,10
842,Exit long,2025-02-12 10:55,L-TP1,21770.5,2,86725,357,0.41,0,357,0.41,-17,-0.02,72190.5,7.22,5
842,Entry long,2025-02-12 10:30,ORB Long B (2c),21681.25,2,86725,357,0.41,0,357,0.41,-17,-0.02,72190.5,7.22,5
843,Exit long,2025-02-13 14:05,L-TP1,22079,2,87893,423,0.48,0,423,0.48,-331,-0.38,72613.5,7.26,58
843,Entry long,2025-02-13 09:15,ORB Long B (2c),21973.25,2,87893,423,0.48,0,423,0.48,-331,-0.38,72613.5,7.26,58
844,Exit long,2025-02-14 15:25,EOD Close,22208.5,3,132868.5,382.5,0.29,0,475.5,0.36,-318,-0.24,72996,7.30,76
844,Entry long,2025-02-14 09:05,ORB Long B+ (3c),22144.75,3,132868.5,382.5,0.29,0,475.5,0.36,-318,-0.24,72996,7.30,76
845,Exit long,2025-02-17 11:45,EOD Close (Early/Half-Day),22238.5,2,88981,-27,-0.03,0,28,0.03,-92,-0.10,72969,7.30,21
845,Entry long,2025-02-17 10:00,ORB Long B (2c),22245.25,2,88981,-27,-0.03,0,28,0.03,-92,-0.10,72969,7.30,21
846,Exit short,2025-02-19 10:45,S-TP1,22242,2,88664,-304,-0.34,0,192,0.22,-304,-0.34,72665,7.27,24
846,Entry short,2025-02-19 08:45,ORB Short C (2c),22166,2,88664,-304,-0.34,0,192,0.22,-304,-0.34,72665,7.27,24
847,Exit long,2025-02-19 13:35,L-TP1,22288,2,88887,265,0.30,0,265,0.30,-108,-0.12,72930,7.29,24
847,Entry long,2025-02-19 11:35,ORB Long B (2c),22221.75,2,88887,265,0.30,0,265,0.30,-108,-0.12,72930,7.29,24
848,Exit short,2025-02-25 08:50,S-TP1,21215,3,127722,432,0.34,0,432,0.34,-55.5,-0.04,73362,7.34,1
848,Entry short,2025-02-25 08:45,ORB Short A+ (3c),21287,3,127722,432,0.34,0,432,0.34,-55.5,-0.04,73362,7.34,1
849,Exit long,2025-02-26 10:05,L-TP1,21385,2,85109,431,0.51,0,431,0.51,-70,-0.08,73793,7.38,16
849,Entry long,2025-02-26 08:45,ORB Long B (2c),21277.25,2,85109,431,0.51,0,431,0.51,-70,-0.08,73793,7.38,16
850,Exit short,2025-02-26 13:05,S-TP1,21065,3,127029,639,0.50,0,639,0.50,-201,-0.16,74432,7.44,8
850,Entry short,2025-02-26 12:25,ORB Short A (3c),21171.5,3,127029,639,0.50,0,639,0.50,-201,-0.16,74432,7.44,8
851,Exit short,2025-03-03 08:55,S-TP1,20862.75,2,83765,314,0.37,0,314,0.37,-91,-0.11,74746,7.47,2
851,Entry short,2025-03-03 08:45,ORB Short B+ (2c),20941.25,2,83765,314,0.37,0,314,0.37,-91,-0.11,74746,7.47,2
852,Exit short,2025-03-03 12:05,S-TP1,20815,2,83730,470,0.56,0,470,0.56,-210,-0.25,75216,7.52,30
852,Entry short,2025-03-03 09:35,ORB Short B (2c),20932.5,2,83730,470,0.56,0,470,0.56,-210,-0.25,75216,7.52,30
853,Exit short,2025-03-04 09:15,S-TP1,20115,2,80924,464,0.57,0,464,0.57,-101,-0.12,75680,7.57,4
853,Entry short,2025-03-04 08:55,ORB Short A+ (2c),20231,2,80924,464,0.57,0,464,0.57,-101,-0.12,75680,7.57,4
854,Exit short,2025-03-05 11:00,S-TP1,20396.75,2,81182,-405,-0.50,0,322,0.40,-405,-0.50,75275,7.53,10
854,Entry short,2025-03-05 10:10,ORB Short B+ (2c),20295.5,2,81182,-405,-0.50,0,322,0.40,-405,-0.50,75275,7.53,10
855,Exit short,2025-03-06 11:45,S-TP1,20090.75,2,80749,386,0.48,0,386,0.48,-179,-0.22,75661,7.57,9
855,Entry short,2025-03-06 11:00,ORB Short B (2c),20187.25,2,80749,386,0.48,0,386,0.48,-179,-0.22,75661,7.57,9
856,Exit short,2025-03-07 10:20,S-TP1,19915,2,80084,424,0.53,0,424,0.53,-56,-0.07,76085,7.61,5
856,Entry short,2025-03-07 09:55,ORB Short B (2c),20021,2,80084,424,0.53,0,424,0.53,-56,-0.07,76085,7.61,5
857,Exit short,2025-03-10 09:20,S-TP1,19661,2,79061,417,0.53,0,417,0.53,-249,-0.31,76502,7.65,6
857,Entry short,2025-03-10 08:50,ORB Short A (2c),19765.25,2,79061,417,0.53,0,417,0.53,-249,-0.31,76502,7.65,6
858,Exit short,2025-03-11 09:05,S-TP1,19510.75,2,77537,-506,-0.65,0,24,0.03,-506,-0.65,75996,7.60,1
858,Entry short,2025-03-11 09:00,ORB Short A (2c),19384.25,2,77537,-506,-0.65,0,24,0.03,-506,-0.65,75996,7.60,1
859,Exit short,2025-03-11 12:20,S-TP1,19245.5,2,77498,516,0.67,0,516,0.67,-236,-0.30,76512,7.65,15
859,Entry short,2025-03-11 11:05,ORB Short B+ (2c),19374.5,2,77498,516,0.67,0,516,0.67,-236,-0.30,76512,7.65,15
860,Exit short,2025-03-13 10:35,S-TP1,19315,1,38890.5,260.5,0.67,0,260.5,0.67,-93.5,-0.24,76772.5,7.68,12
860,Entry short,2025-03-13 09:35,ORB Short B (1c),19445.25,1,38890.5,260.5,0.67,0,260.5,0.67,-93.5,-0.24,76772.5,7.68,12
861,Exit short,2025-03-17 12:35,S-TP1,19802.75,1,39336.5,-269,-0.68,0,79.5,0.20,-269,-0.68,76503.5,7.65,31
861,Entry short,2025-03-17 10:00,ORB Short B (1c),19668.25,1,39336.5,-269,-0.68,0,79.5,0.20,-269,-0.68,76503.5,7.65,31
862,Exit short,2025-03-18 15:25,EOD Close,19712,1,39406,-18,-0.05,0,197.5,0.50,-161,-0.41,76485.5,7.65,79
862,Entry short,2025-03-18 08:50,ORB Short B+ (1c),19703,1,39406,-18,-0.05,0,197.5,0.50,-161,-0.41,76485.5,7.65,79
863,Exit short,2025-03-28 09:10,S-TP1,19715,2,79354,494,0.62,0,494,0.62,-19,-0.02,76979.5,7.70,2
863,Entry short,2025-03-28 09:00,ORB Short A (2c),19838.5,2,79354,494,0.62,0,494,0.62,-19,-0.02,76979.5,7.70,2
864,Exit short,2025-04-01 09:35,S-TP1,19400,2,77197,-403,-0.52,0,152,0.20,-403,-0.52,76576.5,7.66,5
864,Entry short,2025-04-01 09:10,ORB Short A (2c),19299.25,2,77197,-403,-0.52,0,152,0.20,-403,-0.52,76576.5,7.66,5
865,Exit short,2025-04-03 09:45,S-TP1,18811.75,2,75638,391,0.52,0,391,0.52,-194,-0.26,76967.5,7.70,8
865,Entry short,2025-04-03 09:05,ORB Short A+ (2c),18909.5,2,75638,391,0.52,0,391,0.52,-194,-0.26,76967.5,7.70,8
866,Exit short,2025-04-03 12:20,S-TP1,18824.75,2,75608,309,0.41,0,309,0.41,-247,-0.33,77276.5,7.73,10
866,Entry short,2025-04-03 11:30,ORB Short A (2c),18902,2,75608,309,0.41,0,309,0.41,-247,-0.33,77276.5,7.73,10
867,Exit short,2025-04-04 09:30,S-TP1,17878.75,2,72006,491,0.68,0,491,0.68,-277,-0.38,77767.5,7.78,4
867,Entry short,2025-04-04 09:10,ORB Short B+ (2c),18001.5,2,72006,491,0.68,0,491,0.68,-277,-0.38,77767.5,7.78,4
868,Exit short,2025-04-04 10:10,S-TP1,18090.5,2,71889,-473,-0.66,0,44,0.06,-473,-0.66,77294.5,7.73,1
868,Entry short,2025-04-04 10:05,ORB Short B+ (2c),17972.25,2,71889,-473,-0.66,0,44,0.06,-473,-0.66,77294.5,7.73,1
869,Exit short,2025-04-08 11:20,S-TP1,17861,1,36035,313,0.87,0,313,0.87,-112.5,-0.31,77607.5,7.76,7
869,Entry short,2025-04-08 10:45,ORB Short C+ (1c),18017.5,1,36035,313,0.87,0,313,0.87,-112.5,-0.31,77607.5,7.76,7
870,Exit short,2025-04-10 10:20,S-TP1,18496.75,1,37323.5,330,0.88,0,330,0.88,-279,-0.75,77937.5,7.79,17
870,Entry short,2025-04-10 08:55,ORB Short A (1c),18661.75,1,37323.5,330,0.88,0,330,0.88,-279,-0.75,77937.5,7.79,17
871,Exit short,2025-04-11 09:40,S-TP1,18479,1,36608,-350,-0.96,0,68,0.19,-350,-0.96,77587.5,7.76,3
871,Entry short,2025-04-11 09:25,ORB Short B (1c),18304,1,36608,-350,-0.96,0,68,0.19,-350,-0.96,77587.5,7.76,3
872,Exit short,2025-04-11 10:35,S-TP1,18524.25,1,36698.5,-350,-0.95,0,11.5,0.03,-350,-0.95,77237.5,7.72,3
872,Entry short,2025-04-11 10:20,ORB Short B (1c),18349.25,1,36698.5,-350,-0.95,0,11.5,0.03,-350,-0.95,77237.5,7.72,3
873,Exit short,2025-04-14 11:10,S-TP1,18774.25,1,37893,344.5,0.91,0,344.5,0.91,-92.5,-0.24,77582,7.76,9
873,Entry short,2025-04-14 10:25,ORB Short B (1c),18946.5,1,37893,344.5,0.91,0,344.5,0.91,-92.5,-0.24,77582,7.76,9
874,Exit short,2025-04-16 10:25,S-TP1,18714.25,1,37108,-320.5,-0.86,0,88.5,0.24,-320.5,-0.86,77261.5,7.73,19
874,Entry short,2025-04-16 08:50,ORB Short B+ (1c),18554,1,37108,-320.5,-0.86,0,88.5,0.24,-320.5,-0.86,77261.5,7.73,19
875,Exit short,2025-04-16 12:40,S-TP1,18402.75,1,37129,323.5,0.87,0,323.5,0.87,-64.5,-0.17,77585,7.76,13
875,Entry short,2025-04-16 11:35,ORB Short B (1c),18564.5,1,37129,323.5,0.87,0,323.5,0.87,-64.5,-0.17,77585,7.76,13
876,Exit short,2025-04-17 15:25,EOD Close,18405.75,1,36718,-93.5,-0.25,0,195.5,0.53,-334,-0.91,77491.5,7.75,73
876,Entry short,2025-04-17 09:20,ORB Short B (1c),18359,1,36718,-93.5,-0.25,0,195.5,0.53,-334,-0.91,77491.5,7.75,73
877,Exit short,2025-04-21 09:15,S-TP1,17915,2,72222,562,0.78,0,562,0.78,-18,-0.02,78053.5,7.81,5
877,Entry short,2025-04-21 08:50,ORB Short A (2c),18055.5,2,72222,562,0.78,0,562,0.78,-18,-0.02,78053.5,7.81,5
878,Exit long,2025-04-22 11:00,L-TP1,18406.75,1,36483.5,330,0.90,0,330,0.90,-85,-0.23,78383.5,7.84,27
878,Entry long,2025-04-22 08:45,ORB Long B (1c),18241.75,1,36483.5,330,0.90,0,330,0.90,-85,-0.23,78383.5,7.84,27
879,Exit long,2025-04-25 12:20,L-TP1,19535,1,38752,318,0.82,0,318,0.82,-283,-0.73,78701.5,7.87,39
879,Entry long,2025-04-25 09:05,ORB Long B (1c),19376,1,38752,318,0.82,0,318,0.82,-283,-0.73,78701.5,7.87,39
880,Exit short,2025-04-28 10:25,S-TP1,19315,1,38929.5,299.5,0.77,0,299.5,0.77,-149.5,-0.38,79001,7.90,18
880,Entry short,2025-04-28 08:55,ORB Short B (1c),19464.75,1,38929.5,299.5,0.77,0,299.5,0.77,-149.5,-0.38,79001,7.90,18
881,Exit long,2025-04-29 13:25,L-TP1,19685,1,39030.5,339.5,0.87,0,339.5,0.87,-92,-0.24,79340.5,7.93,56
881,Entry long,2025-04-29 08:45,ORB Long B+ (1c),19515.25,1,39030.5,339.5,0.87,0,339.5,0.87,-92,-0.24,79340.5,7.93,56
882,Exit long,2025-05-01 14:55,L-TP1,19857,1,39999.5,-285.5,-0.71,0,251,0.63,-285.5,-0.71,79055,7.91,66
882,Entry long,2025-05-01 09:25,ORB Long B (1c),19999.75,1,39999.5,-285.5,-0.71,0,251,0.63,-285.5,-0.71,79055,7.91,66
883,Exit long,2025-05-02 15:25,EOD Close,20191.25,1,40263,119.5,0.30,0,291,0.72,-40,-0.10,79174.5,7.92,76
883,Entry long,2025-05-02 09:05,ORB Long B (1c),20131.5,1,40263,119.5,0.30,0,291,0.72,-40,-0.10,79174.5,7.92,76
884,Exit long,2025-05-05 11:25,L-TP1,20135,2,80239,301,0.38,0,301,0.38,-203,-0.25,79475.5,7.95,30
884,Entry long,2025-05-05 08:55,ORB Long B+ (2c),20059.75,2,80239,301,0.38,0,301,0.38,-203,-0.25,79475.5,7.95,30
885,Exit long,2025-05-06 11:10,L-TP1,19985,2,79468,472,0.59,0,472,0.59,0,0.00,79947.5,7.99,23
885,Entry long,2025-05-06 09:15,ORB Long B (2c),19867,2,79468,472,0.59,0,472,0.59,0,0.00,79947.5,7.99,23
886,Exit short,2025-05-07 13:05,S-TP1,19715,1,39698.5,268.5,0.68,0,268.5,0.68,-152.5,-0.38,80216,8.02,39
886,Entry short,2025-05-07 09:50,ORB Short C (1c),19849.25,1,39698.5,268.5,0.68,0,268.5,0.68,-152.5,-0.38,80216,8.02,39
887,Exit short,2025-05-08 10:25,S-TP1,20194.25,2,80306,-471,-0.59,0,394,0.49,-471,-0.59,79745,7.97,20
887,Entry short,2025-05-08 08:45,ORB Short B (2c),20076.5,2,80306,-471,-0.59,0,394,0.49,-471,-0.59,79745,7.97,20
888,Exit long,2025-05-08 11:50,L-TP1,20335,2,80772,568,0.70,0,568,0.70,-44,-0.05,80313,8.03,16
888,Entry long,2025-05-08 10:30,ORB Long A (2c),20193,2,80772,568,0.70,0,568,0.70,-44,-0.05,80313,8.03,16
889,Exit long,2025-05-12 15:25,EOD Close,20953,2,83714,98,0.12,0,270,0.32,-284,-0.34,80411,8.04,40
889,Entry long,2025-05-12 12:05,ORB Long B+ (2c),20928.5,2,83714,98,0.12,0,270,0.32,-284,-0.34,80411,8.04,40
890,Exit long,2025-05-13 09:15,L-TP1,21235,2,84443,497,0.59,0,497,0.59,-33,-0.04,80908,8.09,5
890,Entry long,2025-05-13 08:50,ORB Long A+ (2c),21110.75,2,84443,497,0.59,0,497,0.59,-33,-0.04,80908,8.09,5
891,Exit long,2025-05-14 12:20,L-TP1,21301.5,2,85647,-441,-0.51,0,29,0.03,-441,-0.51,80467,8.05,10
891,Entry long,2025-05-14 11:30,ORB Long B+ (2c),21411.75,2,85647,-441,-0.51,0,29,0.03,-441,-0.51,80467,8.05,10
892,Exit long,2025-05-15 11:45,L-TP1,21485,2,85445,495,0.58,0,495,0.58,-31,-0.04,80962,8.10,21
892,Entry long,2025-05-15 10:00,ORB Long B (2c),21361.25,2,85445,495,0.58,0,495,0.58,-31,-0.04,80962,8.10,21
893,Exit long,2025-05-16 15:25,EOD Close,21501.75,3,128833.5,177,0.14,0,244.5,0.19,-226.5,-0.18,81139,8.11,35
893,Entry long,2025-05-16 12:30,ORB Long B+ (3c),21472.25,3,128833.5,177,0.14,0,244.5,0.19,-226.5,-0.18,81139,8.11,35
894,Exit long,2025-05-19 11:50,L-TP1,21485,2,85451,489,0.57,0,489,0.57,-86,-0.10,81628,8.16,37
894,Entry long,2025-05-19 08:45,ORB Long B+ (2c),21362.75,2,85451,489,0.57,0,489,0.57,-86,-0.10,81628,8.16,37
895,Exit long,2025-05-20 13:25,L-TP1,21353,2,85782,-370,-0.43,0,113,0.13,-370,-0.43,81258,8.13,45
895,Entry long,2025-05-20 09:40,ORB Long B (2c),21445.5,2,85782,-370,-0.43,0,113,0.13,-370,-0.43,81258,8.13,45
896,Exit long,2025-05-21 10:00,L-TP1,21461.75,2,85528,319,0.37,0,319,0.37,-79,-0.09,81577,8.16,15
896,Entry long,2025-05-21 08:45,ORB Long A (2c),21382,2,85528,319,0.37,0,319,0.37,-79,-0.09,81577,8.16,15
897,Exit long,2025-05-22 09:05,L-TP1,21325.5,2,84945,357,0.42,0,357,0.42,-36,-0.04,81934,8.19,3
897,Entry long,2025-05-22 08:50,ORB Long A (2c),21236.25,2,84945,357,0.42,0,357,0.42,-36,-0.04,81934,8.19,3
898,Exit long,2025-05-22 14:00,L-TP1,21325.5,2,84899,403,0.47,0,403,0.47,-233,-0.27,82337,8.23,51
898,Entry long,2025-05-22 09:45,ORB Long B (2c),21224.75,2,84899,403,0.47,0,403,0.47,-233,-0.27,82337,8.23,51
899,Exit long,2025-05-23 10:15,L-TP1,20886.25,2,83891,-346,-0.41,0,71,0.08,-346,-0.41,81991,8.20,11
899,Entry long,2025-05-23 09:20,ORB Long B (2c),20972.75,2,83891,-346,-0.41,0,71,0.08,-346,-0.41,81991,8.20,11
900,Exit long,2025-05-23 15:25,EOD Close,20955.25,2,83903,-82,-0.10,0,432,0.51,-171,-0.20,81909,8.19,49
900,Entry long,2025-05-23 11:20,ORB Long B (2c),20975.75,2,83903,-82,-0.10,0,432,0.51,-171,-0.20,81909,8.19,49
901,Exit long,2025-05-27 09:30,L-TP1,21385,2,85181,359,0.42,0,359,0.42,-13,-0.02,82268,8.23,7
901,Entry long,2025-05-27 08:55,ORB Long A (2c),21295.25,2,85181,359,0.42,0,359,0.42,-13,-0.02,82268,8.23,7
902,Exit short,2025-05-28 14:50,S-TP1,21365,1,42965,235,0.55,0,235,0.55,-63,-0.15,82503,8.25,73
902,Entry short,2025-05-28 08:45,ORB Short C (1c),21482.5,1,42965,235,0.55,0,235,0.55,-63,-0.15,82503,8.25,73
903,Exit short,2025-05-29 09:05,S-TP1,21410.75,1,42983.5,162,0.38,0,162,0.38,-132,-0.31,82665,8.27,4
903,Entry short,2025-05-29 08:45,ORB Short C (1c),21491.75,1,42983.5,162,0.38,0,162,0.38,-132,-0.31,82665,8.27,4
904,Exit long,2025-05-30 10:40,L-TP1,21301.75,2,85579,-372,-0.43,0,2,0.00,-372,-0.43,82293,8.23,13
904,Entry long,2025-05-30 09:35,ORB Long A (2c),21394.75,2,85579,-372,-0.43,0,2,0.00,-372,-0.43,82293,8.23,13
905,Exit long,2025-06-02 15:00,L-TP1,21549.75,2,85834,365,0.43,0,365,0.43,-136,-0.16,82658,8.27,36
905,Entry long,2025-06-02 12:00,ORB Long B (2c),21458.5,2,85834,365,0.43,0,365,0.43,-136,-0.16,82658,8.27,36
906,Exit long,2025-06-03 11:35,L-TP1,21735,2,86463,477,0.55,0,477,0.55,-233,-0.27,83135,8.31,31
906,Entry long,2025-06-03 09:00,ORB Long A (2c),21615.75,2,86463,477,0.55,0,477,0.55,-233,-0.27,83135,8.31,31
907,Exit short,2025-06-05 09:35,S-TP1,21808.5,2,86895,-339,-0.39,0,92,0.11,-339,-0.39,82796,8.28,8
907,Entry short,2025-06-05 08:55,ORB Short B (2c),21723.75,2,86895,-339,-0.39,0,92,0.11,-339,-0.39,82796,8.28,8
908,Exit long,2025-06-05 10:55,L-TP1,21935,2,87430,310,0.35,0,310,0.35,-52,-0.06,83106,8.31,12
908,Entry long,2025-06-05 09:55,ORB Long A (2c),21857.5,2,87430,310,0.35,0,310,0.35,-52,-0.06,83106,8.31,12
909,Exit short,2025-06-05 13:15,S-TP1,21615,2,86891,431,0.50,0,431,0.50,-268,-0.31,83537,8.35,18
909,Entry short,2025-06-05 11:45,ORB Short B (2c),21722.75,2,86891,431,0.50,0,431,0.50,-268,-0.31,83537,8.35,18
910,Exit long,2025-06-06 09:25,L-TP1,21771.25,2,87431,-346,-0.40,0,22,0.03,-346,-0.40,83191,8.32,8
910,Entry long,2025-06-06 08:45,ORB Long A (2c),21857.75,2,87431,-346,-0.40,0,22,0.03,-346,-0.40,83191,8.32,8
911,Exit long,2025-06-09 09:30,L-TP1,21885,3,130893,417,0.32,0,417,0.32,-192,-0.15,83608,8.36,8
911,Entry long,2025-06-09 08:50,ORB Long A (3c),21815.5,3,130893,417,0.32,0,417,0.32,-192,-0.15,83608,8.36,8
912,Exit short,2025-06-10 10:50,S-TP1,21863.75,1,43556,-171.5,-0.39,0,11,0.03,-171.5,-0.39,83436.5,8.34,4
912,Entry short,2025-06-10 10:30,ORB Short C (1c),21778,1,43556,-171.5,-0.39,0,11,0.03,-171.5,-0.39,83436.5,8.34,4
913,Exit long,2025-06-10 14:05,L-TP1,21985,2,87577,363,0.41,0,363,0.41,-293,-0.33,83799.5,8.38,37
913,Entry long,2025-06-10 11:00,ORB Long B+ (2c),21894.25,2,87577,363,0.41,0,363,0.41,-293,-0.33,83799.5,8.38,37
914,Exit short,2025-06-11 09:25,S-TP1,22039.5,1,43907.5,-171.5,-0.39,0,4,0.01,-171.5,-0.39,83628,8.36,8
914,Entry short,2025-06-11 08:45,ORB Short C (1c),21953.75,1,43907.5,-171.5,-0.39,0,4,0.01,-171.5,-0.39,83628,8.36,8
915,Exit long,2025-06-11 11:05,L-TP1,21953,2,88155,-343,-0.39,0,33,0.04,-343,-0.39,83285,8.33,10
915,Entry long,2025-06-11 10:15,ORB Long B+ (2c),22038.75,2,88155,-343,-0.39,0,33,0.04,-343,-0.39,83285,8.33,10
916,Exit long,2025-06-12 10:00,L-TP1,21959.25,2,87546,291,0.33,0,291,0.33,-187,-0.21,83576,8.36,15
916,Entry long,2025-06-12 08:45,ORB Long A+ (2c),21886.5,2,87546,291,0.33,0,291,0.33,-187,-0.21,83576,8.36,15
917,Exit long,2025-06-13 13:15,L-TP1,21716,2,87192,-328,-0.38,0,231,0.26,-328,-0.38,83248,8.32,34
917,Entry long,2025-06-13 10:25,ORB Long B (2c),21798,2,87192,-328,-0.38,0,231,0.26,-328,-0.38,83248,8.32,34
918,Exit long,2025-06-16 09:10,L-TP1,22185,2,88425,315,0.36,0,315,0.36,-40,-0.05,83563,8.36,5
918,Entry long,2025-06-16 08:45,ORB Long A+ (2c),22106.25,2,88425,315,0.36,0,315,0.36,-40,-0.05,83563,8.36,5
919,Exit long,2025-06-17 11:55,L-TP1,22039.25,2,88485,-328,-0.37,0,61,0.07,-328,-0.37,83235,8.32,33
919,Entry long,2025-06-17 09:10,ORB Long A (2c),22121.25,2,88485,-328,-0.37,0,61,0.07,-328,-0.37,83235,8.32,33
920,Exit short,2025-06-17 13:25,S-TP1,21915,1,44028.5,198.5,0.45,0,198.5,0.45,-70.5,-0.16,83433.5,8.34,12
920,Entry short,2025-06-17 12:25,ORB Short C (1c),22014.25,1,44028.5,198.5,0.45,0,198.5,0.45,-70.5,-0.16,83433.5,8.34,12
921,Exit long,2025-06-18 09:25,L-TP1,22079,3,132015,459,0.35,0,459,0.35,-132,-0.10,83892.5,8.39,8
921,Entry long,2025-06-18 08:45,ORB Long A (3c),22002.5,3,132015,459,0.35,0,459,0.35,-132,-0.10,83892.5,8.39,8
922,Exit long,2025-06-23 09:05,L-TP1,21985,3,131424,486,0.37,0,486,0.37,-66,-0.05,84378.5,8.44,4
922,Entry long,2025-06-23 08:45,ORB Long A (3c),21904,3,131424,486,0.37,0,486,0.37,-66,-0.05,84378.5,8.44,4
923,Exit long,2025-06-23 12:20,L-TP1,21973.25,2,87582,311,0.36,0,311,0.36,-106,-0.12,84689.5,8.47,4
923,Entry long,2025-06-23 12:00,ORB Long B (2c),21895.5,2,87582,311,0.36,0,311,0.36,-106,-0.12,84689.5,8.47,4
924,Exit long,2025-06-24 11:40,L-TP1,22411.5,3,134019,450,0.34,0,450,0.34,-219,-0.16,85139.5,8.51,24
924,Entry long,2025-06-24 09:40,ORB Long B+ (3c),22336.5,3,134019,450,0.34,0,450,0.34,-219,-0.16,85139.5,8.51,24
925,Exit long,2025-06-26 13:15,L-TP1,22685,2,90287,453,0.50,0,453,0.50,-88,-0.10,85592.5,8.56,47
925,Entry long,2025-06-26 09:20,ORB Long B (2c),22571.75,2,90287,453,0.50,0,453,0.50,-88,-0.10,85592.5,8.56,47
926,Exit long,2025-06-27 13:25,L-TP1,22668.75,2,90975,-300,-0.33,0,320,0.35,-300,-0.33,85292.5,8.53,55
926,Entry long,2025-06-27 08:50,ORB Long B (2c),22743.75,2,90975,-300,-0.33,0,320,0.35,-300,-0.33,85292.5,8.53,55
927,Exit long,2025-07-02 09:25,L-TP1,22785,3,136263,447,0.33,0,447,0.33,-46.5,-0.03,85739.5,8.57,8
927,Entry long,2025-07-02 08:45,ORB Long A+ (3c),22710.5,3,136263,447,0.33,0,447,0.33,-46.5,-0.03,85739.5,8.57,8
928,Exit long,2025-07-03 10:35,L-TP1,23085,3,137964,546,0.40,0,546,0.40,-34.5,-0.03,86285.5,8.63,21
928,Entry long,2025-07-03 08:50,ORB Long A+ (3c),22994,3,137964,546,0.40,0,546,0.40,-34.5,-0.03,86285.5,8.63,21
929,Exit short,2025-07-08 11:25,S-TP1,22956.25,2,91525,-300,-0.33,0,161,0.18,-300,-0.33,85985.5,8.60,30
929,Entry short,2025-07-08 08:55,ORB Short B (2c),22881.25,2,91525,-300,-0.33,0,161,0.18,-300,-0.33,85985.5,8.60,30
930,Exit long,2025-07-09 09:30,L-TP1,23010.5,3,138513,-450,-0.32,0,154.5,0.11,-450,-0.32,85535.5,8.55,9
930,Entry long,2025-07-09 08:45,ORB Long A (3c),23085.5,3,138513,-450,-0.32,0,154.5,0.11,-450,-0.32,85535.5,8.55,9
931,Exit short,2025-07-10 09:00,S-TP1,22928.5,2,91974,260,0.28,0,260,0.28,-68,-0.07,85795.5,8.58,3
931,Entry short,2025-07-10 08:45,ORB Short B (2c),22993.5,2,91974,260,0.28,0,260,0.28,-68,-0.07,85795.5,8.58,3
932,Exit long,2025-07-11 15:25,EOD Close,22936,3,137784,-168,-0.12,0,346.5,0.25,-331.5,-0.24,85627.5,8.56,78
932,Entry long,2025-07-11 08:55,ORB Long B+ (3c),22964,3,137784,-168,-0.12,0,346.5,0.25,-331.5,-0.24,85627.5,8.56,78
933,Exit long,2025-07-14 15:25,EOD Close,23024,2,91968,128,0.14,0,303,0.33,-29,-0.03,85755.5,8.58,66
933,Entry long,2025-07-14 09:55,ORB Long B (2c),22992,2,91968,128,0.14,0,303,0.33,-29,-0.03,85755.5,8.58,66
934,Exit short,2025-07-15 10:45,S-TP1,23174.5,2,92398,-300,-0.32,0,1,0.00,-300,-0.32,85455.5,8.55,10
934,Entry short,2025-07-15 09:55,ORB Short C (2c),23099.5,2,92398,-300,-0.32,0,1,0.00,-300,-0.32,85455.5,8.55,10
935,Exit short,2025-07-15 13:00,S-TP1,23173.5,2,92394,-300,-0.32,0,48,0.05,-300,-0.32,85155.5,8.52,13
935,Entry short,2025-07-15 11:55,ORB Short B (2c),23098.5,2,92394,-300,-0.32,0,48,0.05,-300,-0.32,85155.5,8.52,13
936,Exit long,2025-07-17 10:00,L-TP1,23207.75,3,138816,430.5,0.31,0,430.5,0.31,-129,-0.09,85586,8.56,15
936,Entry long,2025-07-17 08:45,ORB Long B+ (3c),23136,3,138816,430.5,0.31,0,430.5,0.31,-129,-0.09,85586,8.56,15
937,Exit long,2025-07-21 15:25,EOD Close,23340.25,3,140271,-229.5,-0.16,0,279,0.20,-301.5,-0.21,85356.5,8.54,80
937,Entry long,2025-07-21 08:45,ORB Long A (3c),23378.5,3,140271,-229.5,-0.16,0,279,0.20,-301.5,-0.21,85356.5,8.54,80
938,Exit short,2025-07-23 10:50,S-TP1,23240.75,2,92663,-300,-0.32,0,93,0.10,-300,-0.32,85056.5,8.51,23
938,Entry short,2025-07-23 08:55,ORB Short B (2c),23165.75,2,92663,-300,-0.32,0,93,0.10,-300,-0.32,85056.5,8.51,23
939,Exit long,2025-07-24 15:25,EOD Close,23392,3,140469,-117,-0.08,0,81,0.06,-268.5,-0.19,84939.5,8.49,39
939,Entry long,2025-07-24 12:10,ORB Long A (3c),23411.5,3,140469,-117,-0.08,0,81,0.06,-268.5,-0.19,84939.5,8.49,39
940,Exit long,2025-07-25 15:25,EOD Close,23436,3,140304,312,0.22,0,558,0.40,-67.5,-0.05,85251.5,8.53,80
940,Entry long,2025-07-25 08:45,ORB Long B+ (3c),23384,3,140304,312,0.22,0,558,0.40,-67.5,-0.05,85251.5,8.53,80
941,Exit long,2025-07-30 13:35,L-TP1,23585,3,141093,417,0.30,0,417,0.30,-243,-0.17,85668.5,8.57,51
941,Entry long,2025-07-30 09:20,ORB Long A+ (3c),23515.5,3,141093,417,0.30,0,417,0.30,-243,-0.17,85668.5,8.57,51
942,Exit long,2025-08-05 09:15,L-TP1,23306.5,3,140289,-450,-0.32,0,67.5,0.05,-450,-0.32,85218.5,8.52,6
942,Entry long,2025-08-05 08:45,ORB Long B+ (3c),23381.5,3,140289,-450,-0.32,0,67.5,0.05,-450,-0.32,85218.5,8.52,6
943,Exit long,2025-08-06 10:25,L-TP1,23328,2,92917,395,0.43,0,395,0.43,-260,-0.28,85613.5,8.56,19
943,Entry long,2025-08-06 08:50,ORB Long B (2c),23229.25,2,92917,395,0.43,0,395,0.43,-260,-0.28,85613.5,8.56,19
944,Exit long,2025-08-07 09:20,L-TP1,23579.5,3,141927,-450,-0.32,0,100.5,0.07,-450,-0.32,85163.5,8.52,5
944,Entry long,2025-08-07 08:55,ORB Long B+ (3c),23654.5,3,141927,-450,-0.32,0,100.5,0.07,-450,-0.32,85163.5,8.52,5
945,Exit long,2025-08-08 15:00,L-TP1,23735,3,141771,639,0.45,0,639,0.45,-99,-0.07,85802.5,8.58,75
945,Entry long,2025-08-08 08:45,ORB Long A+ (3c),23628.5,3,141771,639,0.45,0,639,0.45,-99,-0.07,85802.5,8.58,75
946,Exit long,2025-08-11 13:40,L-TP1,23670,3,142470,-450,-0.32,0,357,0.25,-450,-0.32,85352.5,8.54,57
946,Entry long,2025-08-11 08:55,ORB Long A (3c),23745,3,142470,-450,-0.32,0,357,0.25,-450,-0.32,85352.5,8.54,57
947,Exit long,2025-08-12 11:30,L-TP1,23885,3,142860,450,0.31,0,450,0.31,0,0.00,85802.5,8.58,17
947,Entry long,2025-08-12 10:05,ORB Long B+ (3c),23810,3,142860,450,0.31,0,450,0.31,0,0.00,85802.5,8.58,17
948,Exit long,2025-08-14 09:45,L-TP1,24002,3,143584.5,427.5,0.30,0,427.5,0.30,-198,-0.14,86230,8.62,12
948,Entry long,2025-08-14 08:45,ORB Long A (3c),23930.75,3,143584.5,427.5,0.30,0,427.5,0.30,-198,-0.14,86230,8.62,12
949,Exit long,2025-08-14 15:25,EOD Close,23882.25,3,143553,-259.5,-0.18,0,325.5,0.23,-366,-0.25,85970.5,8.60,55
949,Entry long,2025-08-14 10:50,ORB Long B+ (3c),23925.5,3,143553,-259.5,-0.18,0,325.5,0.23,-366,-0.25,85970.5,8.60,55
950,Exit long,2025-08-25 10:05,L-TP1,23584.5,2,94078,260,0.28,0,260,0.28,-60,-0.06,86230.5,8.62,14
950,Entry long,2025-08-25 08:55,ORB Long B (2c),23519.5,2,94078,260,0.28,0,260,0.28,-60,-0.06,86230.5,8.62,14
951,Exit long,2025-08-26 15:05,L-TP1,23605.5,2,94162,260,0.28,0,260,0.28,-246,-0.26,86490.5,8.65,69
951,Entry long,2025-08-26 09:20,ORB Long C+ (2c),23540.5,2,94162,260,0.28,0,260,0.28,-246,-0.26,86490.5,8.65,69
952,Exit long,2025-08-27 13:10,L-TP1,23635,2,94266,274,0.29,0,274,0.29,-98,-0.10,86764.5,8.68,48
952,Entry long,2025-08-27 09:10,ORB Long C+ (2c),23566.5,2,94266,274,0.29,0,274,0.29,-98,-0.10,86764.5,8.68,48
953,Exit long,2025-08-28 15:25,EOD Close,23763.5,3,142527,54,0.04,0,295.5,0.21,-193.5,-0.14,86818.5,8.68,48
953,Entry long,2025-08-28 11:25,ORB Long B+ (3c),23754.5,3,142527,54,0.04,0,295.5,0.21,-193.5,-0.14,86818.5,8.68,48
954,Exit short,2025-08-29 09:05,S-TP1,23465,2,94173,313,0.33,0,313,0.33,-130,-0.14,87131.5,8.71,4
954,Entry short,2025-08-29 08:45,ORB Short B (2c),23543.25,2,94173,313,0.33,0,313,0.33,-130,-0.14,87131.5,8.71,4
955,Exit long,2025-09-04 14:10,L-TP1,23635,2,94206,334,0.35,0,334,0.35,-155,-0.16,87465.5,8.75,40
955,Entry long,2025-09-04 10:50,ORB Long B (2c),23551.5,2,94206,334,0.35,0,334,0.35,-155,-0.16,87465.5,8.75,40
956,Exit short,2025-09-05 09:15,S-TP1,23715,2,95183,323,0.34,0,323,0.34,-29,-0.03,87788.5,8.78,2
956,Entry short,2025-09-05 09:05,ORB Short C+ (2c),23795.75,2,95183,323,0.34,0,323,0.34,-29,-0.03,87788.5,8.78,2
957,Exit long,2025-09-08 12:50,L-TP1,23772,3,143095.5,-463.5,-0.32,0,232.5,0.16,-463.5,-0.32,87325,8.73,49
957,Entry long,2025-09-08 08:45,ORB Long A (3c),23849.25,3,143095.5,-463.5,-0.32,0,232.5,0.16,-463.5,-0.32,87325,8.73,49
958,Exit long,2025-09-11 15:25,EOD Close,24012,3,144024,48,0.03,0,268.5,0.19,-55.5,-0.04,87373,8.74,66
958,Entry long,2025-09-11 09:55,ORB Long B+ (3c),24004,3,144024,48,0.03,0,268.5,0.19,-55.5,-0.04,87373,8.74,66
959,Exit long,2025-09-12 13:30,L-TP1,24136.5,3,144429,390,0.27,0,390,0.27,-42,-0.03,87763,8.78,50
959,Entry long,2025-09-12 09:20,ORB Long A (3c),24071.5,3,144429,390,0.27,0,390,0.27,-42,-0.03,87763,8.78,50
960,Exit long,2025-09-15 15:25,EOD Close,24289.75,3,145371,367.5,0.25,0,523.5,0.36,-45,-0.03,88130.5,8.81,80
960,Entry long,2025-09-15 08:45,ORB Long A (3c),24228.5,3,145371,367.5,0.25,0,523.5,0.36,-45,-0.03,88130.5,8.81,80
961,Exit long,2025-09-18 09:25,L-TP1,24787.25,3,148333.5,390,0.26,0,390,0.26,-9,-0.01,88520.5,8.85,5
961,Entry long,2025-09-18 09:00,ORB Long A (3c),24722.25,3,148333.5,390,0.26,0,390,0.26,-9,-0.01,88520.5,8.85,5
962,Exit long,2025-09-19 10:30,L-TP1,24718.5,3,148761,-450,-0.30,0,135,0.09,-450,-0.30,88070.5,8.81,21
962,Entry long,2025-09-19 08:45,ORB Long A (3c),24793.5,3,148761,-450,-0.30,0,135,0.09,-450,-0.30,88070.5,8.81,21
963,Exit long,2025-09-19 14:55,L-TP1,24885,3,148771.5,538.5,0.36,0,538.5,0.36,-34.5,-0.02,88609,8.86,47
963,Entry long,2025-09-19 11:00,ORB Long B+ (3c),24795.25,3,148771.5,538.5,0.36,0,538.5,0.36,-34.5,-0.02,88609,8.86,47
964,Exit short,2025-09-23 12:25,S-TP1,24875.25,2,99761,260,0.26,0,260,0.26,-139,-0.14,88869,8.89,42
964,Entry short,2025-09-23 08:55,ORB Short B (2c),24940.25,2,99761,260,0.26,0,260,0.26,-139,-0.14,88869,8.89,42
965,Exit long,2025-09-25 10:40,L-TP1,24675.25,2,98424,277,0.28,0,277,0.28,-89,-0.09,89146,8.91,17
965,Entry long,2025-09-25 09:15,ORB Long C+ (2c),24606,2,98424,277,0.28,0,277,0.28,-89,-0.09,89146,8.91,17
966,Exit long,2025-09-29 10:15,L-TP1,24872.25,3,149683.5,-450,-0.30,0,166.5,0.11,-450,-0.30,88696,8.87,18
966,Entry long,2025-09-29 08:45,ORB Long B+ (3c),24947.25,3,149683.5,-450,-0.30,0,166.5,0.11,-450,-0.30,88696,8.87,18
967,Exit long,2025-09-30 10:25,L-TP1,24767.5,2,99370,-300,-0.30,0,86,0.09,-300,-0.30,88396,8.84,6
967,Entry long,2025-09-30 09:55,ORB Long B (2c),24842.5,2,99370,-300,-0.30,0,86,0.09,-300,-0.30,88396,8.84,6
968,Exit long,2025-10-01 10:45,L-TP1,24935,3,149146.5,463.5,0.31,0,463.5,0.31,-21,-0.01,88859.5,8.89,18
968,Entry long,2025-10-01 09:15,ORB Long A (3c),24857.75,3,149146.5,463.5,0.31,0,463.5,0.31,-21,-0.01,88859.5,8.89,18
969,Exit long,2025-10-06 15:25,EOD Close,25179.25,3,151348.5,-273,-0.18,0,169.5,0.11,-303,-0.20,88586.5,8.86,37
969,Entry long,2025-10-06 12:20,ORB Long A+ (3c),25224.75,3,151348.5,-273,-0.18,0,169.5,0.11,-303,-0.20,88586.5,8.86,37
970,Exit long,2025-10-08 09:10,L-TP1,25226.25,3,150967.5,390,0.26,0,390,0.26,-111,-0.07,88976.5,8.90,5
970,Entry long,2025-10-08 08:45,ORB Long A+ (3c),25161.25,3,150967.5,390,0.26,0,390,0.26,-111,-0.07,88976.5,8.90,5
971,Exit short,2025-10-09 12:15,S-TP1,25186.5,2,101007,261,0.26,0,261,0.26,-92,-0.09,89237.5,8.92,34
971,Entry short,2025-10-09 09:25,ORB Short C (2c),25251.75,2,101007,261,0.26,0,261,0.26,-92,-0.09,89237.5,8.92,34
972,Exit long,2025-10-13 09:20,L-TP1,24809.5,2,99553,-315,-0.32,0,102,0.10,-315,-0.32,88922.5,8.89,5
972,Entry long,2025-10-13 08:55,ORB Long B (2c),24888.25,2,99553,-315,-0.32,0,102,0.10,-315,-0.32,88922.5,8.89,5
973,Exit long,2025-10-13 09:50,L-TP1,24774.25,2,99412,-315,-0.32,0,142,0.14,-315,-0.32,88607.5,8.86,4
973,Entry long,2025-10-13 09:30,ORB Long B (2c),24853,2,99412,-315,-0.32,0,142,0.14,-315,-0.32,88607.5,8.86,4
974,Exit long,2025-10-13 11:50,L-TP1,24934.25,2,99462,275,0.28,0,275,0.28,-54,-0.05,88882.5,8.89,19
974,Entry long,2025-10-13 10:15,ORB Long B (2c),24865.5,2,99462,275,0.28,0,275,0.28,-54,-0.05,88882.5,8.89,19
975,Exit long,2025-10-15 10:45,L-TP1,24924.75,2,100057,-358,-0.36,0,414,0.41,-358,-0.36,88524.5,8.85,22
975,Entry long,2025-10-15 08:55,ORB Long A (2c),25014.25,2,100057,-358,-0.36,0,414,0.41,-358,-0.36,88524.5,8.85,22
976,Exit short,2025-10-15 12:05,S-TP1,24825,1,49809,159,0.32,0,159,0.32,-178,-0.36,88683.5,8.87,15
976,Entry short,2025-10-15 10:50,ORB Short C (1c),24904.5,1,49809,159,0.32,0,159,0.32,-178,-0.36,88683.5,8.87,15
977,Exit long,2025-10-16 10:30,L-TP1,25018.5,2,100438,-364,-0.36,0,281,0.28,-364,-0.36,88319.5,8.83,12
977,Entry long,2025-10-16 09:30,ORB Long B (2c),25109.5,2,100438,-364,-0.36,0,281,0.28,-364,-0.36,88319.5,8.83,12
978,Exit long,2025-10-20 10:45,L-TP1,25335,2,100922,418,0.41,0,418,0.41,-114,-0.11,88737.5,8.87,23
978,Entry long,2025-10-20 08:50,ORB Long A (2c),25230.5,2,100922,418,0.41,0,418,0.41,-114,-0.11,88737.5,8.87,23
979,Exit long,2025-10-21 15:25,EOD Close,25257.75,2,101234,-203,-0.20,0,156,0.15,-319,-0.32,88534.5,8.85,56
979,Entry long,2025-10-21 10:45,ORB Long B+ (2c),25308.5,2,101234,-203,-0.20,0,156,0.15,-319,-0.32,88534.5,8.85,56
980,Exit long,2025-10-22 09:25,L-TP1,25178.75,2,101123,-408,-0.40,0,7,0.01,-408,-0.40,88126.5,8.81,7
980,Entry long,2025-10-22 08:50,ORB Long A+ (2c),25280.75,2,101123,-408,-0.40,0,7,0.01,-408,-0.40,88126.5,8.81,7
981,Exit short,2025-10-22 10:30,S-TP1,25015,2,100501,441,0.44,0,441,0.44,-266,-0.26,88567.5,8.86,13
981,Entry short,2025-10-22 09:25,ORB Short B (2c),25125.25,2,100501,441,0.44,0,441,0.44,-266,-0.26,88567.5,8.86,13
982,Exit long,2025-10-23 11:50,L-TP1,25235,2,100549,391,0.39,0,391,0.39,-214,-0.21,88958.5,8.90,37
982,Entry long,2025-10-23 08:45,ORB Long A+ (2c),25137.25,2,100549,391,0.39,0,391,0.39,-214,-0.21,88958.5,8.90,37
983,Exit long,2025-10-24 15:25,EOD Close,25518.25,2,102129,-56,-0.05,0,147,0.14,-399,-0.39,88902.5,8.89,76
983,Entry long,2025-10-24 09:05,ORB Long A (2c),25532.25,2,102129,-56,-0.05,0,147,0.14,-399,-0.39,88902.5,8.89,76
984,Exit long,2025-10-27 13:20,L-TP1,25935,3,155197.5,412.5,0.27,0,412.5,0.27,-265.5,-0.17,89315,8.93,52
984,Entry long,2025-10-27 09:00,ORB Long A (3c),25866.25,3,155197.5,412.5,0.27,0,412.5,0.27,-265.5,-0.17,89315,8.93,52
985,Exit long,2025-10-28 15:25,EOD Close,26164.5,2,104436,222,0.21,0,492,0.47,-73,-0.07,89537,8.95,47
985,Entry long,2025-10-28 11:30,ORB Long A (2c),26109,2,104436,222,0.21,0,492,0.47,-73,-0.07,89537,8.95,47
986,Exit short,2025-10-31 11:15,S-TP1,25976.25,1,52205.5,253,0.48,0,253,0.48,-160.5,-0.31,89790,8.98,28
986,Entry short,2025-10-31 08:55,ORB Short C (1c),26102.75,1,52205.5,253,0.48,0,253,0.48,-160.5,-0.31,89790,8.98,28
987,Exit long,2025-11-10 09:55,L-TP1,25538.5,2,102560,-406,-0.40,0,106,0.10,-406,-0.40,89384,8.94,11
987,Entry long,2025-11-10 09:00,ORB Long A+ (2c),25640,2,102560,-406,-0.40,0,106,0.10,-406,-0.40,89384,8.94,11
988,Exit short,2025-11-10 11:50,S-TP1,25625,1,51047,-203,-0.40,0,142.5,0.28,-203,-0.40,89181,8.92,23
988,Entry short,2025-11-10 09:55,ORB Short C (1c),25523.5,1,51047,-203,-0.40,0,142.5,0.28,-203,-0.40,89181,8.92,23
989,Exit long,2025-11-10 14:35,L-TP1,25732,2,102562,366,0.36,0,366,0.36,-48,-0.05,89547,8.95,31
989,Entry long,2025-11-10 12:00,ORB Long A (2c),25640.5,2,102562,366,0.36,0,366,0.36,-48,-0.05,89547,8.95,31
990,Exit long,2025-11-11 15:25,EOD Close,25666,2,102630,34,0.03,0,153,0.15,-201,-0.20,89581,8.96,38
990,Entry long,2025-11-11 12:15,ORB Long B (2c),25657.5,2,102630,34,0.03,0,153,0.15,-201,-0.20,89581,8.96,38
991,Exit short,2025-11-18 09:00,S-TP1,24514.5,2,98494,436,0.44,0,436,0.44,-83,-0.08,90017,9.00,3
991,Entry short,2025-11-18 08:45,ORB Short A+ (2c),24623.5,2,98494,436,0.44,0,436,0.44,-83,-0.08,90017,9.00,3
992,Exit short,2025-11-18 11:15,S-TP1,24577.25,3,147876,412.5,0.28,0,412.5,0.28,-310.5,-0.21,90429.5,9.04,9
992,Entry short,2025-11-18 10:30,ORB Short A (3c),24646,3,147876,412.5,0.28,0,412.5,0.28,-310.5,-0.21,90429.5,9.04,9
993,Exit short,2025-11-19 12:35,S-TP1,24694.75,2,98287,-492,-0.50,0,255,0.26,-492,-0.50,89937.5,8.99,13
993,Entry short,2025-11-19 11:30,ORB Short B+ (2c),24571.75,2,98287,-492,-0.50,0,255,0.26,-492,-0.50,89937.5,8.99,13
994,Exit short,2025-11-20 10:15,S-TP1,24965,1,50197.5,267.5,0.53,0,267.5,0.53,-27.5,-0.05,90205,9.02,3
994,Entry short,2025-11-20 10:00,ORB Short C (1c),25098.75,1,50197.5,267.5,0.53,0,267.5,0.53,-27.5,-0.05,90205,9.02,3
995,Exit short,2025-11-21 09:30,S-TP1,24013.75,1,48279,251.5,0.52,0,251.5,0.52,-169.5,-0.35,90456.5,9.05,6
995,Entry short,2025-11-21 09:00,ORB Short A (1c),24139.5,1,48279,251.5,0.52,0,251.5,0.52,-169.5,-0.35,90456.5,9.05,6
996,Exit short,2025-11-25 09:40,S-TP1,24832.5,1,49376,-289,-0.59,0,49,0.10,-289,-0.59,90167.5,9.02,8
996,Entry short,2025-11-25 09:00,ORB Short A+ (1c),24688,1,49376,-289,-0.59,0,49,0.10,-289,-0.59,90167.5,9.02,8
997,Exit long,2025-11-28 11:45,EOD Close (Early/Half-Day),25405.75,1,50869,-57.5,-0.11,0,11,0.02,-134,-0.26,90110,9.01,20
997,Entry long,2025-11-28 10:05,ORB Long C (1c),25434.5,1,50869,-57.5,-0.11,0,11,0.02,-134,-0.26,90110,9.01,20
998,Exit long,2025-12-01 11:40,L-TP1,25472,2,101385,503,0.50,0,503,0.50,-320,-0.32,90613,9.06,34
998,Entry long,2025-12-01 08:50,ORB Long A (2c),25346.25,2,101385,503,0.50,0,503,0.50,-320,-0.32,90613,9.06,34
999,Exit long,2025-12-02 10:20,L-TP1,25507.75,2,102540,-509,-0.50,0,140,0.14,-509,-0.50,90104,9.01,16
999,Entry long,2025-12-02 09:00,ORB Long A (2c),25635,2,102540,-509,-0.50,0,140,0.14,-509,-0.50,90104,9.01,16
1000,Exit long,2025-12-03 15:25,EOD Close,25641.5,2,102287,279,0.27,0,456,0.45,-295,-0.29,90383,9.04,77
1000,Entry long,2025-12-03 09:00,ORB Long A+ (2c),25571.75,2,102287,279,0.27,0,456,0.45,-295,-0.29,90383,9.04,77
1001,Exit long,2025-12-05 10:30,L-TP1,25675.5,2,103179,-477,-0.46,0,292,0.28,-477,-0.46,89906,8.99,20
1001,Entry long,2025-12-05 08:50,ORB Long A+ (2c),25794.75,2,103179,-477,-0.46,0,292,0.28,-477,-0.46,89906,8.99,20
1002,Exit long,2025-12-09 15:25,EOD Close,25680.5,2,102628,94,0.09,0,326,0.32,-86,-0.08,90000,9.00,72
1002,Entry long,2025-12-09 09:25,ORB Long B (2c),25657,2,102628,94,0.09,0,326,0.32,-86,-0.08,90000,9.00,72
1003,Exit long,2025-12-10 13:50,L-TP1,25785,2,102671,469,0.46,0,469,0.46,-355,-0.35,90469,9.05,24
1003,Entry long,2025-12-10 11:50,ORB Long B (2c),25667.75,2,102671,469,0.46,0,469,0.46,-355,-0.35,90469,9.05,24
1004,Exit long,2025-12-11 15:15,L-TP1,25785,2,102654,486,0.47,0,486,0.47,-134,-0.13,90955,9.10,32
1004,Entry long,2025-12-11 12:35,ORB Long A (2c),25663.5,2,102654,486,0.47,0,486,0.47,-134,-0.13,90955,9.10,32
1005,Exit long,2025-12-23 15:25,EOD Close,25816,2,102958,306,0.30,0,331,0.32,-46,-0.04,91261,9.13,65
1005,Entry long,2025-12-23 10:00,ORB Long B (2c),25739.5,2,102958,306,0.30,0,331,0.32,-46,-0.04,91261,9.13,65
1006,Exit long,2025-12-24 11:45,EOD Close (Early/Half-Day),25874.5,2,103311,187,0.18,0,242,0.23,-95,-0.09,91448,9.14,31
1006,Entry long,2025-12-24 09:10,ORB Long B (2c),25827.75,2,103311,187,0.18,0,242,0.23,-95,-0.09,91448,9.14,31
1007,Exit long,2025-12-30 15:25,EOD Close,25685.75,2,102945,-202,-0.20,0,231,0.22,-272,-0.26,91246,9.12,80
1007,Entry long,2025-12-30 08:45,ORB Long B (2c),25736.25,2,102945,-202,-0.20,0,231,0.22,-272,-0.26,91246,9.12,80
1008,Exit long,2026-01-02 09:10,L-TP1,25678,3,154530,-462,-0.30,0,291,0.19,-462,-0.30,90784,9.08,5
1008,Entry long,2026-01-02 08:45,ORB Long A+ (3c),25755,3,154530,-462,-0.30,0,291,0.19,-462,-0.30,90784,9.08,5
1009,Exit short,2026-01-02 09:20,S-TP1,25515,2,102416,356,0.35,0,356,0.35,-9,-0.01,91140,9.11,2
1009,Entry short,2026-01-02 09:10,ORB Short B (2c),25604,2,102416,356,0.35,0,356,0.35,-9,-0.01,91140,9.11,2
1010,Exit long,2026-01-05 11:30,L-TP1,25609.25,3,154123.5,-468,-0.30,0,124.5,0.08,-468,-0.30,90672,9.07,17
1010,Entry long,2026-01-05 10:05,ORB Long B+ (3c),25687.25,3,154123.5,-468,-0.30,0,124.5,0.08,-468,-0.30,90672,9.07,17
1011,Exit long,2026-01-06 11:35,L-TP1,25785,3,154260,450,0.29,0,450,0.29,-426,-0.28,91122,9.11,34
1011,Entry long,2026-01-06 08:45,ORB Long B+ (3c),25710,3,154260,450,0.29,0,450,0.29,-426,-0.28,91122,9.11,34
1012,Exit long,2026-01-07 10:40,L-TP1,25935,3,155196,414,0.27,0,414,0.27,-342,-0.22,91536,9.15,15
1012,Entry long,2026-01-07 09:25,ORB Long A (3c),25866,3,155196,414,0.27,0,414,0.27,-342,-0.22,91536,9.15,15
1013,Exit long,2026-01-09 09:30,L-TP1,25878.5,2,103199,315,0.31,0,315,0.31,-7,-0.01,91851,9.19,2
1013,Entry long,2026-01-09 09:20,ORB Long B (2c),25799.75,2,103199,315,0.31,0,315,0.31,-7,-0.01,91851,9.19,2
1014,Exit long,2026-01-09 10:05,L-TP1,25878.5,3,154870.5,400.5,0.26,0,400.5,0.26,-6,0.00,92251.5,9.23,2
1014,Entry long,2026-01-09 09:55,ORB Long B+ (3c),25811.75,3,154870.5,400.5,0.26,0,400.5,0.26,-6,0.00,92251.5,9.23,2
1015,Exit long,2026-01-12 11:00,L-TP1,25971,3,155361,465,0.30,0,465,0.30,-180,-0.12,92716.5,9.27,26
1015,Entry long,2026-01-12 08:50,ORB Long B+ (3c),25893.5,3,155361,465,0.30,0,465,0.30,-180,-0.12,92716.5,9.27,26
1016,Exit short,2026-01-13 09:15,S-TP1,25865,2,103721,261,0.25,0,261,0.25,-110,-0.11,92977.5,9.30,3
1016,Entry short,2026-01-13 09:00,ORB Short C (2c),25930.25,2,103721,261,0.25,0,261,0.25,-110,-0.11,92977.5,9.30,3
1017,Exit short,2026-01-20 13:20,S-TP1,25161.5,3,151362,393,0.26,0,393,0.26,-64.5,-0.04,93370.5,9.34,10
1017,Entry short,2026-01-20 12:30,ORB Short B+ (3c),25227,3,151362,393,0.26,0,393,0.26,-64.5,-0.04,93370.5,9.34,10
1018,Exit long,2026-01-21 08:55,L-TP1,25335,2,100944,396,0.39,0,396,0.39,-30,-0.03,93766.5,9.38,2
1018,Entry long,2026-01-21 08:45,ORB Long B (2c),25236,2,100944,396,0.39,0,396,0.39,-30,-0.03,93766.5,9.38,2
1019,Exit long,2026-01-26 10:30,L-TP1,25920,2,103352,328,0.32,0,328,0.32,-140,-0.14,94094.5,9.41,19
1019,Entry long,2026-01-26 08:55,ORB Long B (2c),25838,2,103352,328,0.32,0,328,0.32,-140,-0.14,94094.5,9.41,19
1020,Exit long,2026-01-27 15:25,EOD Close,26095.25,2,104150,231,0.22,0,308,0.30,-62,-0.06,94325.5,9.43,79
1020,Entry long,2026-01-27 08:50,ORB Long A+ (2c),26037.5,2,104150,231,0.22,0,308,0.30,-62,-0.06,94325.5,9.43,79
1021,Exit short,2026-02-04 10:05,S-TP1,25065,2,100798,538,0.53,0,538,0.53,-425,-0.42,94863.5,9.49,14
1021,Entry short,2026-02-04 08:55,ORB Short A (2c),25199.5,2,100798,538,0.53,0,538,0.53,-425,-0.42,94863.5,9.49,14
1022,Exit long,2026-02-06 09:00,L-TP1,24807.5,2,99726,-496,-0.50,0,210,0.21,-496,-0.50,94367.5,9.44,3
1022,Entry long,2026-02-06 08:45,ORB Long B (2c),24931.5,2,99726,-496,-0.50,0,210,0.21,-496,-0.50,94367.5,9.44,3
1023,Exit short,2026-02-11 09:10,S-TP1,25162,2,101220,572,0.57,0,572,0.57,-151,-0.15,94939.5,9.49,3
1023,Entry short,2026-02-11 08:55,ORB Short B+ (2c),25305,2,101220,572,0.57,0,572,0.57,-151,-0.15,94939.5,9.49,3
1024,Exit short,2026-02-16 11:45,EOD Close (Early/Half-Day),24759,1,49419.5,-98.5,-0.20,0,78.5,0.16,-111,-0.22,94841,9.48,28
1024,Entry short,2026-02-16 09:25,ORB Short C (1c),24709.75,1,49419.5,-98.5,-0.20,0,78.5,0.16,-111,-0.22,94841,9.48,28
1025,Exit short,2026-02-23 10:00,S-TP1,24717,2,99466,598,0.60,0,598,0.60,-253,-0.25,95439,9.54,12
1025,Entry short,2026-02-23 09:00,ORB Short A+ (2c),24866.5,2,99466,598,0.60,0,598,0.60,-253,-0.25,95439,9.54,12
1026,Exit short,2026-03-03 09:25,S-TP1,24384.5,2,98007,469,0.48,0,469,0.48,-261,-0.27,95908,9.59,8
1026,Entry short,2026-03-03 08:45,ORB Short A+ (2c),24501.75,2,98007,469,0.48,0,469,0.48,-261,-0.27,95908,9.59,8
1027,Exit long,2026-03-05 09:20,L-TP1,25028.25,2,100571,-458,-0.46,0,262,0.26,-458,-0.46,95450,9.55,6
1027,Entry long,2026-03-05 08:50,ORB Long B (2c),25142.75,2,100571,-458,-0.46,0,262,0.26,-458,-0.46,95450,9.55,6
1028,Exit long,2026-03-11 09:25,L-TP1,25000.75,1,50245,-243.5,-0.48,0,53.5,0.11,-243.5,-0.48,95206.5,9.52,5
1028,Entry long,2026-03-11 09:00,ORB Long C+ (1c),25122.5,1,50245,-243.5,-0.48,0,53.5,0.11,-243.5,-0.48,95206.5,9.52,5
1029,Exit short,2026-03-12 09:25,S-TP1,24626.75,2,98946,439,0.44,0,439,0.44,-122,-0.12,95645.5,9.56,8
1029,Entry short,2026-03-12 08:45,ORB Short A (2c),24736.5,2,98946,439,0.44,0,439,0.44,-122,-0.12,95645.5,9.56,8
1030,Exit short,2026-03-13 09:55,S-TP1,24482.75,2,98381,450,0.46,0,450,0.46,-10,-0.01,96095.5,9.61,3
1030,Entry short,2026-03-13 09:40,ORB Short B (2c),24595.25,2,98381,450,0.46,0,450,0.46,-10,-0.01,96095.5,9.61,3
1031,Exit short,2026-03-20 12:30,S-TP1,24215,2,97454,594,0.61,0,594,0.61,-31,-0.03,96689.5,9.67,44
1031,Entry short,2026-03-20 08:50,ORB Short A+ (2c),24363.5,2,97454,594,0.61,0,594,0.61,-31,-0.03,96689.5,9.67,44
1032,Exit short,2026-03-25 15:25,EOD Close,24352.25,2,97673,264,0.27,0,524,0.54,-404,-0.41,96953.5,9.70,80
1032,Entry short,2026-03-25 08:45,ORB Short A (2c),24418.25,2,97673,264,0.27,0,524,0.54,-404,-0.41,96953.5,9.70,80
1033,Exit short,2026-03-26 12:40,S-TP1,23919,2,96253,577,0.60,0,577,0.60,-256,-0.27,97530.5,9.75,26
1033,Entry short,2026-03-26 10:30,ORB Short B+ (2c),24063.25,2,96253,577,0.60,0,577,0.60,-256,-0.27,97530.5,9.75,26
1034,Exit short,2026-03-27 12:25,S-TP1,23400.25,2,94101,500,0.53,0,500,0.53,-343,-0.36,98030.5,9.80,43
1034,Entry short,2026-03-27 08:50,ORB Short A+ (2c),23525.25,2,94101,500,0.53,0,500,0.53,-343,-0.36,98030.5,9.80,43
1035,Exit short,2026-03-30 12:15,S-TP1,23215,2,93308,448,0.48,0,448,0.48,-81,-0.09,98478.5,9.85,15
1035,Entry short,2026-03-30 11:00,ORB Short B+ (2c),23327,2,93308,448,0.48,0,448,0.48,-81,-0.09,98478.5,9.85,15
1036,Exit long,2026-04-06 12:10,L-TP1,24247.5,2,97523,-533,-0.55,0,289,0.30,-533,-0.55,97945.5,9.79,40
1036,Entry long,2026-04-06 08:50,ORB Long A (2c),24380.75,2,97523,-533,-0.55,0,289,0.30,-533,-0.55,97945.5,9.79,40
1037,Exit long,2026-04-09 15:25,EOD Close,25240,1,50244.5,235.5,0.47,0,302,0.60,-65.5,-0.13,98181,9.82,59
1037,Entry long,2026-04-09 10:30,ORB Long A (1c),25122.25,1,50244.5,235.5,0.47,0,302,0.60,-65.5,-0.13,98181,9.82,59
1038,Exit long,2026-04-10 10:55,L-TP1,25267.75,2,101554,-483,-0.48,0,2,0.00,-483,-0.48,97698,9.77,7
1038,Entry long,2026-04-10 10:20,ORB Long B (2c),25388.5,2,101554,-483,-0.48,0,2,0.00,-483,-0.48,97698,9.77,7
1039,Exit long,2026-04-13 11:25,L-TP1,25381.5,2,101084,442,0.44,0,442,0.44,-168,-0.17,98140,9.81,32
1039,Entry long,2026-04-13 08:45,ORB Long B+ (2c),25271,2,101084,442,0.44,0,442,0.44,-168,-0.17,98140,9.81,32
1040,Exit long,2026-04-14 10:50,L-TP1,25885,2,103034,506,0.49,0,506,0.49,-65,-0.06,98646,9.86,21
1040,Entry long,2026-04-14 09:05,ORB Long A+ (2c),25758.5,2,103034,506,0.49,0,506,0.49,-65,-0.06,98646,9.86,21
1041,Exit long,2026-04-15 10:10,L-TP1,26185,2,104276,464,0.44,0,464,0.44,-87,-0.08,99110,9.91,15
1041,Entry long,2026-04-15 08:55,ORB Long A (2c),26069,2,104276,464,0.44,0,464,0.44,-87,-0.08,99110,9.91,15
1042,Exit long,2026-04-16 15:25,EOD Close,26458,2,105858,-26,-0.02,0,393,0.37,-438,-0.41,99084,9.91,64
1042,Entry long,2026-04-16 10:05,ORB Long B+ (2c),26464.5,2,105858,-26,-0.02,0,393,0.37,-438,-0.41,99084,9.91,64
1043,Exit long,2026-04-17 09:40,L-TP1,26837.5,2,106926,424,0.40,0,424,0.40,-130,-0.12,99508,9.95,9
1043,Entry long,2026-04-17 08:55,ORB Long A (2c),26731.5,2,106926,424,0.40,0,424,0.40,-130,-0.12,99508,9.95,9
1044,Exit long,2026-04-21 09:55,L-TP1,26736.75,2,107356,-409,-0.38,0,184,0.17,-409,-0.38,99099,9.91,12
1044,Entry long,2026-04-21 08:55,ORB Long A (2c),26839,2,107356,-409,-0.38,0,184,0.17,-409,-0.38,99099,9.91,12
1045,Exit short,2026-04-21 14:40,S-TP1,26584,1,53383.5,215.5,0.40,0,215.5,0.40,-193,-0.36,99314.5,9.93,56
1045,Entry short,2026-04-21 10:00,ORB Short C (1c),26691.75,1,53383.5,215.5,0.40,0,215.5,0.40,-193,-0.36,99314.5,9.93,56
1046,Exit long,2026-04-22 12:10,L-TP1,27035,2,107690,450,0.42,0,450,0.42,-3,0.00,99764.5,9.98,36
1046,Entry long,2026-04-22 09:10,ORB Long B (2c),26922.5,2,107690,450,0.42,0,450,0.42,-3,0.00,99764.5,9.98,36
1047,Exit long,2026-04-23 09:00,L-TP1,26981.25,2,108320,-395,-0.36,0,8,0.01,-395,-0.36,99369.5,9.94,3
1047,Entry long,2026-04-23 08:45,ORB Long A+ (2c),27080,2,108320,-395,-0.36,0,8,0.01,-395,-0.36,99369.5,9.94,3
1048,Exit long,2026-04-23 12:05,L-TP1,26975.75,2,108298,-395,-0.36,0,326,0.30,-395,-0.36,98974.5,9.90,27
1048,Entry long,2026-04-23 09:50,ORB Long A (2c),27074.5,2,108298,-395,-0.36,0,326,0.30,-395,-0.36,98974.5,9.90,27
1049,Exit short,2026-04-23 12:20,S-TP1,26865,2,107818,358,0.33,0,358,0.33,-52,-0.05,99332.5,9.93,3
1049,Entry short,2026-04-23 12:05,ORB Short B (2c),26954.5,2,107818,358,0.33,0,358,0.33,-52,-0.05,99332.5,9.93,3
1050,Exit short,2026-04-24 09:45,S-TP1,27277,1,54346,-208,-0.38,0,86,0.16,-208,-0.38,99124.5,9.91,11
1050,Entry short,2026-04-24 08:50,ORB Short C (1c),27173,1,54346,-208,-0.38,0,86,0.16,-208,-0.38,99124.5,9.91,11
1051,Exit long,2026-04-24 10:40,L-TP1,27385,2,109045,495,0.45,0,495,0.45,-58,-0.05,99619.5,9.96,11
1051,Entry long,2026-04-24 09:45,ORB Long B+ (2c),27261.25,2,109045,495,0.45,0,495,0.45,-58,-0.05,99619.5,9.96,11
1052,Exit long,2026-04-27 15:25,EOD Close,27424.75,2,109751,-52,-0.05,0,58,0.05,-192,-0.17,99567.5,9.96,35
1052,Entry long,2026-04-27 12:30,ORB Long A (2c),27437.75,2,109751,-52,-0.05,0,58,0.05,-192,-0.17,99567.5,9.96,35
1053,Exit long,2026-04-30 13:00,L-TP1,27585,2,109993,347,0.32,0,347,0.32,-33,-0.03,99914.5,9.99,5
1053,Entry long,2026-04-30 12:35,ORB Long B (2c),27498.25,2,109993,347,0.32,0,347,0.32,-33,-0.03,99914.5,9.99,5
1054,Exit long,2026-05-04 10:15,L-TP1,27802.75,2,111586,-375,-0.34,0,178,0.16,-375,-0.34,99539.5,9.95,16
1054,Entry long,2026-05-04 08:55,ORB Long B (2c),27896.5,2,111586,-375,-0.34,0,178,0.16,-375,-0.34,99539.5,9.95,16
1055,Exit long,2026-05-05 15:20,L-TP1,28189.75,2,112431,328,0.29,0,328,0.29,-145,-0.13,99867.5,9.99,72
1055,Entry long,2026-05-05 09:20,ORB Long B+ (2c),28107.75,2,112431,328,0.29,0,328,0.29,-145,-0.13,99867.5,9.99,72
1056,Exit long,2026-05-06 09:05,L-TP1,28402,2,113981,-373,-0.33,0,43,0.04,-373,-0.33,99494.5,9.95,3
1056,Entry long,2026-05-06 08:50,ORB Long A+ (2c),28495.25,2,113981,-373,-0.33,0,43,0.04,-373,-0.33,99494.5,9.95,3
1057,Exit long,2026-05-06 10:30,L-TP1,28585,2,113941,399,0.35,0,399,0.35,-40,-0.04,99893.5,9.99,12
1057,Entry long,2026-05-06 09:30,ORB Long A (2c),28485.25,2,113941,399,0.35,0,399,0.35,-40,-0.04,99893.5,9.99,12
1058,Exit long,2026-05-07 09:20,L-TP1,28885,2,115148,392,0.34,0,392,0.34,-67,-0.06,100285.5,10.03,6
1058,Entry long,2026-05-07 08:50,ORB Long B (2c),28787,2,115148,392,0.34,0,392,0.34,-67,-0.06,100285.5,10.03,6
1059,Exit long,2026-05-11 15:10,L-TP1,29332.75,2,117761,-430,-0.37,0,161,0.14,-430,-0.37,99855.5,9.99,53
1059,Entry long,2026-05-11 10:45,ORB Long B+ (2c),29440.25,2,117761,-430,-0.37,0,161,0.14,-430,-0.37,99855.5,9.99,53
1060,Exit short,2026-05-13 09:20,S-TP1,29245.25,2,116543,-438,-0.38,0,161,0.14,-438,-0.38,99417.5,9.94,7
1060,Entry short,2026-05-13 08:45,ORB Short B (2c),29135.75,2,116543,-438,-0.38,0,161,0.14,-438,-0.38,99417.5,9.94,7
1061,Exit long,2026-05-13 11:20,L-TP1,29414,2,117241,415,0.35,0,415,0.35,-115,-0.10,99832.5,9.98,18
1061,Entry long,2026-05-13 09:50,ORB Long A (2c),29310.25,2,117241,415,0.35,0,415,0.35,-115,-0.10,99832.5,9.98,18
1062,Exit long,2026-05-14 08:55,L-TP1,29555.75,2,118664,-441,-0.37,0,75,0.06,-441,-0.37,99391.5,9.94,2
1062,Entry long,2026-05-14 08:45,ORB Long A (2c),29666,2,118664,-441,-0.37,0,75,0.06,-441,-0.37,99391.5,9.94,2
1063,Exit long,2026-05-14 10:15,L-TP1,29735.75,2,118542,401,0.34,0,401,0.34,-161,-0.14,99792.5,9.98,12
1063,Entry long,2026-05-14 09:15,ORB Long B (2c),29635.5,2,118542,401,0.34,0,401,0.34,-161,-0.14,99792.5,9.98,12
1064,Exit long,2026-05-14 12:45,L-TP1,29713.25,3,177889.5,390,0.22,0,390,0.22,-69,-0.04,100182.5,10.02,4
1064,Entry long,2026-05-14 12:25,ORB Long A (3c),29648.25,3,177889.5,390,0.22,0,390,0.22,-69,-0.04,100182.5,10.02,4
1065,Exit long,2026-05-19 13:55,L-TP1,28954,2,116277,-461,-0.40,0,228,0.20,-461,-0.40,99721.5,9.97,22
1065,Entry long,2026-05-19 12:05,ORB Long B (2c),29069.25,2,116277,-461,-0.40,0,228,0.20,-461,-0.40,99721.5,9.97,22
1066,Exit long,2026-05-20 10:00,L-TP1,29280.75,2,116670,453,0.39,0,453,0.39,-203,-0.17,100174.5,10.02,9
1066,Entry long,2026-05-20 09:15,ORB Long A (2c),29167.5,2,116670,453,0.39,0,453,0.39,-203,-0.17,100174.5,10.02,9
1067,Exit long,2026-05-21 09:20,L-TP1,29174,2,117179,-483,-0.41,0,176,0.15,-483,-0.41,99691.5,9.97,6
1067,Entry long,2026-05-21 08:50,ORB Long B+ (2c),29294.75,2,117179,-483,-0.41,0,176,0.15,-483,-0.41,99691.5,9.97,6
1068,Exit long,2026-05-21 12:15,L-TP1,29405.75,2,117180,443,0.38,0,443,0.38,-352,-0.30,100134.5,10.01,18
1068,Entry long,2026-05-21 10:45,ORB Long B (2c),29295,2,117180,443,0.38,0,443,0.38,-352,-0.30,100134.5,10.01,18
1069,Exit long,2026-05-22 13:35,L-TP1,29629.75,2,118946,-427,-0.36,0,45,0.04,-427,-0.36,99707.5,9.97,14
1069,Entry long,2026-05-22 12:25,ORB Long A (2c),29736.5,2,118946,-427,-0.36,0,45,0.04,-427,-0.36,99707.5,9.97,14
1070,Exit long,2026-05-26 09:30,L-TP1,30085,2,119894,446,0.37,0,446,0.37,-240,-0.20,100153.5,10.02,9
1070,Entry long,2026-05-26 08:45,ORB Long A+ (2c),29973.5,2,119894,446,0.37,0,446,0.37,-240,-0.20,100153.5,10.02,9
1071,Exit long,2026-05-26 13:15,L-TP1,30035,3,179773.5,436.5,0.24,0,436.5,0.24,-217.5,-0.12,100590,10.06,27
1071,Entry long,2026-05-26 11:00,ORB Long A (3c),29962.25,3,179773.5,436.5,0.24,0,436.5,0.24,-217.5,-0.12,100590,10.06,27
1072,Exit short,2026-05-28 09:10,S-TP1,30051,1,59863.5,-238.5,-0.40,0,23,0.04,-238.5,-0.40,100351.5,10.04,5
1072,Entry short,2026-05-28 08:45,ORB Short C (1c),29931.75,1,59863.5,-238.5,-0.40,0,23,0.04,-238.5,-0.40,100351.5,10.04,5
1073,Exit long,2026-05-28 10:35,L-TP1,30285,2,120645,495,0.41,0,495,0.41,-392,-0.32,100846.5,10.08,17
1073,Entry long,2026-05-28 09:10,ORB Long A (2c),30161.25,2,120645,495,0.41,0,495,0.41,-392,-0.32,100846.5,10.08,17
1074,Exit long,2026-05-29 09:25,L-TP1,30364.25,2,121946,-489,-0.40,0,197,0.16,-489,-0.40,100357.5,10.04,8
1074,Entry long,2026-05-29 08:45,ORB Long A (2c),30486.5,2,121946,-489,-0.40,0,197,0.16,-489,-0.40,100357.5,10.04,8
1075,Exit long,2026-06-01 11:50,L-TP1,30566.5,2,121851,415,0.34,0,415,0.34,-51,-0.04,100772.5,10.08,19
1075,Entry long,2026-06-01 10:15,ORB Long A (2c),30462.75,2,121851,415,0.34,0,415,0.34,-51,-0.04,100772.5,10.08,19
1076,Exit long,2026-06-02 15:00,L-TP1,30735,2,122416,524,0.43,0,524,0.43,-309,-0.25,101296.5,10.13,73
1076,Entry long,2026-06-02 08:55,ORB Long A+ (2c),30604,2,122416,524,0.43,0,524,0.43,-309,-0.25,101296.5,10.13,73
1077,Exit long,2026-06-04 11:20,L-TP1,30469.75,2,121479,400,0.33,0,400,0.33,-31,-0.03,101696.5,10.17,16
1077,Entry long,2026-06-04 10:00,ORB Long A (2c),30369.75,2,121479,400,0.33,0,400,0.33,-31,-0.03,101696.5,10.17,16
1078,Exit short,2026-06-10 13:50,S-TP1,28595.5,1,57497.5,306.5,0.53,0,306.5,0.53,-296,-0.51,102003,10.20,44
1078,Entry short,2026-06-10 10:10,ORB Short B+ (1c),28748.75,1,57497.5,306.5,0.53,0,306.5,0.53,-296,-0.51,102003,10.20,44
1079,Exit short,2026-06-11 10:15,S-TP1,28804.75,1,57298.5,-311,-0.54,0,143.5,0.25,-311,-0.54,101692,10.17,4
1079,Entry short,2026-06-11 09:55,ORB Short B (1c),28649.25,1,57298.5,-311,-0.54,0,143.5,0.25,-311,-0.54,101692,10.17,4
1080,Exit long,2026-06-12 10:10,L-TP1,29685,1,59024.5,345.5,0.59,0,345.5,0.59,-319.5,-0.54,102037.5,10.20,9
1080,Entry long,2026-06-12 09:25,ORB Long C (1c),29512.25,1,59024.5,345.5,0.59,0,345.5,0.59,-319.5,-0.54,102037.5,10.20,9
1081,Exit long,2026-06-12 12:00,L-TP1,29685,1,59044,326,0.55,0,326,0.55,-86.5,-0.15,102363.5,10.24,11
1081,Entry long,2026-06-12 11:05,ORB Long C (1c),29522,1,59044,326,0.55,0,326,0.55,-86.5,-0.15,102363.5,10.24,11
1082,Exit long,2026-06-15 15:25,EOD Close,30849,1,61561,137,0.22,0,276,0.45,-220.5,-0.36,102500.5,10.25,80
1082,Entry long,2026-06-15 08:45,ORB Long B+ (1c),30780.5,1,61561,137,0.22,0,276,0.45,-220.5,-0.36,102500.5,10.25,80
1083,Exit long,2026-06-16 09:15,L-TP1,30749.75,2,123446,-447,-0.36,0,110,0.09,-447,-0.36,102053.5,10.21,6
1083,Entry long,2026-06-16 08:45,ORB Long B+ (2c),30861.5,2,123446,-447,-0.36,0,110,0.09,-447,-0.36,102053.5,10.21,6
1084,Exit long,2026-06-17 09:45,L-TP1,30365.75,1,61081.5,-350,-0.57,0,5,0.01,-350,-0.57,101703.5,10.17,5
1084,Entry long,2026-06-17 09:20,ORB Long B (1c),30540.75,1,61081.5,-350,-0.57,0,5,0.01,-350,-0.57,101703.5,10.17,5
1085,Exit long,2026-06-18 15:25,EOD Close,30730.25,1,61247.5,213,0.35,0,319,0.52,-321,-0.52,101916.5,10.19,73
1085,Entry long,2026-06-18 09:20,ORB Long B (1c),30623.75,1,61247.5,213,0.35,0,319,0.52,-321,-0.52,101916.5,10.19,73
1086,Exit long,2026-06-22 09:25,L-TP1,30762.5,1,61875,-350,-0.57,0,60.5,0.10,-350,-0.57,101566.5,10.16,6
1086,Entry long,2026-06-22 08:55,ORB Long B (1c),30937.5,1,61875,-350,-0.57,0,60.5,0.10,-350,-0.57,101566.5,10.16,6
1087,Exit short,2026-06-29 09:10,S-TP1,29377.75,1,59085.5,330,0.56,0,330,0.56,-23.5,-0.04,101896.5,10.19,2
1087,Entry short,2026-06-29 09:00,ORB Short A+ (1c),29542.75,1,59085.5,330,0.56,0,330,0.56,-23.5,-0.04,101896.5,10.19,2
1088,Exit long,2026-06-30 10:50,L-TP1,30458.5,1,60587,330,0.54,0,330,0.54,-38.5,-0.06,102226.5,10.22,24
1088,Entry long,2026-06-30 08:50,ORB Long A (1c),30293.5,1,60587,330,0.54,0,330,0.54,-38.5,-0.06,102226.5,10.22,24
1089,Exit long,2026-07-02 09:25,L-TP1,30059,1,60468,-350,-0.58,0,118,0.20,-350,-0.58,101876.5,10.19,7
1089,Entry long,2026-07-02 08:50,ORB Long A (1c),30234,1,60468,-350,-0.58,0,118,0.20,-350,-0.58,101876.5,10.19,7
1090,Exit short,2026-07-07 09:25,S-TP1,29289,1,58910.5,332.5,0.56,0,332.5,0.56,-100,-0.17,102209,10.22,7
1090,Entry short,2026-07-07 08:50,ORB Short A (1c),29455.25,1,58910.5,332.5,0.56,0,332.5,0.56,-100,-0.17,102209,10.22,7
1091,Exit short,2026-07-08 11:40,S-TP1,29348.75,1,58347.5,-350,-0.60,0,279.5,0.48,-350,-0.60,101859,10.19,23
1091,Entry short,2026-07-08 09:45,ORB Short B+ (1c),29173.75,1,58347.5,-350,-0.60,0,279.5,0.48,-350,-0.60,101859,10.19,23
1092,Exit long,2026-07-10 09:30,L-TP1,29770,1,59883,-343,-0.57,0,54,0.09,-343,-0.57,101516,10.15,9
1092,Entry long,2026-07-10 08:45,ORB Long B (1c),29941.5,1,59883,-343,-0.57,0,54,0.09,-343,-0.57,101516,10.15,9
1093,Exit long,2026-07-10 15:25,EOD Close,30055,1,59898,212,0.35,0,255.5,0.43,-230.5,-0.38,101728,10.17,61
1093,Entry long,2026-07-10 10:20,ORB Long B (1c),29949,1,59898,212,0.35,0,255.5,0.43,-230.5,-0.38,101728,10.17,61
1094,Exit short,2026-07-13 09:30,S-TP1,29710.25,1,59081,-339.5,-0.57,0,94.5,0.16,-339.5,-0.57,101388.5,10.14,8
1094,Entry short,2026-07-13 08:50,ORB Short A+ (1c),29540.5,1,59081,-339.5,-0.57,0,94.5,0.16,-339.5,-0.57,101388.5,10.14,8
1095,Exit short,2026-07-13 15:25,EOD Close,29437,1,59024,150,0.25,0,251,0.43,-138,-0.23,101538.5,10.15,47
1095,Entry short,2026-07-13 11:30,ORB Short A (1c),29512,1,59024,150,0.25,0,251,0.43,-138,-0.23,101538.5,10.15,47
1096,Exit short,2026-07-16 09:05,S-TP1,29431,1,58545.5,-316.5,-0.54,0,30,0.05,-316.5,-0.54,101222,10.12,4
1096,Entry short,2026-07-16 08:45,ORB Short A (1c),29272.75,1,58545.5,-316.5,-0.54,0,30,0.05,-316.5,-0.54,101222,10.12,4
1097,Exit short,2026-07-16 14:45,S-TP1,29115,1,58586.5,356.5,0.61,0,356.5,0.61,-118.5,-0.20,101578.5,10.16,43
1097,Entry short,2026-07-16 11:10,ORB Short B+ (1c),29293.25,1,58586.5,356.5,0.61,0,356.5,0.61,-118.5,-0.20,101578.5,10.16,43
1098,Exit short,2026-07-23 10:10,S-TP1,28507.25,1,57289.5,275,0.48,0,275,0.48,-52.5,-0.09,101853.5,10.19,6
1098,Entry short,2026-07-23 09:40,ORB Short B (1c),28644.75,1,57289.5,275,0.48,0,275,0.48,-52.5,-0.09,101853.5,10.19,6
1099,Exit short,2026-07-23 14:00,S-TP1,28515,2,114548,488,0.43,0,488,0.43,-162,-0.14,102341.5,10.23,27
1099,Entry short,2026-07-23 11:45,ORB Short B+ (2c),28637,2,114548,488,0.43,0,488,0.43,-162,-0.14,102341.5,10.23,27
1100,Exit short,2026-07-24 13:30,S-TP1,28292.25,1,56871.5,287,0.50,0,287,0.50,-217,-0.38,102628.5,10.26,17
1100,Entry short,2026-07-24 12:05,ORB Short A (1c),28435.75,1,56871.5,287,0.50,0,287,0.50,-217,-0.38,102628.5,10.26,17
1101,Exit short,2026-07-28 09:45,S-TP1,27842.25,1,55393.5,-291,-0.53,0,187,0.34,-291,-0.53,102337.5,10.23,11
1101,Entry short,2026-07-28 08:50,ORB Short A (1c),27696.75,1,55393.5,-291,-0.53,0,187,0.34,-291,-0.53,102337.5,10.23,11
1102,Exit long,2026-08-04 10:15,L-TP1,29635,1,58919,351,0.60,0,351,0.60,-69,-0.12,102688.5,10.27,18
1102,Entry long,2026-08-04 08:45,ORB Long A (1c),29459.5,1,58919,351,0.60,0,351,0.60,-69,-0.12,102688.5,10.27,18
1103,Exit long,2026-08-07 15:25,EOD Close,29804.5,1,59653.5,-44.5,-0.07,0,67.5,0.11,-315.5,-0.53,102644,10.26,60
1103,Entry long,2026-08-07 10:25,ORB Long B (1c),29826.75,1,59653.5,-44.5,-0.07,0,67.5,0.11,-315.5,-0.53,102644,10.26,60
1104,Exit long,2026-08-10 15:25,EOD Close,29751.25,1,59749,-246.5,-0.41,0,51,0.09,-303.5,-0.51,102397.5,10.24,76
1104,Entry long,2026-08-10 09:05,ORB Long B (1c),29874.5,1,59749,-246.5,-0.41,0,51,0.09,-303.5,-0.51,102397.5,10.24,76
1105,Exit short,2026-08-11 15:25,EOD Close,29674.5,1,59321.5,-27.5,-0.05,0,254.5,0.43,-288.5,-0.49,102370,10.24,80
1105,Entry short,2026-08-11 08:45,ORB Short B (1c),29660.75,1,59321.5,-27.5,-0.05,0,254.5,0.43,-288.5,-0.49,102370,10.24,80
1106,Exit short,2026-08-12 15:25,EOD Close,29819.5,1,59698.5,59.5,0.10,0,70.5,0.12,-159,-0.27,102429.5,10.24,61
1106,Entry short,2026-08-12 10:20,ORB Short C (1c),29849.25,1,59698.5,59.5,0.10,0,70.5,0.12,-159,-0.27,102429.5,10.24,61
1107,Exit long,2026-08-17 12:05,L-TP1,30155.5,2,121078,-456,-0.38,0,69,0.06,-456,-0.38,101973.5,10.20,25
1107,Entry long,2026-08-17 10:00,ORB Long B (2c),30269.5,2,121078,-456,-0.38,0,69,0.06,-456,-0.38,101973.5,10.20,25
1108,Exit short,2026-08-24 09:30,S-TP1,29080.5,2,115903,-419,-0.36,0,89,0.08,-419,-0.36,101554.5,10.16,6
1108,Entry short,2026-08-24 09:00,ORB Short A (2c),28975.75,2,115903,-419,-0.36,0,89,0.08,-419,-0.36,101554.5,10.16,6
1109,Exit long,2026-08-27 14:50,L-TP1,29685,2,118371,369,0.31,0,369,0.31,-328,-0.28,101923.5,10.19,66
1109,Entry long,2026-08-27 09:20,ORB Long B (2c),29592.75,2,118371,369,0.31,0,369,0.31,-328,-0.28,101923.5,10.19,66
1110,Exit long,2026-08-28 10:45,L-TP1,29643.25,2,118937,-364,-0.31,0,310,0.26,-364,-0.31,101559.5,10.16,13
1110,Entry long,2026-08-28 09:40,ORB Long B (2c),29734.25,2,118937,-364,-0.31,0,310,0.26,-364,-0.31,101559.5,10.16,13
1111,Exit short,2026-09-02 09:10,S-TP1,29124,2,116118,-378,-0.33,0,49,0.04,-378,-0.33,101181.5,10.12,4
1111,Entry short,2026-09-02 08:50,ORB Short B+ (2c),29029.5,2,116118,-378,-0.33,0,49,0.04,-378,-0.33,101181.5,10.12,4
1112,Exit long,2026-09-04 09:25,L-TP1,29564.5,1,59319.5,-190.5,-0.32,0,64.5,0.11,-190.5,-0.32,100991,10.10,7
1112,Entry long,2026-09-04 08:50,ORB Long C+ (1c),29659.75,1,59319.5,-190.5,-0.32,0,64.5,0.11,-190.5,-0.32,100991,10.10,7
1113,Exit long,2026-09-17 15:25,EOD Close,29715.25,1,59481.5,-51,-0.09,0,105,0.18,-74,-0.12,100940,10.09,56
1113,Entry long,2026-09-17 10:45,ORB Long C (1c),29740.75,1,59481.5,-51,-0.09,0,105,0.18,-74,-0.12,100940,10.09,56
1114,Exit long,2026-09-21 09:20,L-TP1,30485,2,121435,505,0.42,0,505,0.42,-28,-0.02,101445,10.14,7
1114,Entry long,2026-09-21 08:45,ORB Long A (2c),30358.75,2,121435,505,0.42,0,505,0.42,-28,-0.02,101445,10.14,7
1115,Exit long,2026-09-22 14:30,L-TP1,31037.75,2,123766,385,0.31,0,385,0.31,-232,-0.19,101830,10.18,68
1115,Entry long,2026-09-22 08:50,ORB Long A (2c),30941.5,2,123766,385,0.31,0,385,0.31,-232,-0.19,101830,10.18,68
1116,Exit short,2026-09-23 09:10,S-TP1,30765,2,123518,458,0.37,0,458,0.37,-36,-0.03,102288,10.23,5
1116,Entry short,2026-09-23 08:45,ORB Short B (2c),30879.5,2,123518,458,0.37,0,458,0.37,-36,-0.03,102288,10.23,5
1117,Exit long,2026-09-24 10:05,L-TP1,30524.5,2,122522,-424,-0.35,0,55,0.04,-424,-0.35,101864,10.19,8
1117,Entry long,2026-09-24 09:25,ORB Long A (2c),30630.5,2,122522,-424,-0.35,0,55,0.04,-424,-0.35,101864,10.19,8
1118,Exit long,2026-09-25 09:00,L-TP1,30805.5,2,123643,-421,-0.34,0,62,0.05,-421,-0.34,101443,10.14,2
1118,Entry long,2026-09-25 08:50,ORB Long A+ (2c),30910.75,2,123643,-421,-0.34,0,62,0.05,-421,-0.34,101443,10.14,2
1119,Exit short,2026-09-25 10:00,S-TP1,30846.5,2,122965,-421,-0.34,0,229,0.19,-421,-0.34,101022,10.10,10
1119,Entry short,2026-09-25 09:10,ORB Short B (2c),30741.25,2,122965,-421,-0.34,0,229,0.19,-421,-0.34,101022,10.10,10
1120,Exit short,2026-09-25 10:55,S-TP1,30857.25,1,61504,-210.5,-0.34,0,42,0.07,-210.5,-0.34,100811.5,10.08,3
1120,Entry short,2026-09-25 10:40,ORB Short C (1c),30752,1,61504,-210.5,-0.34,0,42,0.07,-210.5,-0.34,100811.5,10.08,3
1121,Exit long,2026-09-30 14:50,L-TP1,30730.25,2,123364,-443,-0.36,0,260,0.21,-443,-0.36,100368.5,10.04,71
1121,Entry long,2026-09-30 08:55,ORB Long A+ (2c),30841,2,123364,-443,-0.36,0,260,0.21,-443,-0.36,100368.5,10.04,71
1122,Exit long,2026-10-02 10:10,L-TP1,31072.5,2,124739,-449,-0.36,0,392,0.31,-449,-0.36,99919.5,9.99,15
1122,Entry long,2026-10-02 08:55,ORB Long A (2c),31184.75,2,124739,-449,-0.36,0,392,0.31,-449,-0.36,99919.5,9.99,15
1123,Exit long,2026-10-05 14:00,L-TP1,31335,2,124924,416,0.33,0,416,0.33,-157,-0.13,100335.5,10.03,56
1123,Entry long,2026-10-05 09:20,ORB Long B (2c),31231,2,124924,416,0.33,0,416,0.33,-157,-0.13,100335.5,10.03,56
1124,Exit long,2026-10-06 15:25,EOD Close,31493,2,126311,-339,-0.27,0,155,0.12,-441,-0.35,99996.5,10.00,76
1124,Entry long,2026-10-06 09:05,ORB Long A (2c),31577.75,2,126311,-339,-0.27,0,155,0.12,-441,-0.35,99996.5,10.00,76
1125,Exit long,2026-10-08 10:55,L-TP1,31174.25,1,62561.5,-213,-0.34,0,178.5,0.29,-213,-0.34,99783.5,9.98,20
1125,Entry long,2026-10-08 09:15,ORB Long C+ (1c),31280.75,1,62561.5,-213,-0.34,0,178.5,0.29,-213,-0.34,99783.5,9.98,20