Trade number,Type,Date and time,Signal,Price USD,Size (qty),Size (value),Net PnL USD,Return %,Commission USD,Favorable excursion USD,Favorable excursion %,Adverse excursion USD,Adverse excursion %,Cumulative PnL USD,Cumulative PnL %,Duration (bars)
1,Exit long,2019-06-18 15:30,EOD Close,7678.5,2,30811,-97,-0.31,0,76,0.25,-179,-0.58,-97,-0.10,78
1,Entry long,2019-06-18 08:45,ORB Long B (2c),7702.75,2,30811,-97,-0.31,0,76,0.25,-179,-0.58,-97,-0.10,78
2,Exit short,2019-06-26 15:30,EOD Close,7647.5,2,30657,67,0.22,0,84,0.27,-17,-0.06,-30,-0.03,34
2,Entry short,2019-06-26 12:25,ORB Short C (2c),7664.25,2,30657,67,0.22,0,84,0.27,-17,-0.06,-30,-0.03,34
3,Exit long,2019-08-01 12:25,L-TP2,7954.5,2,31713,105,0.33,0,345,1.09,-6,-0.02,75,0.08,42
3,Entry long,2019-08-01 08:55,ORB Long B (2c),7928.25,2,31713,105,0.33,0,345,1.09,-6,-0.02,75,0.08,42
4,Exit short,2019-08-05 14:20,S-TP2,7421,4,59928,560,0.93,0,1040,1.74,-224,-0.37,635,0.64,67
4,Entry short,2019-08-05 08:45,ORB Short A (4c),7491,4,59928,560,0.93,0,1040,1.74,-224,-0.37,635,0.64,67
5,Exit short,2019-08-07 09:10,S-TP2,7463.25,3,44436,-343.5,-0.77,0,70.5,0.16,-343.5,-0.77,291.5,0.29,5
5,Entry short,2019-08-07 08:45,ORB Short A+ (3c),7406,3,44436,-343.5,-0.77,0,70.5,0.16,-343.5,-0.77,291.5,0.29,5
6,Exit short,2019-08-12 11:30,S-TP2,7628.75,4,60646,-384,-0.63,0,10,0.02,-384,-0.63,-92.5,-0.09,16
6,Entry short,2019-08-12 10:10,ORB Short B+ (4c),7580.75,4,60646,-384,-0.63,0,10,0.02,-384,-0.63,-92.5,-0.09,16
7,Exit long,2019-09-10 15:30,EOD Close,7820.25,4,62426,136,0.22,0,140,0.22,-340,-0.54,43.5,0.04,47
7,Entry long,2019-09-10 11:20,ORB Long B+ (4c),7803.25,4,62426,136,0.22,0,140,0.22,-340,-0.54,43.5,0.04,47
8,Exit short,2019-10-02 15:30,EOD Close,7547.5,4,60768,388,0.64,0,564,0.93,-188,-0.31,431.5,0.43,75
8,Entry short,2019-10-02 09:00,ORB Short A (4c),7596,4,60768,388,0.64,0,564,0.93,-188,-0.31,431.5,0.43,75
9,Exit long,2020-01-03 15:30,EOD Close,8806.5,3,53080.5,-241.5,-0.45,0,87,0.16,-244.5,-0.46,190,0.19,51
9,Entry long,2020-01-03 11:00,ORB Long A (3c),8846.75,3,53080.5,-241.5,-0.45,0,87,0.16,-244.5,-0.46,190,0.19,51
10,Exit long,2020-01-06 15:30,EOD Close,8853.25,4,70268,558,0.79,0,712,1.01,-16,-0.02,748,0.75,78
10,Entry long,2020-01-06 08:45,ORB Long B+ (4c),8783.5,4,70268,558,0.79,0,712,1.01,-16,-0.02,748,0.75,78
11,Exit long,2020-01-23 15:30,EOD Close,9248.75,3,55215,277.5,0.50,0,303,0.55,-160.5,-0.29,1025.5,1.03,73
11,Entry long,2020-01-23 09:10,ORB Long B (3c),9202.5,3,55215,277.5,0.50,0,303,0.55,-160.5,-0.29,1025.5,1.03,73
12,Exit short,2020-01-31 14:40,S-TP2,8966,2,36456,592,1.62,0,592,1.62,-75,-0.21,1617.5,1.62,70
12,Entry short,2020-01-31 08:50,ORB Short C (2c),9114,2,36456,592,1.62,0,592,1.62,-75,-0.21,1617.5,1.62,70
13,Exit long,2020-02-03 15:30,EOD Close,9105.75,3,54640.5,-6,-0.01,0,294,0.54,-109.5,-0.20,1611.5,1.61,78
13,Entry long,2020-02-03 08:45,ORB Long B+ (3c),9106.75,3,54640.5,-6,-0.01,0,294,0.54,-109.5,-0.20,1611.5,1.61,78
14,Exit long,2020-02-06 15:30,EOD Close,9456.75,4,75314,340,0.45,0,342,0.45,-192,-0.25,1951.5,1.95,76
14,Entry long,2020-02-06 08:55,ORB Long B+ (4c),9414.25,4,75314,340,0.45,0,342,0.45,-192,-0.25,1951.5,1.95,76
15,Exit long,2020-02-10 15:30,EOD Close,9524,3,56625,519,0.92,0,565.5,1.00,-33,-0.06,2470.5,2.47,77
15,Entry long,2020-02-10 08:50,ORB Long A+ (3c),9437.5,3,56625,519,0.92,0,565.5,1.00,-33,-0.06,2470.5,2.47,77
16,Exit short,2020-02-25 09:40,S-TP2,9077,3,54712.5,250.5,0.46,0,610.5,1.12,-174,-0.32,2721,2.72,11
16,Entry short,2020-02-25 08:45,ORB Short A+ (3c),9118.75,3,54712.5,250.5,0.46,0,610.5,1.12,-174,-0.32,2721,2.72,11
17,Exit short,2020-02-26 15:30,EOD Close,8863.5,3,53257.5,76.5,0.14,0,360,0.68,-322.5,-0.61,2797.5,2.80,33
17,Entry short,2020-02-26 12:30,ORB Short B+ (3c),8876.25,3,53257.5,76.5,0.14,0,360,0.68,-322.5,-0.61,2797.5,2.80,33
18,Exit short,2020-02-27 09:35,S-TP2,8583.25,2,34517,184,0.53,0,437,1.27,-20,-0.06,2981.5,2.98,4
18,Entry short,2020-02-27 09:15,ORB Short B (2c),8629.25,2,34517,184,0.53,0,437,1.27,-20,-0.06,2981.5,2.98,4
19,Exit short,2020-03-02 09:40,S-TP2,8539.5,3,50787,-450,-0.89,0,127.5,0.25,-450,-0.89,2531.5,2.53,7
19,Entry short,2020-03-02 09:05,ORB Short A+ (3c),8464.5,3,50787,-450,-0.89,0,127.5,0.25,-450,-0.89,2531.5,2.53,7
20,Exit short,2020-03-03 09:00,S-TP2,8841,3,52596,-450,-0.86,0,127.5,0.24,-450,-0.86,2081.5,2.08,2
20,Entry short,2020-03-03 08:50,ORB Short A (3c),8766,3,52596,-450,-0.86,0,127.5,0.24,-450,-0.86,2081.5,2.08,2
21,Exit short,2020-03-03 10:30,S-TP2,8765,2,35168,108,0.31,0,348,0.99,-180,-0.51,2189.5,2.19,4
21,Entry short,2020-03-03 10:10,ORB Short B (2c),8792,2,35168,108,0.31,0,348,0.99,-180,-0.51,2189.5,2.19,4
22,Exit short,2020-03-03 12:30,S-TP2,8697,2,35108,320,0.91,0,560,1.60,-161,-0.46,2509.5,2.51,13
22,Entry short,2020-03-03 11:25,ORB Short B (2c),8777,2,35108,320,0.91,0,560,1.60,-161,-0.46,2509.5,2.51,13
23,Exit short,2020-03-04 09:10,S-TP2,8747.5,3,52035,-450,-0.86,0,42,0.08,-450,-0.86,2059.5,2.06,4
23,Entry short,2020-03-04 08:50,ORB Short A (3c),8672.5,3,52035,-450,-0.86,0,42,0.08,-450,-0.86,2059.5,2.06,4
24,Exit short,2020-03-05 14:30,S-TP2,8670.75,2,34737,54,0.16,0,294,0.85,-245,-0.71,2113.5,2.11,34
24,Entry short,2020-03-05 11:40,ORB Short B (2c),8684.25,2,34737,54,0.16,0,294,0.85,-245,-0.71,2113.5,2.11,34
25,Exit short,2020-03-10 10:35,S-TP2,7941.5,2,32446,680,2.10,0,680,2.10,-104,-0.32,2793.5,2.79,10
25,Entry short,2020-03-10 09:45,ORB Short A (2c),8111.5,2,32446,680,2.10,0,680,2.10,-104,-0.32,2793.5,2.79,10
26,Exit short,2020-03-10 13:10,S-TP2,8070.75,3,48703.5,279,0.57,0,639,1.31,-186,-0.38,3072.5,3.07,9
26,Entry short,2020-03-10 12:25,ORB Short A (3c),8117.25,3,48703.5,279,0.57,0,639,1.31,-186,-0.38,3072.5,3.07,9
27,Exit short,2020-03-11 13:40,S-TP2,8022.25,2,32502,413,1.27,0,653,2.01,-207,-0.64,3485.5,3.49,49
27,Entry short,2020-03-11 09:35,ORB Short B+ (2c),8125.5,2,32502,413,1.27,0,653,2.01,-207,-0.64,3485.5,3.49,49
28,Exit short,2020-03-12 11:15,S-TP2,7385.5,2,29686,144,0.49,0,384,1.29,-45,-0.15,3629.5,3.63,8
28,Entry short,2020-03-12 10:35,ORB Short B (2c),7421.5,2,29686,144,0.49,0,384,1.29,-45,-0.15,3629.5,3.63,8
29,Exit long,2020-03-19 09:15,L-TP2,7304.5,1,14452,157,1.09,0,336.5,2.33,-84,-0.58,3786.5,3.79,4
29,Entry long,2020-03-19 08:55,ORB Long B (1c),7226,1,14452,157,1.09,0,336.5,2.33,-84,-0.58,3786.5,3.79,4
30,Exit short,2020-03-20 11:30,S-TP2,7192.25,1,14605.5,221,1.51,0,341,2.33,-142.5,-0.98,4007.5,4.01,14
30,Entry short,2020-03-20 10:20,ORB Short A+ (1c),7302.75,1,14605.5,221,1.51,0,341,2.33,-142.5,-0.98,4007.5,4.01,14
31,Exit short,2020-03-23 11:40,S-TP2,6972.25,1,13651.5,-293,-2.15,0,132,0.97,-293,-2.15,3714.5,3.71,15
31,Entry short,2020-03-23 10:25,ORB Short B+ (1c),6825.75,1,13651.5,-293,-2.15,0,132,0.97,-293,-2.15,3714.5,3.71,15
32,Exit short,2020-03-25 11:45,S-TP2,7624.25,1,14944.5,-304,-2.03,0,199.5,1.33,-304,-2.03,3410.5,3.41,34
32,Entry short,2020-03-25 08:55,ORB Short A (1c),7472.25,1,14944.5,-304,-2.03,0,199.5,1.33,-304,-2.03,3410.5,3.41,34
33,Exit short,2020-04-01 14:40,S-TP2,7407.5,3,45324,879,1.94,0,879,1.94,-88.5,-0.20,4289.5,4.29,39
33,Entry short,2020-04-01 11:25,ORB Short B+ (3c),7554,3,45324,879,1.94,0,879,1.94,-88.5,-0.20,4289.5,4.29,39
34,Exit short,2020-04-03 13:50,S-TP2,7483.5,2,30271,337,1.11,0,577,1.91,-32,-0.11,4626.5,4.63,53
34,Entry short,2020-04-03 09:25,ORB Short B (2c),7567.75,2,30271,337,1.11,0,577,1.91,-32,-0.11,4626.5,4.63,53
35,Exit long,2020-04-06 11:55,L-TP2,7936.25,2,31378,367,1.17,0,367,1.17,-58,-0.18,4993.5,4.99,37
35,Entry long,2020-04-06 08:50,ORB Long B (2c),7844.5,2,31378,367,1.17,0,367,1.17,-58,-0.18,4993.5,4.99,37
36,Exit long,2020-04-08 14:35,L-TP2,8173.75,2,32664,31,0.09,0,271,0.83,-184,-0.56,5024.5,5.02,50
36,Entry long,2020-04-08 10:25,ORB Long B (2c),8166,2,32664,31,0.09,0,271,0.83,-184,-0.56,5024.5,5.02,50
37,Exit long,2020-04-14 15:30,EOD Close,8687.5,2,34243,507,1.48,0,591,1.73,-75,-0.22,5531.5,5.53,78
37,Entry long,2020-04-14 08:45,ORB Long A+ (2c),8560.75,2,34243,507,1.48,0,591,1.73,-75,-0.22,5531.5,5.53,78
38,Exit long,2020-04-16 11:05,L-TP2,8725.5,3,52197,156,0.30,0,516,0.99,-126,-0.24,5687.5,5.69,16
38,Entry long,2020-04-16 09:45,ORB Long B (3c),8699.5,3,52197,156,0.30,0,516,0.99,-126,-0.24,5687.5,5.69,16
39,Exit long,2020-04-20 12:20,L-TP2,8786,2,35153,-9,-0.03,0,231,0.66,-29,-0.08,5678.5,5.68,35
39,Entry long,2020-04-20 09:25,ORB Long B (2c),8788.25,2,35153,-9,-0.03,0,231,0.66,-29,-0.08,5678.5,5.68,35
40,Exit long,2020-04-20 14:05,L-TP2,8729.5,3,52777.5,-400.5,-0.76,0,193.5,0.37,-400.5,-0.76,5278,5.28,20
40,Entry long,2020-04-20 12:25,ORB Long B+ (3c),8796.25,3,52777.5,-400.5,-0.76,0,193.5,0.37,-400.5,-0.76,5278,5.28,20
41,Exit long,2020-04-22 15:00,L-TP2,8639.25,2,34406,151,0.44,0,391,1.14,-52,-0.15,5429,5.43,52
41,Entry long,2020-04-22 10:40,ORB Long B (2c),8601.5,2,34406,151,0.44,0,391,1.14,-52,-0.15,5429,5.43,52
42,Exit long,2020-04-23 11:45,L-TP2,8671.75,3,52480.5,-450,-0.86,0,241.5,0.46,-450,-0.86,4979,4.98,30
42,Entry long,2020-04-23 09:15,ORB Long A (3c),8746.75,3,52480.5,-450,-0.86,0,241.5,0.46,-450,-0.86,4979,4.98,30
43,Exit short,2020-04-23 15:30,EOD Close,8591,2,34596,232,0.67,0,235,0.68,-235,-0.68,5211,5.21,31
43,Entry short,2020-04-23 12:40,ORB Short C (2c),8649,2,34596,232,0.67,0,235,0.68,-235,-0.68,5211,5.21,31
44,Exit long,2020-04-24 15:30,EOD Close,8767,2,34711,357,1.03,0,505,1.45,-45,-0.13,5568,5.57,46
44,Entry long,2020-04-24 11:25,ORB Long C+ (2c),8677.75,2,34711,357,1.03,0,505,1.45,-45,-0.13,5568,5.57,46
45,Exit short,2020-04-28 09:55,S-TP2,8694.5,2,35320,542,1.53,0,542,1.53,-36,-0.10,6110,6.11,12
45,Entry short,2020-04-28 08:55,ORB Short B (2c),8830,2,35320,542,1.53,0,542,1.53,-36,-0.10,6110,6.11,12
46,Exit long,2020-04-29 13:10,L-TP2,8928.5,3,53284.5,286.5,0.54,0,646.5,1.21,-85.5,-0.16,6396.5,6.40,53
46,Entry long,2020-04-29 08:45,ORB Long A+ (3c),8880.75,3,53284.5,286.5,0.54,0,646.5,1.21,-85.5,-0.16,6396.5,6.40,53
47,Exit long,2020-05-01 10:30,L-TP2,8780.75,3,53134.5,-450,-0.85,0,136.5,0.26,-450,-0.85,5946.5,5.95,18
47,Entry long,2020-05-01 09:00,ORB Long A+ (3c),8855.75,3,53134.5,-450,-0.85,0,136.5,0.26,-450,-0.85,5946.5,5.95,18
48,Exit long,2020-05-05 14:35,L-TP2,8895,4,71588,-428,-0.60,0,570,0.80,-428,-0.60,5518.5,5.52,70
48,Entry long,2020-05-05 08:45,ORB Long A (4c),8948.5,4,71588,-428,-0.60,0,570,0.80,-428,-0.60,5518.5,5.52,70
49,Exit short,2020-05-06 09:45,S-TP2,9029.5,2,35862,-256,-0.71,0,120,0.33,-256,-0.71,5262.5,5.26,9
49,Entry short,2020-05-06 09:00,ORB Short C+ (2c),8965.5,2,35862,-256,-0.71,0,120,0.33,-256,-0.71,5262.5,5.26,9
50,Exit long,2020-05-06 14:45,L-TP2,8972.25,3,54211.5,-378,-0.70,0,127.5,0.24,-378,-0.70,4884.5,4.88,60
50,Entry long,2020-05-06 09:45,ORB Long A (3c),9035.25,3,54211.5,-378,-0.70,0,127.5,0.24,-378,-0.70,4884.5,4.88,60
51,Exit short,2020-05-07 10:45,S-TP2,9107.5,2,36139,-291,-0.81,0,17,0.05,-291,-0.81,4593.5,4.59,12
51,Entry short,2020-05-07 09:45,ORB Short C (2c),9034.75,2,36139,-291,-0.81,0,17,0.05,-291,-0.81,4593.5,4.59,12
52,Exit long,2020-05-07 15:30,EOD Close,9113,4,72876,28,0.04,0,132,0.18,-352,-0.48,4621.5,4.62,46
52,Entry long,2020-05-07 11:25,ORB Long A (4c),9109.5,4,72876,28,0.04,0,132,0.18,-352,-0.48,4621.5,4.62,46
53,Exit long,2020-05-08 15:30,EOD Close,9215.75,3,55063.5,231,0.42,0,277.5,0.50,-160.5,-0.29,4852.5,4.85,72
53,Entry long,2020-05-08 09:15,ORB Long A (3c),9177.25,3,55063.5,231,0.42,0,277.5,0.50,-160.5,-0.29,4852.5,4.85,72
54,Exit long,2020-05-11 15:00,L-TP2,9278.75,3,55300.5,372,0.67,0,732,1.32,-114,-0.21,5224.5,5.22,74
54,Entry long,2020-05-11 08:50,ORB Long A (3c),9216.75,3,55300.5,372,0.67,0,732,1.32,-114,-0.21,5224.5,5.22,74
55,Exit long,2020-05-13 10:20,L-TP2,9076.75,3,54910.5,-450,-0.82,0,304.5,0.55,-450,-0.82,4774.5,4.77,16
55,Entry long,2020-05-13 09:00,ORB Long B+ (3c),9151.75,3,54910.5,-450,-0.82,0,304.5,0.55,-450,-0.82,4774.5,4.77,16
56,Exit long,2020-05-14 15:30,EOD Close,9082.5,2,35916,414,1.15,0,504,1.40,-171,-0.48,5188.5,5.19,40
56,Entry long,2020-05-14 11:55,ORB Long B (2c),8979,2,35916,414,1.15,0,504,1.40,-171,-0.48,5188.5,5.19,40
57,Exit long,2020-05-19 14:50,L-TP2,9313.5,3,56232,-351,-0.62,0,268.5,0.48,-351,-0.62,4837.5,4.84,71
57,Entry long,2020-05-19 08:55,ORB Long A (3c),9372,3,56232,-351,-0.62,0,268.5,0.48,-351,-0.62,4837.5,4.84,71
58,Exit long,2020-05-22 15:30,EOD Close,9412.75,3,56281.5,195,0.35,0,229.5,0.41,-262.5,-0.47,5032.5,5.03,77
58,Entry long,2020-05-22 08:50,ORB Long A+ (3c),9380.25,3,56281.5,195,0.35,0,229.5,0.41,-262.5,-0.47,5032.5,5.03,77
59,Exit long,2020-05-28 13:55,L-TP2,9505.5,2,37870,152,0.40,0,392,1.04,-92,-0.24,5184.5,5.18,57
59,Entry long,2020-05-28 09:10,ORB Long B (2c),9467.5,2,37870,152,0.40,0,392,1.04,-92,-0.24,5184.5,5.18,57
60,Exit long,2020-06-01 15:30,EOD Close,9595.5,4,76490,274,0.36,0,358,0.47,-206,-0.27,5458.5,5.46,75
60,Entry long,2020-06-01 09:00,ORB Long A+ (4c),9561.25,4,76490,274,0.36,0,358,0.47,-206,-0.27,5458.5,5.46,75
61,Exit long,2020-06-05 15:30,EOD Close,9803.5,2,39075,139,0.36,0,312,0.80,-130,-0.33,5597.5,5.60,78
61,Entry long,2020-06-05 08:45,ORB Long C (2c),9768.75,2,39075,139,0.36,0,312,0.80,-130,-0.33,5597.5,5.60,78
62,Exit long,2020-06-09 15:05,L-TP2,9947.5,4,79240,340,0.43,0,820,1.03,-238,-0.30,5937.5,5.94,75
62,Entry long,2020-06-09 08:50,ORB Long A (4c),9905,4,79240,340,0.43,0,820,1.03,-238,-0.30,5937.5,5.94,75
63,Exit long,2020-06-11 09:55,L-TP2,9896.75,2,39887,-300,-0.75,0,37,0.09,-300,-0.75,5637.5,5.64,5
63,Entry long,2020-06-11 09:30,ORB Long B (2c),9971.75,2,39887,-300,-0.75,0,37,0.09,-300,-0.75,5637.5,5.64,5
64,Exit long,2020-06-15 13:00,L-TP2,9746.75,3,57583.5,897,1.56,0,897,1.56,-243,-0.42,6534.5,6.53,49
64,Entry long,2020-06-15 08:55,ORB Long A (3c),9597.25,3,57583.5,897,1.56,0,897,1.56,-243,-0.42,6534.5,6.53,49
65,Exit long,2020-06-25 15:30,EOD Close,10079.25,2,40130,187,0.47,0,299,0.75,-266,-0.66,6721.5,6.72,48
65,Entry long,2020-06-25 11:15,ORB Long C (2c),10032.5,2,40130,187,0.47,0,299,0.75,-266,-0.66,6721.5,6.72,48
66,Exit long,2020-06-30 12:15,L-TP2,10043,3,60090,168,0.28,0,528,0.88,-15,-0.02,6889.5,6.89,41
66,Entry long,2020-06-30 08:50,ORB Long A (3c),10015,3,60090,168,0.28,0,528,0.88,-15,-0.02,6889.5,6.89,41
67,Exit long,2020-07-01 15:30,EOD Close,10265,2,40823,237,0.58,0,413,1.01,-48,-0.12,7126.5,7.13,70
67,Entry long,2020-07-01 09:25,ORB Long B (2c),10205.75,2,40823,237,0.58,0,413,1.01,-48,-0.12,7126.5,7.13,70
68,Exit long,2020-07-07 11:10,L-TP2,10634.5,3,63762,45,0.07,0,405,0.64,-181.5,-0.28,7171.5,7.17,29
68,Entry long,2020-07-07 08:45,ORB Long A (3c),10627,3,63762,45,0.07,0,405,0.64,-181.5,-0.28,7171.5,7.17,29
69,Exit long,2020-07-07 14:05,L-TP2,10556.75,3,63723,-382.5,-0.60,0,82.5,0.13,-382.5,-0.60,6789,6.79,20
69,Entry long,2020-07-07 12:25,ORB Long B+ (3c),10620.5,3,63723,-382.5,-0.60,0,82.5,0.13,-382.5,-0.60,6789,6.79,20
70,Exit long,2020-07-08 10:15,L-TP2,10566.5,3,63763.5,-364.5,-0.57,0,79.5,0.12,-364.5,-0.57,6424.5,6.42,16
70,Entry long,2020-07-08 08:55,ORB Long A (3c),10627.25,3,63763.5,-364.5,-0.57,0,79.5,0.12,-364.5,-0.57,6424.5,6.42,16
71,Exit long,2020-07-08 13:00,L-TP2,10566.5,3,63757.5,-358.5,-0.56,0,10.5,0.02,-358.5,-0.56,6066,6.07,13
71,Entry long,2020-07-08 11:55,ORB Long B+ (3c),10626.25,3,63757.5,-358.5,-0.56,0,10.5,0.02,-358.5,-0.56,6066,6.07,13
72,Exit long,2020-07-10 15:30,EOD Close,10842.5,3,64507.5,547.5,0.85,0,565.5,0.88,-30,-0.05,6613.5,6.61,38
72,Entry long,2020-07-10 12:05,ORB Long B+ (3c),10751.25,3,64507.5,547.5,0.85,0,565.5,0.88,-30,-0.05,6613.5,6.61,38
73,Exit long,2020-07-13 13:00,L-TP2,10929.5,3,65992.5,-415.5,-0.63,0,357,0.54,-415.5,-0.63,6198,6.20,43
73,Entry long,2020-07-13 09:25,ORB Long A (3c),10998.75,3,65992.5,-415.5,-0.63,0,357,0.54,-415.5,-0.63,6198,6.20,43
74,Exit short,2020-07-15 11:20,S-TP2,10611.5,2,42607,161,0.38,0,401,0.94,-108,-0.25,6359,6.36,16
74,Entry short,2020-07-15 10:00,ORB Short C (2c),10651.75,2,42607,161,0.38,0,401,0.94,-108,-0.25,6359,6.36,16
75,Exit long,2020-07-16 15:00,L-TP2,10537.5,2,42440,-290,-0.68,0,144,0.34,-290,-0.68,6069,6.07,34
75,Entry long,2020-07-16 12:10,ORB Long C+ (2c),10610,2,42440,-290,-0.68,0,144,0.34,-290,-0.68,6069,6.07,34
76,Exit long,2020-07-20 12:00,L-TP2,10833.75,3,64180.5,822,1.28,0,822,1.28,-34.5,-0.05,6891,6.89,36
76,Entry long,2020-07-20 09:00,ORB Long A (3c),10696.75,3,64180.5,822,1.28,0,822,1.28,-34.5,-0.05,6891,6.89,36
77,Exit long,2020-07-22 09:45,L-TP2,10820.5,3,65302.5,-379.5,-0.58,0,93,0.14,-379.5,-0.58,6511.5,6.51,11
77,Entry long,2020-07-22 08:50,ORB Long A (3c),10883.75,3,65302.5,-379.5,-0.58,0,93,0.14,-379.5,-0.58,6511.5,6.51,11
78,Exit long,2020-07-23 09:10,L-TP2,10798.75,3,65166,-373.5,-0.57,0,63,0.10,-373.5,-0.57,6138,6.14,5
78,Entry long,2020-07-23 08:45,ORB Long B+ (3c),10861,3,65166,-373.5,-0.57,0,63,0.10,-373.5,-0.57,6138,6.14,5
79,Exit long,2020-07-27 10:25,L-TP2,10540.75,3,63694.5,-450,-0.71,0,120,0.19,-450,-0.71,5688,5.69,20
79,Entry long,2020-07-27 08:45,ORB Long A (3c),10615.75,3,63694.5,-450,-0.71,0,120,0.19,-450,-0.71,5688,5.69,20
80,Exit long,2020-07-27 15:30,EOD Close,10675,3,63675,375,0.59,0,417,0.65,-64.5,-0.10,6063,6.06,34
80,Entry long,2020-07-27 12:25,ORB Long B+ (3c),10612.5,3,63675,375,0.59,0,417,0.65,-64.5,-0.10,6063,6.06,34
81,Exit long,2020-07-30 15:05,L-TP2,10783.75,2,42552,583,1.37,0,583,1.37,-16,-0.04,6646,6.65,55
81,Entry long,2020-07-30 10:30,ORB Long B (2c),10638,2,42552,583,1.37,0,583,1.37,-16,-0.04,6646,6.65,55
82,Exit long,2020-08-03 15:30,EOD Close,11041.75,3,66303,-52.5,-0.08,0,135,0.20,-355.5,-0.54,6593.5,6.59,75
82,Entry long,2020-08-03 09:00,ORB Long A (3c),11050.5,3,66303,-52.5,-0.08,0,135,0.20,-355.5,-0.54,6593.5,6.59,75
83,Exit long,2020-08-12 13:00,L-TP2,11183.75,3,66186,916.5,1.38,0,916.5,1.38,-78,-0.12,7510,7.51,51
83,Entry long,2020-08-12 08:45,ORB Long A+ (3c),11031,3,66186,916.5,1.38,0,916.5,1.38,-78,-0.12,7510,7.51,51
84,Exit long,2020-08-13 13:20,L-TP2,11164,2,44952,-296,-0.66,0,111,0.25,-296,-0.66,7214,7.21,46
84,Entry long,2020-08-13 09:30,ORB Long B (2c),11238,2,44952,-296,-0.66,0,111,0.25,-296,-0.66,7214,7.21,46
85,Exit short,2020-08-14 15:30,EOD Close,11142.75,2,44584,13,0.03,0,200,0.45,-164,-0.37,7227,7.23,78
85,Entry short,2020-08-14 08:45,ORB Short B (2c),11146,2,44584,13,0.03,0,200,0.45,-164,-0.37,7227,7.23,78
86,Exit long,2020-08-18 15:30,EOD Close,11406.25,3,68305.5,132,0.19,0,184.5,0.27,-111,-0.16,7359,7.36,32
86,Entry long,2020-08-18 12:35,ORB Long B+ (3c),11384.25,3,68305.5,132,0.19,0,184.5,0.27,-111,-0.16,7359,7.36,32
87,Exit short,2020-08-19 10:00,S-TP2,11415,2,45390,-270,-0.59,0,59,0.13,-270,-0.59,7089,7.09,15
87,Entry short,2020-08-19 08:45,ORB Short B (2c),11347.5,2,45390,-270,-0.59,0,59,0.13,-270,-0.59,7089,7.09,15
88,Exit long,2020-08-19 13:15,L-TP2,11366.75,4,91342,-408,-0.45,0,160,0.18,-408,-0.45,6681,6.68,33
88,Entry long,2020-08-19 10:30,ORB Long A (4c),11417.75,4,91342,-408,-0.45,0,160,0.18,-408,-0.45,6681,6.68,33
89,Exit long,2020-08-20 14:40,L-TP2,11483.75,3,68092.5,810,1.19,0,810,1.19,-40.5,-0.06,7491,7.49,71
89,Entry long,2020-08-20 08:45,ORB Long A (3c),11348.75,3,68092.5,810,1.19,0,810,1.19,-40.5,-0.06,7491,7.49,71
90,Exit long,2020-08-25 15:30,EOD Close,11732.75,3,69831,565.5,0.81,0,576,0.82,-247.5,-0.35,8056.5,8.06,72
90,Entry long,2020-08-25 09:15,ORB Long A (3c),11638.5,3,69831,565.5,0.81,0,576,0.82,-247.5,-0.35,8056.5,8.06,72
91,Exit long,2020-08-27 11:20,L-TP2,11951.25,2,48105,-300,-0.62,0,80,0.17,-300,-0.62,7756.5,7.76,16
91,Entry long,2020-08-27 10:00,ORB Long C+ (2c),12026.25,2,48105,-300,-0.62,0,80,0.17,-300,-0.62,7756.5,7.76,16
92,Exit long,2020-08-31 10:25,L-TP2,12041,4,96342,-14,-0.01,0,466,0.48,-168,-0.17,7742.5,7.74,20
92,Entry long,2020-08-31 08:45,ORB Long A (4c),12042.75,4,96342,-14,-0.01,0,466,0.48,-168,-0.17,7742.5,7.74,20
93,Exit long,2020-08-31 14:55,L-TP2,12105,3,72354,276,0.38,0,636,0.88,-12,-0.02,8018.5,8.02,52
93,Entry long,2020-08-31 10:35,ORB Long B+ (3c),12059,3,72354,276,0.38,0,636,0.88,-12,-0.02,8018.5,8.02,52
94,Exit long,2020-09-01 15:30,EOD Close,12321.25,3,73377,550.5,0.75,0,564,0.77,-177,-0.24,8569,8.57,75
94,Entry long,2020-09-01 09:00,ORB Long A (3c),12229.5,3,73377,550.5,0.75,0,564,0.77,-177,-0.24,8569,8.57,75
95,Exit short,2020-09-11 09:20,S-TP2,11219.25,2,44556,-321,-0.72,0,160,0.36,-321,-0.72,8248,8.25,5
95,Entry short,2020-09-11 08:55,ORB Short A (2c),11139,2,44556,-321,-0.72,0,160,0.36,-321,-0.72,8248,8.25,5
96,Exit short,2020-09-11 09:45,S-TP2,11240.75,2,44642,-321,-0.72,0,14,0.03,-321,-0.72,7927,7.93,2
96,Entry short,2020-09-11 09:35,ORB Short B (2c),11160.5,2,44642,-321,-0.72,0,14,0.03,-321,-0.72,7927,7.93,2
97,Exit short,2020-09-11 12:30,S-TP2,10954,2,44578,762,1.71,0,762,1.71,-119,-0.27,8689,8.69,24
97,Entry short,2020-09-11 10:30,ORB Short B+ (2c),11144.5,2,44578,762,1.71,0,762,1.71,-119,-0.27,8689,8.69,24
98,Exit short,2020-09-17 12:30,S-TP2,11016,2,43712,-352,-0.81,0,59,0.13,-352,-0.81,8337,8.34,9
98,Entry short,2020-09-17 11:45,ORB Short A (2c),10928,2,43712,-352,-0.81,0,59,0.13,-352,-0.81,8337,8.34,9
99,Exit short,2020-09-18 10:45,S-TP2,10951.75,2,44162,355,0.80,0,595,1.35,-262,-0.59,8692,8.69,24
99,Entry short,2020-09-18 08:45,ORB Short A+ (2c),11040.5,2,44162,355,0.80,0,595,1.35,-262,-0.59,8692,8.69,24
100,Exit short,2020-09-21 10:05,S-TP2,10761.5,2,42661,-385,-0.90,0,34,0.08,-385,-0.90,8307,8.31,6
100,Entry short,2020-09-21 09:35,ORB Short B (2c),10665.25,2,42661,-385,-0.90,0,34,0.08,-385,-0.90,8307,8.31,6
101,Exit short,2020-09-22 12:40,S-TP2,11074.5,2,43904,-394,-0.90,0,217,0.49,-394,-0.90,7913,7.91,47
101,Entry short,2020-09-22 08:45,ORB Short A+ (2c),10976,2,43904,-394,-0.90,0,217,0.49,-394,-0.90,7913,7.91,47
102,Exit short,2020-09-23 11:40,S-TP2,11031,3,66525,339,0.51,0,699,1.05,-105,-0.16,8252,8.25,34
102,Entry short,2020-09-23 08:50,ORB Short A (3c),11087.5,3,66525,339,0.51,0,699,1.05,-105,-0.16,8252,8.25,34
103,Exit long,2020-10-02 10:30,L-TP2,11351.5,2,45706,-300,-0.66,0,169,0.37,-300,-0.66,7952,7.95,18
103,Entry long,2020-10-02 09:00,ORB Long C (2c),11426.5,2,45706,-300,-0.66,0,169,0.37,-300,-0.66,7952,7.95,18
104,Exit long,2020-10-05 13:00,L-TP2,11393,3,68317.5,40.5,0.06,0,400.5,0.59,-18,-0.03,7992.5,7.99,48
104,Entry long,2020-10-05 09:00,ORB Long A (3c),11386.25,3,68317.5,40.5,0.06,0,400.5,0.59,-18,-0.03,7992.5,7.99,48
105,Exit long,2020-10-07 15:30,EOD Close,11480.75,4,91498,348,0.38,0,562,0.61,-352,-0.38,8340.5,8.34,57
105,Entry long,2020-10-07 10:30,ORB Long B+ (4c),11437.25,4,91498,348,0.38,0,562,0.61,-352,-0.38,8340.5,8.34,57
106,Exit short,2020-10-08 15:30,EOD Close,11541.25,2,46051,-114,-0.25,0,100,0.22,-202,-0.44,8226.5,8.23,78
106,Entry short,2020-10-08 08:45,ORB Short C (2c),11512.75,2,46051,-114,-0.25,0,100,0.22,-202,-0.44,8226.5,8.23,78
107,Exit long,2020-10-12 12:25,L-TP2,12133.75,3,71724,1078.5,1.50,0,1078.5,1.50,-4.5,-0.01,9305,9.31,31
107,Entry long,2020-10-12 09:50,ORB Long B+ (3c),11954,3,71724,1078.5,1.50,0,1078.5,1.50,-4.5,-0.01,9305,9.31,31
108,Exit long,2020-10-13 11:10,L-TP2,12091.75,2,48667,-300,-0.62,0,59,0.12,-300,-0.62,9005,9.01,10
108,Entry long,2020-10-13 10:20,ORB Long C+ (2c),12166.75,2,48667,-300,-0.62,0,59,0.12,-300,-0.62,9005,9.01,10
109,Exit short,2020-10-14 11:20,S-TP2,11916.25,2,48214,549,1.14,0,549,1.14,-204,-0.42,9554,9.55,23
109,Entry short,2020-10-14 09:25,ORB Short B (2c),12053.5,2,48214,549,1.14,0,549,1.14,-204,-0.42,9554,9.55,23
110,Exit long,2020-10-15 09:15,L-TP2,11800.75,3,71254.5,-450,-0.63,0,25.5,0.04,-450,-0.63,9104,9.10,5
110,Entry long,2020-10-15 08:50,ORB Long A (3c),11875.75,3,71254.5,-450,-0.63,0,25.5,0.04,-450,-0.63,9104,9.10,5
111,Exit long,2020-10-20 10:00,L-TP2,11632,3,70219.5,-427.5,-0.61,0,201,0.29,-427.5,-0.61,8676.5,8.68,13
111,Entry long,2020-10-20 08:55,ORB Long A+ (3c),11703.25,3,70219.5,-427.5,-0.61,0,201,0.29,-427.5,-0.61,8676.5,8.68,13
112,Exit long,2020-10-20 14:10,L-TP2,11658.5,3,70401,-450,-0.64,0,351,0.50,-450,-0.64,8226.5,8.23,32
112,Entry long,2020-10-20 11:30,ORB Long A+ (3c),11733.5,3,70401,-450,-0.64,0,351,0.50,-450,-0.64,8226.5,8.23,32
113,Exit long,2020-10-21 10:10,L-TP2,11672.75,3,70486.5,-450,-0.64,0,189,0.27,-450,-0.64,7776.5,7.78,17
113,Entry long,2020-10-21 08:45,ORB Long A (3c),11747.75,3,70486.5,-450,-0.64,0,189,0.27,-450,-0.64,7776.5,7.78,17
114,Exit short,2020-10-27 09:45,S-TP2,11559.5,3,68973,-384,-0.56,0,37.5,0.05,-384,-0.56,7392.5,7.39,5
114,Entry short,2020-10-27 09:20,ORB Short B+ (3c),11495.5,3,68973,-384,-0.56,0,37.5,0.05,-384,-0.56,7392.5,7.39,5
115,Exit long,2020-10-29 10:55,L-TP2,11275.25,2,44985,116,0.26,0,356,0.79,-26,-0.06,7508.5,7.51,25
115,Entry long,2020-10-29 08:50,ORB Long B (2c),11246.25,2,44985,116,0.26,0,356,0.79,-26,-0.06,7508.5,7.51,25
116,Exit short,2020-10-30 10:00,S-TP2,11048,3,66862.5,574.5,0.86,0,934.5,1.40,-273,-0.41,8083,8.08,15
116,Entry short,2020-10-30 08:45,ORB Short A (3c),11143.75,3,66862.5,574.5,0.86,0,934.5,1.40,-273,-0.41,8083,8.08,15
117,Exit long,2020-11-02 09:35,L-TP2,11124.5,2,44798,-300,-0.67,0,50,0.11,-300,-0.67,7783,7.78,9
117,Entry long,2020-11-02 08:50,ORB Long B (2c),11199.5,2,44798,-300,-0.67,0,50,0.11,-300,-0.67,7783,7.78,9
118,Exit short,2020-11-02 12:50,S-TP2,10960.5,3,66645,882,1.32,0,882,1.32,-1.5,0.00,8665,8.67,32
118,Entry short,2020-11-02 10:10,ORB Short A (3c),11107.5,3,66645,882,1.32,0,882,1.32,-1.5,0.00,8665,8.67,32
119,Exit long,2020-11-04 09:35,L-TP2,11736,2,46755,189,0.40,0,429,0.92,-25,-0.05,8854,8.85,7
119,Entry long,2020-11-04 09:00,ORB Long C+ (2c),11688.75,2,46755,189,0.40,0,429,0.92,-25,-0.05,8854,8.85,7
120,Exit long,2020-11-05 11:30,L-TP2,11982.25,3,72343.5,-450,-0.62,0,309,0.43,-450,-0.62,8404,8.40,33
120,Entry long,2020-11-05 08:45,ORB Long A+ (3c),12057.25,3,72343.5,-450,-0.62,0,309,0.43,-450,-0.62,8404,8.40,33
121,Exit long,2020-11-05 15:30,EOD Close,12094.75,3,72340.5,228,0.32,0,331.5,0.46,-226.5,-0.31,8632,8.63,31
121,Entry long,2020-11-05 12:40,ORB Long A (3c),12056.75,3,72340.5,228,0.32,0,331.5,0.46,-226.5,-0.31,8632,8.63,31
122,Exit short,2020-11-06 09:15,S-TP2,11974.75,2,47599,-300,-0.63,0,47,0.10,-300,-0.63,8332,8.33,4
122,Entry short,2020-11-06 08:55,ORB Short C (2c),11899.75,2,47599,-300,-0.63,0,47,0.10,-300,-0.63,8332,8.33,4
123,Exit long,2020-11-06 15:30,EOD Close,12089.5,3,72298.5,238.5,0.33,0,355.5,0.49,-157.5,-0.22,8570.5,8.57,56
123,Entry long,2020-11-06 10:35,ORB Long B+ (3c),12049.75,3,72298.5,238.5,0.33,0,355.5,0.49,-157.5,-0.22,8570.5,8.57,56
124,Exit long,2020-11-09 09:35,L-TP2,12179.5,3,73527,-450,-0.61,0,37.5,0.05,-450,-0.61,8120.5,8.12,4
124,Entry long,2020-11-09 09:15,ORB Long B+ (3c),12254.5,3,73527,-450,-0.61,0,37.5,0.05,-450,-0.61,8120.5,8.12,4
125,Exit long,2020-11-11 15:30,EOD Close,11904.5,3,70945.5,481.5,0.68,0,571.5,0.81,-295.5,-0.42,8602,8.60,70
125,Entry long,2020-11-11 09:25,ORB Long A (3c),11824.25,3,70945.5,481.5,0.68,0,571.5,0.81,-295.5,-0.42,8602,8.60,70
126,Exit long,2020-11-16 15:30,EOD Close,12030.5,3,71890.5,292.5,0.41,0,339,0.47,-316.5,-0.44,8894.5,8.89,74
126,Entry long,2020-11-16 09:05,ORB Long A (3c),11981.75,3,71890.5,292.5,0.41,0,339,0.47,-316.5,-0.44,8894.5,8.89,74
127,Exit long,2020-11-18 13:15,L-TP2,11943,2,47990,-218,-0.45,0,121,0.25,-218,-0.45,8676.5,8.68,28
127,Entry long,2020-11-18 10:55,ORB Long C+ (2c),11997.5,2,47990,-218,-0.45,0,121,0.25,-218,-0.45,8676.5,8.68,28
128,Exit long,2020-11-19 15:30,EOD Close,11970.75,4,95168,598,0.63,0,832,0.87,-104,-0.11,9274.5,9.27,78
128,Entry long,2020-11-19 08:45,ORB Long B+ (4c),11896,4,95168,598,0.63,0,832,0.87,-104,-0.11,9274.5,9.27,78
129,Exit long,2020-11-24 15:30,EOD Close,12089.25,2,47882,475,0.99,0,496,1.04,-28,-0.06,9749.5,9.75,67
129,Entry long,2020-11-24 09:40,ORB Long B (2c),11970.5,2,47882,475,0.99,0,496,1.04,-28,-0.06,9749.5,9.75,67
130,Exit long,2020-12-01 11:10,L-TP2,12483.75,4,99106,764,0.77,0,764,0.77,-306,-0.31,10513.5,10.51,28
130,Entry long,2020-12-01 08:50,ORB Long A (4c),12388.25,4,99106,764,0.77,0,764,0.77,-306,-0.31,10513.5,10.51,28
131,Exit long,2020-12-02 15:30,EOD Close,12464.25,2,49653,204,0.41,0,247,0.50,-59,-0.12,10717.5,10.72,72
131,Entry long,2020-12-02 09:15,ORB Long B (2c),12413.25,2,49653,204,0.41,0,247,0.50,-59,-0.12,10717.5,10.72,72
132,Exit long,2020-12-07 15:30,EOD Close,12590.25,3,75507,34.5,0.05,0,166.5,0.22,-225,-0.30,10752,10.75,76
132,Entry long,2020-12-07 08:55,ORB Long A+ (3c),12584.5,3,75507,34.5,0.05,0,166.5,0.22,-225,-0.30,10752,10.75,76
133,Exit short,2020-12-08 11:00,S-TP2,12587.5,2,50119,-231,-0.46,0,109,0.22,-231,-0.46,10521,10.52,27
133,Entry short,2020-12-08 08:45,ORB Short B (2c),12529.75,2,50119,-231,-0.46,0,109,0.22,-231,-0.46,10521,10.52,27
134,Exit long,2020-12-08 15:30,EOD Close,12645,3,75582,288,0.38,0,331.5,0.44,-109.5,-0.14,10809,10.81,51
134,Entry long,2020-12-08 11:00,ORB Long A (3c),12597,3,75582,288,0.38,0,331.5,0.44,-109.5,-0.14,10809,10.81,51
135,Exit long,2020-12-10 10:55,L-TP2,12389,2,49363,193,0.39,0,433,0.88,-2,0.00,11002,11.00,26
135,Entry long,2020-12-10 08:45,ORB Long B (2c),12340.75,2,49363,193,0.39,0,433,0.88,-2,0.00,11002,11.00,26
136,Exit long,2020-12-14 15:30,EOD Close,12467,3,74982,-180,-0.24,0,313.5,0.42,-310.5,-0.41,10822,10.82,77
136,Entry long,2020-12-14 08:50,ORB Long A+ (3c),12497,3,74982,-180,-0.24,0,313.5,0.42,-310.5,-0.41,10822,10.82,77
137,Exit long,2020-12-16 15:30,EOD Close,12676.5,2,50520,186,0.37,0,299,0.59,-78,-0.15,11008,11.01,67
137,Entry long,2020-12-16 09:40,ORB Long B (2c),12630,2,50520,186,0.37,0,299,0.59,-78,-0.15,11008,11.01,67
138,Exit short,2020-12-18 11:35,S-TP2,12720.25,3,76428,106.5,0.14,0,466.5,0.61,-25.5,-0.03,11114.5,11.11,34
138,Entry short,2020-12-18 08:45,ORB Short B (3c),12738,3,76428,106.5,0.14,0,466.5,0.61,-25.5,-0.03,11114.5,11.11,34
139,Exit long,2020-12-21 15:30,EOD Close,12684.75,2,50641,98,0.19,0,171,0.34,-95,-0.19,11212.5,11.21,38
139,Entry long,2020-12-21 12:05,ORB Long B (2c),12660.25,2,50641,98,0.19,0,171,0.34,-95,-0.19,11212.5,11.21,38
140,Exit long,2020-12-23 14:55,L-TP2,12668.75,3,76356,-343.5,-0.45,0,30,0.04,-343.5,-0.45,10869,10.87,34
140,Entry long,2020-12-23 12:05,ORB Long A+ (3c),12726,3,76356,-343.5,-0.45,0,30,0.04,-343.5,-0.45,10869,10.87,34
141,Exit long,2020-12-24 11:45,EOD Close (Early/Half-Day),12698,3,76318.5,-130.5,-0.17,0,18,0.02,-333,-0.44,10738.5,10.74,27
141,Entry long,2020-12-24 09:30,ORB Long A (3c),12719.75,3,76318.5,-130.5,-0.17,0,18,0.02,-333,-0.44,10738.5,10.74,27
142,Exit short,2020-12-30 15:30,EOD Close,12839,3,77160,126,0.16,0,237,0.31,-76.5,-0.10,10864.5,10.86,77
142,Entry short,2020-12-30 08:50,ORB Short B (3c),12860,3,77160,126,0.16,0,237,0.31,-76.5,-0.10,10864.5,10.86,77
143,Exit long,2021-01-05 15:30,EOD Close,12794,3,76578,186,0.24,0,270,0.35,-448.5,-0.59,11050.5,11.05,77
143,Entry long,2021-01-05 08:50,ORB Long A (3c),12763,3,76578,186,0.24,0,270,0.35,-448.5,-0.59,11050.5,11.05,77
144,Exit long,2021-01-07 15:30,EOD Close,12934.25,3,77026.5,579,0.75,0,726,0.94,-36,-0.05,11629.5,11.63,76
144,Entry long,2021-01-07 08:55,ORB Long B+ (3c),12837.75,3,77026.5,579,0.75,0,726,0.94,-36,-0.05,11629.5,11.63,76
145,Exit long,2021-01-08 12:20,L-TP2,12985.75,3,78336,-421.5,-0.54,0,57,0.07,-421.5,-0.54,11208,11.21,14
145,Entry long,2021-01-08 11:10,ORB Long B+ (3c),13056,3,78336,-421.5,-0.54,0,57,0.07,-421.5,-0.54,11208,11.21,14
146,Exit long,2021-01-11 13:20,L-TP2,12914.5,3,77937,-450,-0.58,0,141,0.18,-450,-0.58,10758,10.76,47
146,Entry long,2021-01-11 09:25,ORB Long A (3c),12989.5,3,77937,-450,-0.58,0,141,0.18,-450,-0.58,10758,10.76,47
147,Exit long,2021-01-13 15:30,EOD Close,12976.75,3,77614.5,246,0.32,0,403.5,0.52,-388.5,-0.50,11004,11.00,77
147,Entry long,2021-01-13 08:50,ORB Long A (3c),12935.75,3,77614.5,246,0.32,0,403.5,0.52,-388.5,-0.50,11004,11.00,77
148,Exit long,2021-01-20 15:30,EOD Close,13300.75,3,79237.5,567,0.72,0,726,0.92,-6,-0.01,11571,11.57,74
148,Entry long,2021-01-20 09:05,ORB Long A (3c),13206.25,3,79237.5,567,0.72,0,726,0.92,-6,-0.01,11571,11.57,74
149,Exit long,2021-01-21 15:30,EOD Close,13398.75,3,80188.5,204,0.25,0,354,0.44,-292.5,-0.36,11775,11.77,73
149,Entry long,2021-01-21 09:10,ORB Long A (3c),13364.75,3,80188.5,204,0.25,0,354,0.44,-292.5,-0.36,11775,11.77,73
150,Exit long,2021-01-26 15:30,EOD Close,13565,2,54056,204,0.38,0,343,0.63,-235,-0.43,11979,11.98,66
150,Entry long,2021-01-26 09:45,ORB Long B (2c),13514,2,54056,204,0.38,0,343,0.63,-235,-0.43,11979,11.98,66
151,Exit long,2021-01-28 13:20,L-TP2,13334,2,53066,270,0.51,0,510,0.96,-250,-0.47,12249,12.25,49
151,Entry long,2021-01-28 09:15,ORB Long B (2c),13266.5,2,53066,270,0.51,0,510,0.96,-250,-0.47,12249,12.25,49
152,Exit long,2021-01-29 09:40,L-TP2,13072.25,2,52589,-300,-0.57,0,39,0.07,-300,-0.57,11949,11.95,4
152,Entry long,2021-01-29 09:20,ORB Long B (2c),13147.25,2,52589,-300,-0.57,0,39,0.07,-300,-0.57,11949,11.95,4
153,Exit long,2021-02-02 15:00,L-TP2,13433.5,3,80488.5,112.5,0.14,0,472.5,0.59,-294,-0.37,12061.5,12.06,75
153,Entry long,2021-02-02 08:45,ORB Long B+ (3c),13414.75,3,80488.5,112.5,0.14,0,472.5,0.59,-294,-0.37,12061.5,12.06,75
154,Exit short,2021-02-03 10:35,S-TP2,13451,2,53836,32,0.06,0,272,0.51,-71,-0.13,12093.5,12.09,17
154,Entry short,2021-02-03 09:10,ORB Short B (2c),13459,2,53836,32,0.06,0,272,0.51,-71,-0.13,12093.5,12.09,17
155,Exit short,2021-02-03 15:30,EOD Close,13406.25,2,53839,214,0.40,0,291,0.54,-147,-0.27,12307.5,12.31,45
155,Entry short,2021-02-03 11:30,ORB Short C+ (2c),13459.75,2,53839,214,0.40,0,291,0.54,-147,-0.27,12307.5,12.31,45
156,Exit long,2021-02-04 15:30,EOD Close,13559.25,3,80920.5,435,0.54,0,511.5,0.63,-31.5,-0.04,12742.5,12.74,39
156,Entry long,2021-02-04 12:00,ORB Long B+ (3c),13486.75,3,80920.5,435,0.54,0,511.5,0.63,-31.5,-0.04,12742.5,12.74,39
157,Exit short,2021-02-05 11:15,S-TP2,13593,2,54156,-216,-0.40,0,79,0.15,-216,-0.40,12526.5,12.53,28
157,Entry short,2021-02-05 08:55,ORB Short C (2c),13539,2,54156,-216,-0.40,0,79,0.15,-216,-0.40,12526.5,12.53,28
158,Exit long,2021-02-05 14:10,L-TP2,13578.5,4,108766,-138,-0.13,0,342,0.31,-138,-0.13,12388.5,12.39,35
158,Entry long,2021-02-05 11:15,ORB Long B+ (4c),13595.75,4,108766,-138,-0.13,0,342,0.31,-138,-0.13,12388.5,12.39,35
159,Exit short,2021-02-10 09:20,S-TP2,13581.5,2,54812,486,0.89,0,486,0.89,-8,-0.01,12874.5,12.87,2
159,Entry short,2021-02-10 09:10,ORB Short B (2c),13703,2,54812,486,0.89,0,486,0.89,-8,-0.01,12874.5,12.87,2
160,Exit long,2021-02-12 15:30,EOD Close,13809.25,2,54828,409,0.75,0,436,0.80,-171,-0.31,13283.5,13.28,73
160,Entry long,2021-02-12 09:10,ORB Long B (2c),13707,2,54828,409,0.75,0,436,0.80,-171,-0.31,13283.5,13.28,73
161,Exit long,2021-02-16 10:05,L-TP2,13811.5,3,83182.5,-313.5,-0.38,0,70.5,0.08,-313.5,-0.38,12970,12.97,8
161,Entry long,2021-02-16 09:25,ORB Long B (3c),13863.75,3,83182.5,-313.5,-0.38,0,70.5,0.08,-313.5,-0.38,12970,12.97,8
162,Exit long,2021-02-18 15:30,EOD Close,13641,4,108602,526,0.48,0,756,0.70,-14,-0.01,13496,13.50,36
162,Entry long,2021-02-18 12:15,ORB Long A (4c),13575.25,4,108602,526,0.48,0,756,0.70,-14,-0.01,13496,13.50,36
163,Exit short,2021-02-24 09:20,S-TP2,13051.5,3,77859,-450,-0.58,0,111,0.14,-450,-0.58,13046,13.05,4
163,Entry short,2021-02-24 09:00,ORB Short B+ (3c),12976.5,3,77859,-450,-0.58,0,111,0.14,-450,-0.58,13046,13.05,4
164,Exit short,2021-02-25 09:55,S-TP2,13116.25,3,79027.5,330,0.42,0,690,0.87,-216,-0.27,13376,13.38,11
164,Entry short,2021-02-25 09:00,ORB Short A+ (3c),13171.25,3,79027.5,330,0.42,0,690,0.87,-216,-0.27,13376,13.38,11
165,Exit short,2021-03-02 11:05,S-TP2,13158.75,3,79147.5,195,0.25,0,555,0.70,-343.5,-0.43,13571,13.57,28
165,Entry short,2021-03-02 08:45,ORB Short A+ (3c),13191.25,3,79147.5,195,0.25,0,555,0.70,-343.5,-0.43,13571,13.57,28
166,Exit short,2021-03-03 12:15,S-TP2,12858.75,3,77428.5,276,0.36,0,636,0.82,-393,-0.51,13847,13.85,40
166,Entry short,2021-03-03 08:55,ORB Short B+ (3c),12904.75,3,77428.5,276,0.36,0,636,0.82,-393,-0.51,13847,13.85,40
167,Exit short,2021-03-04 09:20,S-TP2,12571.5,3,75688.5,259.5,0.34,0,634.5,0.84,-163.5,-0.22,14106.5,14.11,7
167,Entry short,2021-03-04 08:45,ORB Short A (3c),12614.75,3,75688.5,259.5,0.34,0,634.5,0.84,-163.5,-0.22,14106.5,14.11,7
168,Exit short,2021-03-04 12:00,S-TP2,12504,3,75733.5,709.5,0.94,0,1069.5,1.41,-24,-0.03,14816,14.82,8
168,Entry short,2021-03-04 11:20,ORB Short A (3c),12622.25,3,75733.5,709.5,0.94,0,1069.5,1.41,-24,-0.03,14816,14.82,8
169,Exit short,2021-03-05 08:55,S-TP2,12423.5,2,49762,68,0.14,0,327,0.66,-111,-0.22,14884,14.88,2
169,Entry short,2021-03-05 08:45,ORB Short A (2c),12440.5,2,49762,68,0.14,0,327,0.66,-111,-0.22,14884,14.88,2
170,Exit short,2021-03-08 13:15,S-TP2,12473.75,2,50033,138,0.28,0,378,0.76,-320,-0.64,15022,15.02,28
170,Entry short,2021-03-08 10:55,ORB Short B+ (2c),12508.25,2,50033,138,0.28,0,378,0.76,-320,-0.64,15022,15.02,28
171,Exit short,2021-03-11 09:45,S-TP2,13006.75,2,51693,-334,-0.65,0,39,0.08,-334,-0.65,14688,14.69,6
171,Entry short,2021-03-11 09:15,ORB Short B (2c),12923.25,2,51693,-334,-0.65,0,39,0.08,-334,-0.65,14688,14.69,6
172,Exit short,2021-03-12 10:50,S-TP2,12874,2,51148,-348,-0.68,0,77,0.15,-348,-0.68,14340,14.34,12
172,Entry short,2021-03-12 09:50,ORB Short B (2c),12787,2,51148,-348,-0.68,0,77,0.15,-348,-0.68,14340,14.34,12
173,Exit long,2021-03-16 11:10,L-TP2,13227.25,2,52834,75,0.14,0,315,0.60,-73,-0.14,14415,14.42,29
173,Entry long,2021-03-16 08:45,ORB Long B (2c),13208.5,2,52834,75,0.14,0,315,0.60,-73,-0.14,14415,14.42,29
174,Exit long,2021-03-16 13:25,L-TP2,13132.25,2,52802,-273,-0.52,0,167,0.32,-273,-0.52,14142,14.14,23
174,Entry long,2021-03-16 11:30,ORB Long B (2c),13200.5,2,52802,-273,-0.52,0,167,0.32,-273,-0.52,14142,14.14,23
175,Exit short,2021-03-19 09:35,S-TP2,12801.25,2,50839,-366,-0.72,0,112,0.22,-366,-0.72,13776,13.78,7
175,Entry short,2021-03-19 09:00,ORB Short A (2c),12709.75,2,50839,-366,-0.72,0,112,0.22,-366,-0.72,13776,13.78,7
176,Exit short,2021-03-25 11:25,S-TP2,12757.75,2,50702,-329,-0.65,0,263,0.52,-329,-0.65,13447,13.45,20
176,Entry short,2021-03-25 09:45,ORB Short B (2c),12675.5,2,50702,-329,-0.65,0,263,0.52,-329,-0.65,13447,13.45,20
177,Exit short,2021-03-29 09:35,S-TP2,12876.25,3,77365.5,108,0.14,0,468,0.60,-1.5,0.00,13555,13.56,9
177,Entry short,2021-03-29 08:50,ORB Short B+ (3c),12894.25,3,77365.5,108,0.14,0,468,0.60,-1.5,0.00,13555,13.56,9
178,Exit short,2021-03-30 09:40,S-TP2,12870,3,76770,-450,-0.59,0,109.5,0.14,-450,-0.59,13105,13.11,5
178,Entry short,2021-03-30 09:15,ORB Short A+ (3c),12795,3,76770,-450,-0.59,0,109.5,0.14,-450,-0.59,13105,13.11,5
179,Exit long,2021-04-01 15:30,EOD Close,13328.75,3,79836,136.5,0.17,0,139.5,0.17,-276,-0.35,13241.5,13.24,74
179,Entry long,2021-04-01 09:05,ORB Long A (3c),13306,3,79836,136.5,0.17,0,139.5,0.17,-276,-0.35,13241.5,13.24,74
180,Exit long,2021-04-06 12:05,L-TP2,13594.25,4,108720,34,0.03,0,514,0.47,-208,-0.19,13275.5,13.28,39
180,Entry long,2021-04-06 08:50,ORB Long A (4c),13590,4,108720,34,0.03,0,514,0.47,-208,-0.19,13275.5,13.28,39
181,Exit long,2021-04-07 14:25,L-TP2,13581.25,3,81421.5,66,0.08,0,426,0.52,-63,-0.08,13341.5,13.34,68
181,Entry long,2021-04-07 08:45,ORB Long A+ (3c),13570.25,3,81421.5,66,0.08,0,426,0.52,-63,-0.08,13341.5,13.34,68
182,Exit long,2021-04-13 15:30,EOD Close,13981,3,83659.5,226.5,0.27,0,303,0.36,-355.5,-0.42,13568,13.57,77
182,Entry long,2021-04-13 08:50,ORB Long B+ (3c),13943.25,3,83659.5,226.5,0.27,0,303,0.36,-355.5,-0.42,13568,13.57,77
183,Exit long,2021-04-15 15:30,EOD Close,14007,3,83932.5,109.5,0.13,0,273,0.33,-273,-0.33,13677.5,13.68,70
183,Entry long,2021-04-15 09:25,ORB Long A (3c),13988.75,3,83932.5,109.5,0.13,0,273,0.33,-273,-0.33,13677.5,13.68,70
184,Exit short,2021-04-19 15:30,EOD Close,13892,2,55696,128,0.23,0,412,0.74,-99,-0.18,13805.5,13.81,74
184,Entry short,2021-04-19 09:05,ORB Short B (2c),13924,2,55696,128,0.23,0,412,0.74,-99,-0.18,13805.5,13.81,74
185,Exit long,2021-04-20 09:40,L-TP2,13852,3,83455.5,-343.5,-0.41,0,123,0.15,-343.5,-0.41,13462,13.46,11
185,Entry long,2021-04-20 08:45,ORB Long A+ (3c),13909.25,3,83455.5,-343.5,-0.41,0,123,0.15,-343.5,-0.41,13462,13.46,11
186,Exit long,2021-04-21 14:50,L-TP2,13917.5,3,82656,849,1.03,0,849,1.03,-99,-0.12,14311,14.31,73
186,Entry long,2021-04-21 08:45,ORB Long A+ (3c),13776,3,82656,849,1.03,0,849,1.03,-99,-0.12,14311,14.31,73
187,Exit long,2021-04-23 10:45,L-TP2,13927.75,4,110632,790,0.71,0,790,0.71,-72,-0.07,15101,15.10,23
187,Entry long,2021-04-23 08:50,ORB Long A (4c),13829,4,110632,790,0.71,0,790,0.71,-72,-0.07,15101,15.10,23
188,Exit short,2021-04-27 11:00,S-TP2,13972.75,2,55876,-15,-0.03,0,225,0.40,-15,-0.03,15086,15.09,27
188,Entry short,2021-04-27 08:45,ORB Short B (2c),13969,2,55876,-15,-0.03,0,225,0.40,-15,-0.03,15086,15.09,27
189,Exit long,2021-04-28 11:00,L-TP2,13885.5,3,83665.5,-352.5,-0.42,0,219,0.26,-352.5,-0.42,14733.5,14.73,27
189,Entry long,2021-04-28 08:45,ORB Long B+ (3c),13944.25,3,83665.5,-352.5,-0.42,0,219,0.26,-352.5,-0.42,14733.5,14.73,27
190,Exit short,2021-04-29 10:10,S-TP2,13943.25,2,55914,141,0.25,0,381,0.68,-17,-0.03,14874.5,14.87,16
190,Entry short,2021-04-29 08:50,ORB Short B (2c),13978.5,2,55914,141,0.25,0,381,0.68,-17,-0.03,14874.5,14.87,16
191,Exit long,2021-04-30 12:50,L-TP2,13840.25,3,83439,-397.5,-0.48,0,303,0.36,-397.5,-0.48,14477,14.48,47
191,Entry long,2021-04-30 08:55,ORB Long A+ (3c),13906.5,3,83439,-397.5,-0.48,0,303,0.36,-397.5,-0.48,14477,14.48,47
192,Exit long,2021-05-03 09:50,L-TP2,13854.75,2,55717,-298,-0.53,0,73,0.13,-298,-0.53,14179,14.18,8
192,Entry long,2021-05-03 09:10,ORB Long B (2c),13929.25,2,55717,-298,-0.53,0,73,0.13,-298,-0.53,14179,14.18,8
193,Exit short,2021-05-05 09:30,S-TP2,13589,3,81574.5,40.5,0.05,0,400.5,0.49,-57,-0.07,14219.5,14.22,7
193,Entry short,2021-05-05 08:55,ORB Short A+ (3c),13595.75,3,81574.5,40.5,0.05,0,400.5,0.49,-57,-0.07,14219.5,14.22,7
194,Exit short,2021-05-05 15:30,EOD Close,13490.25,3,81567,625.5,0.77,0,792,0.97,-19.5,-0.02,14845,14.85,45
194,Entry short,2021-05-05 11:30,ORB Short A (3c),13594.5,3,81567,625.5,0.77,0,792,0.97,-19.5,-0.02,14845,14.85,45
195,Exit short,2021-05-06 10:25,S-TP2,13490,3,80490,-450,-0.56,0,156,0.19,-450,-0.56,14395,14.40,16
195,Entry short,2021-05-06 09:05,ORB Short B+ (3c),13415,3,80490,-450,-0.56,0,156,0.19,-450,-0.56,14395,14.40,16
196,Exit short,2021-05-10 15:30,EOD Close,13346.75,3,81136.5,1056,1.30,0,1150.5,1.42,-190.5,-0.23,15451,15.45,77
196,Entry short,2021-05-10 08:50,ORB Short B+ (3c),13522.75,3,81136.5,1056,1.30,0,1150.5,1.42,-190.5,-0.23,15451,15.45,77
197,Exit short,2021-05-12 11:25,S-TP2,13039.75,3,78636,397.5,0.51,0,757.5,0.96,-96,-0.12,15848.5,15.85,24
197,Entry short,2021-05-12 09:25,ORB Short A (3c),13106,3,78636,397.5,0.51,0,757.5,0.96,-96,-0.12,15848.5,15.85,24
198,Exit short,2021-05-13 11:30,S-TP2,13139.25,2,52257,-300,-0.57,0,25,0.05,-300,-0.57,15548.5,15.55,10
198,Entry short,2021-05-13 10:40,ORB Short B (2c),13064.25,2,52257,-300,-0.57,0,25,0.05,-300,-0.57,15548.5,15.55,10
199,Exit short,2021-05-17 13:30,S-TP2,13242.5,3,79530,75,0.09,0,435,0.55,-439.5,-0.55,15623.5,15.62,54
199,Entry short,2021-05-17 09:00,ORB Short A+ (3c),13255,3,79530,75,0.09,0,435,0.55,-439.5,-0.55,15623.5,15.62,54
200,Exit long,2021-05-24 15:30,EOD Close,13650.75,3,81535.5,369,0.45,0,582,0.71,-30,-0.04,15992.5,15.99,75
200,Entry long,2021-05-24 09:00,ORB Long A (3c),13589.25,3,81535.5,369,0.45,0,582,0.71,-30,-0.04,15992.5,15.99,75
201,Exit short,2021-06-08 11:15,S-TP2,13802,2,55409,201,0.36,0,441,0.80,-10,-0.02,16193.5,16.19,29
201,Entry short,2021-06-08 08:50,ORB Short B (2c),13852.25,2,55409,201,0.36,0,441,0.80,-10,-0.02,16193.5,16.19,29
202,Exit long,2021-06-10 09:45,L-TP2,13867.25,3,83653.5,-450,-0.54,0,136.5,0.16,-450,-0.54,15743.5,15.74,12
202,Entry long,2021-06-10 08:45,ORB Long A (3c),13942.25,3,83653.5,-450,-0.54,0,136.5,0.16,-450,-0.54,15743.5,15.74,12
203,Exit long,2021-06-10 15:30,EOD Close,13966,3,83541,255,0.31,0,297,0.36,-60,-0.07,15998.5,16.00,51
203,Entry long,2021-06-10 11:00,ORB Long B+ (3c),13923.5,3,83541,255,0.31,0,297,0.36,-60,-0.07,15998.5,16.00,51
204,Exit long,2021-06-14 15:30,EOD Close,14120,3,84234,486,0.58,0,567,0.67,-303,-0.36,16484.5,16.48,78
204,Entry long,2021-06-14 08:45,ORB Long A (3c),14039,3,84234,486,0.58,0,567,0.67,-303,-0.36,16484.5,16.48,78
205,Exit short,2021-06-15 15:30,EOD Close,14034.25,2,56239,102,0.18,0,237,0.42,-61,-0.11,16586.5,16.59,70
205,Entry short,2021-06-15 09:25,ORB Short C+ (2c),14059.75,2,56239,102,0.18,0,237,0.42,-61,-0.11,16586.5,16.59,70
206,Exit long,2021-06-17 10:30,L-TP2,14183.75,3,84123,979.5,1.16,0,979.5,1.16,-60,-0.07,17566,17.57,20
206,Entry long,2021-06-17 08:50,ORB Long A (3c),14020.5,3,84123,979.5,1.16,0,979.5,1.16,-60,-0.07,17566,17.57,20
207,Exit long,2021-06-21 15:30,EOD Close,14134.5,2,56326,212,0.38,0,250,0.44,-8,-0.01,17778,17.78,68
207,Entry long,2021-06-21 09:35,ORB Long B (2c),14081.5,2,56326,212,0.38,0,250,0.44,-8,-0.01,17778,17.78,68
208,Exit long,2021-06-22 15:30,EOD Close,14278.25,3,85123.5,546,0.64,0,552,0.65,-1.5,0.00,18324,18.32,62
208,Entry long,2021-06-22 10:05,ORB Long B+ (3c),14187.25,3,85123.5,546,0.64,0,552,0.65,-1.5,0.00,18324,18.32,62
209,Exit long,2021-06-23 10:00,L-TP2,14253.75,4,114444,-414,-0.36,0,90,0.08,-414,-0.36,17910,17.91,13
209,Entry long,2021-06-23 08:55,ORB Long B+ (4c),14305.5,4,114444,-414,-0.36,0,90,0.08,-414,-0.36,17910,17.91,13
210,Exit long,2021-06-28 15:25,EOD Close,14506,2,57868,156,0.27,0,210,0.36,-48,-0.08,18066,18.07,76
210,Entry long,2021-06-28 09:05,ORB Long B (2c),14467,2,57868,156,0.27,0,210,0.36,-48,-0.08,18066,18.07,76
211,Exit long,2021-06-29 15:25,EOD Close,14583,3,87153,345,0.40,0,354,0.41,-198,-0.23,18411,18.41,68
211,Entry long,2021-06-29 09:45,ORB Long B (3c),14525.5,3,87153,345,0.40,0,354,0.41,-198,-0.23,18411,18.41,68
212,Exit short,2021-07-01 15:25,EOD Close,14536.75,2,58039,-108,-0.19,0,156,0.27,-174,-0.30,18303,18.30,64
212,Entry short,2021-07-01 10:05,ORB Short C (2c),14509.75,2,58039,-108,-0.19,0,156,0.27,-174,-0.30,18303,18.30,64
213,Exit long,2021-07-08 10:00,L-TP2,14569.25,2,58577,-300,-0.51,0,53,0.09,-300,-0.51,18003,18.00,7
213,Entry long,2021-07-08 09:25,ORB Long B (2c),14644.25,2,58577,-300,-0.51,0,53,0.09,-300,-0.51,18003,18.00,7
214,Exit long,2021-07-08 13:20,L-TP2,14696.5,2,58580,206,0.35,0,446,0.76,-119,-0.20,18209,18.21,35
214,Entry long,2021-07-08 10:25,ORB Long C+ (2c),14645,2,58580,206,0.35,0,446,0.76,-119,-0.20,18209,18.21,35
215,Exit long,2021-07-09 15:25,EOD Close,14811.75,2,58912,335,0.57,0,416,0.71,-98,-0.17,18544,18.54,73
215,Entry long,2021-07-09 09:20,ORB Long B (2c),14728,2,58912,335,0.57,0,416,0.71,-98,-0.17,18544,18.54,73
216,Exit short,2021-07-12 15:25,EOD Close,14879.5,2,59294,-224,-0.38,0,85,0.14,-238,-0.40,18320,18.32,79
216,Entry short,2021-07-12 08:50,ORB Short B (2c),14823.5,2,59294,-224,-0.38,0,85,0.14,-238,-0.40,18320,18.32,79
217,Exit short,2021-07-14 15:25,EOD Close,14902.75,2,59675,64,0.11,0,227,0.38,-113,-0.19,18384,18.38,60
217,Entry short,2021-07-14 10:25,ORB Short B (2c),14918.75,2,59675,64,0.11,0,227,0.38,-113,-0.19,18384,18.38,60
218,Exit long,2021-07-20 14:55,L-TP2,14722.25,2,58433,456,0.78,0,696,1.19,-108,-0.18,18840,18.84,67
218,Entry long,2021-07-20 09:20,ORB Long B (2c),14608.25,2,58433,456,0.78,0,696,1.19,-108,-0.18,18840,18.84,67
219,Exit long,2021-07-21 15:25,EOD Close,14827.5,3,88534.5,430.5,0.49,0,480,0.54,-178.5,-0.20,19270.5,19.27,78
219,Entry long,2021-07-21 08:55,ORB Long A (3c),14755.75,3,88534.5,430.5,0.49,0,480,0.54,-178.5,-0.20,19270.5,19.27,78
220,Exit long,2021-07-22 15:25,EOD Close,14958.5,2,59619,215,0.36,0,223,0.37,-217,-0.36,19485.5,19.49,72
220,Entry long,2021-07-22 09:25,ORB Long B (2c),14904.75,2,59619,215,0.36,0,223,0.37,-217,-0.36,19485.5,19.49,72
221,Exit long,2021-07-23 15:25,EOD Close,15097.5,3,89983.5,601.5,0.67,0,721.5,0.80,-81,-0.09,20087,20.09,74
221,Entry long,2021-07-23 09:15,ORB Long A (3c),14997.25,3,89983.5,601.5,0.67,0,721.5,0.80,-81,-0.09,20087,20.09,74
222,Exit long,2021-07-26 15:25,EOD Close,15119.25,3,90598.5,117,0.13,0,207,0.23,-105,-0.12,20204,20.20,73
222,Entry long,2021-07-26 09:20,ORB Long A (3c),15099.75,3,90598.5,117,0.13,0,207,0.23,-105,-0.12,20204,20.20,73
223,Exit short,2021-07-27 09:35,S-TP2,14916.25,2,60174,509,0.85,0,509,0.85,-62,-0.10,20713,20.71,8
223,Entry short,2021-07-27 08:55,ORB Short B (2c),15043.5,2,60174,509,0.85,0,509,0.85,-62,-0.10,20713,20.71,8
224,Exit long,2021-07-28 12:10,L-TP2,14979.25,2,60217,-300,-0.50,0,82,0.14,-300,-0.50,20413,20.41,35
224,Entry long,2021-07-28 09:15,ORB Long C (2c),15054.25,2,60217,-300,-0.50,0,82,0.14,-300,-0.50,20413,20.41,35
225,Exit long,2021-07-29 15:00,L-TP2,14999,2,60296,-300,-0.50,0,40,0.07,-300,-0.50,20113,20.11,62
225,Entry long,2021-07-29 09:50,ORB Long B (2c),15074,2,60296,-300,-0.50,0,40,0.07,-300,-0.50,20113,20.11,62
226,Exit long,2021-07-30 15:25,EOD Close,14968,3,89563.5,244.5,0.27,0,315,0.35,-102,-0.11,20357.5,20.36,80
226,Entry long,2021-07-30 08:45,ORB Long A (3c),14927.25,3,89563.5,244.5,0.27,0,315,0.35,-102,-0.11,20357.5,20.36,80
227,Exit long,2021-08-02 11:05,L-TP2,14970.25,3,90271.5,-450,-0.50,0,36,0.04,-450,-0.50,19907.5,19.91,9
227,Entry long,2021-08-02 10:20,ORB Long B+ (3c),15045.25,3,90271.5,-450,-0.50,0,36,0.04,-450,-0.50,19907.5,19.91,9
228,Exit long,2021-08-03 15:25,EOD Close,15044.5,2,60043,135,0.22,0,157,0.26,-124,-0.21,20042.5,20.04,54
228,Entry long,2021-08-03 10:55,ORB Long C+ (2c),15010.75,2,60043,135,0.22,0,157,0.26,-124,-0.21,20042.5,20.04,54
229,Exit long,2021-08-17 10:30,L-TP2,14975.25,2,60201,-300,-0.50,0,30,0.05,-300,-0.50,19742.5,19.74,10
229,Entry long,2021-08-17 09:40,ORB Long B (2c),15050.25,2,60201,-300,-0.50,0,30,0.05,-300,-0.50,19742.5,19.74,10
230,Exit long,2021-08-23 13:50,L-TP2,15333.75,3,91183.5,819,0.90,0,819,0.90,-42,-0.05,20561.5,20.56,61
230,Entry long,2021-08-23 08:45,ORB Long A (3c),15197.25,3,91183.5,819,0.90,0,819,0.90,-42,-0.05,20561.5,20.56,61
231,Exit long,2021-08-27 15:25,EOD Close,15425.5,3,92167.5,385.5,0.42,0,495,0.54,-120,-0.13,20947,20.95,77
231,Entry long,2021-08-27 09:00,ORB Long A+ (3c),15361.25,3,92167.5,385.5,0.42,0,495,0.54,-120,-0.13,20947,20.95,77
232,Exit long,2021-08-30 15:25,EOD Close,15606.5,3,93115.5,523.5,0.56,0,591,0.63,-25.5,-0.03,21470.5,21.47,79
232,Entry long,2021-08-30 08:50,ORB Long A (3c),15519.25,3,93115.5,523.5,0.56,0,591,0.63,-25.5,-0.03,21470.5,21.47,79
233,Exit long,2021-09-01 14:40,L-TP2,15622,3,94170,-438,-0.47,0,18,0.02,-438,-0.47,21032.5,21.03,71
233,Entry long,2021-09-01 08:45,ORB Long A+ (3c),15695,3,94170,-438,-0.47,0,18,0.02,-438,-0.47,21032.5,21.03,71
234,Exit long,2021-09-03 15:25,EOD Close,15654.5,3,93840,87,0.09,0,183,0.20,-213,-0.23,21119.5,21.12,78
234,Entry long,2021-09-03 08:55,ORB Long A (3c),15640,3,93840,87,0.09,0,183,0.20,-213,-0.23,21119.5,21.12,78
235,Exit short,2021-09-17 11:20,S-TP2,15349.5,2,61584,186,0.30,0,426,0.69,-43,-0.07,21305.5,21.31,30
235,Entry short,2021-09-17 08:50,ORB Short B (2c),15396,2,61584,186,0.30,0,426,0.69,-43,-0.07,21305.5,21.31,30
236,Exit short,2021-09-20 12:35,S-TP2,14944.25,2,60084,307,0.51,0,547,0.91,-126,-0.21,21612.5,21.61,39
236,Entry short,2021-09-20 09:20,ORB Short B (2c),15021,2,60084,307,0.51,0,547,0.91,-126,-0.21,21612.5,21.61,39
237,Exit short,2021-09-21 10:30,S-TP2,15090,3,90090,-450,-0.50,0,243,0.27,-450,-0.50,21162.5,21.16,17
237,Entry short,2021-09-21 09:05,ORB Short A (3c),15015,3,90090,-450,-0.50,0,243,0.27,-450,-0.50,21162.5,21.16,17
238,Exit short,2021-09-21 14:15,S-TP2,15096.5,3,90129,-450,-0.50,0,121.5,0.13,-450,-0.50,20712.5,20.71,22
238,Entry short,2021-09-21 12:25,ORB Short B+ (3c),15021.5,3,90129,-450,-0.50,0,121.5,0.13,-450,-0.50,20712.5,20.71,22
239,Exit short,2021-09-28 11:10,S-TP2,14821.75,3,89478,547.5,0.61,0,907.5,1.01,-289.5,-0.32,21260,21.26,29
239,Entry short,2021-09-28 08:45,ORB Short A (3c),14913,3,89478,547.5,0.61,0,907.5,1.01,-289.5,-0.32,21260,21.26,29
240,Exit short,2021-09-29 13:10,S-TP2,14837.75,3,88576.5,-450,-0.51,0,310.5,0.35,-450,-0.51,20810,20.81,31
240,Entry short,2021-09-29 10:35,ORB Short B+ (3c),14762.75,3,88576.5,-450,-0.51,0,310.5,0.35,-450,-0.51,20810,20.81,31
241,Exit short,2021-09-30 11:10,S-TP2,14692.5,2,59205,435,0.73,0,435,0.73,-157,-0.27,21245,21.25,16
241,Entry short,2021-09-30 09:50,ORB Short B (2c),14801.25,2,59205,435,0.73,0,435,0.73,-157,-0.27,21245,21.25,16
242,Exit short,2021-10-01 09:55,S-TP2,14597,3,87754.5,172.5,0.20,0,532.5,0.61,-112.5,-0.13,21417.5,21.42,13
242,Entry short,2021-10-01 08:50,ORB Short A (3c),14625.75,3,87754.5,172.5,0.20,0,532.5,0.61,-112.5,-0.13,21417.5,21.42,13
243,Exit short,2021-10-04 09:50,S-TP2,14416.25,3,87468,970.5,1.11,0,970.5,1.11,-195,-0.22,22388,22.39,13
243,Entry short,2021-10-04 08:45,ORB Short A (3c),14578,3,87468,970.5,1.11,0,970.5,1.11,-195,-0.22,22388,22.39,13
244,Exit short,2021-10-06 09:10,S-TP2,14571.25,3,86977.5,-450,-0.52,0,57,0.07,-450,-0.52,21938,21.94,2
244,Entry short,2021-10-06 09:00,ORB Short A (3c),14496.25,3,86977.5,-450,-0.52,0,57,0.07,-450,-0.52,21938,21.94,2
245,Exit short,2021-10-08 15:25,EOD Close,14795.75,3,88962,187.5,0.21,0,216,0.24,-294,-0.33,22125.5,22.13,69
245,Entry short,2021-10-08 09:40,ORB Short A (3c),14827,3,88962,187.5,0.21,0,216,0.24,-294,-0.33,22125.5,22.13,69
246,Exit long,2021-10-11 12:25,L-TP2,14772.75,2,59391,-300,-0.51,0,196,0.33,-300,-0.51,21825.5,21.83,44
246,Entry long,2021-10-11 08:45,ORB Long B (2c),14847.75,2,59391,-300,-0.51,0,196,0.33,-300,-0.51,21825.5,21.83,44
247,Exit short,2021-10-12 15:25,EOD Close,14590.75,3,88110,565.5,0.64,0,597,0.68,-286.5,-0.33,22391,22.39,80
247,Entry short,2021-10-12 08:45,ORB Short A (3c),14685,3,88110,565.5,0.64,0,597,0.68,-286.5,-0.33,22391,22.39,80
248,Exit short,2021-10-13 12:30,S-TP2,14753.5,2,58714,-300,-0.51,0,69,0.12,-300,-0.51,22091,22.09,40
248,Entry short,2021-10-13 09:10,ORB Short B (2c),14678.5,2,58714,-300,-0.51,0,69,0.12,-300,-0.51,22091,22.09,40
249,Exit long,2021-10-14 15:25,EOD Close,15063.5,2,59892,362,0.60,0,394,0.66,-30,-0.05,22453,22.45,77
249,Entry long,2021-10-14 09:00,ORB Long B (2c),14973,2,59892,362,0.60,0,394,0.66,-30,-0.05,22453,22.45,77
250,Exit long,2021-10-18 14:20,L-TP2,15283.75,3,90808.5,894,0.98,0,894,0.98,-79.5,-0.09,23347,23.35,67
250,Entry long,2021-10-18 08:45,ORB Long A+ (3c),15134.75,3,90808.5,894,0.98,0,894,0.98,-79.5,-0.09,23347,23.35,67
251,Exit long,2021-10-19 15:25,EOD Close,15423,4,122842,542,0.44,0,586,0.48,-350,-0.28,23889,23.89,79
251,Entry long,2021-10-19 08:50,ORB Long A (4c),15355.25,4,122842,542,0.44,0,586,0.48,-350,-0.28,23889,23.89,79
252,Exit short,2021-10-22 09:25,S-TP2,15458.25,3,92418,-331.5,-0.36,0,105,0.11,-331.5,-0.36,23557.5,23.56,8
252,Entry short,2021-10-22 08:45,ORB Short B (3c),15403,3,92418,-331.5,-0.36,0,105,0.11,-331.5,-0.36,23557.5,23.56,8
253,Exit long,2021-10-22 09:50,L-TP2,15404.5,3,92778,-351,-0.38,0,4.5,0.00,-351,-0.38,23206.5,23.21,5
253,Entry long,2021-10-22 09:25,ORB Long A (3c),15463,3,92778,-351,-0.38,0,4.5,0.00,-351,-0.38,23206.5,23.21,5
254,Exit short,2021-10-22 11:35,S-TP2,15333.75,2,61590,255,0.41,0,495,0.80,-69,-0.11,23461.5,23.46,21
254,Entry short,2021-10-22 09:50,ORB Short C (2c),15397.5,2,61590,255,0.41,0,495,0.80,-69,-0.11,23461.5,23.46,21
255,Exit long,2021-10-25 14:55,L-TP2,15482.75,2,61745,186,0.30,0,426,0.69,-9,-0.01,23647.5,23.65,48
255,Entry long,2021-10-25 10:55,ORB Long C+ (2c),15436.25,2,61745,186,0.30,0,426,0.69,-9,-0.01,23647.5,23.65,48
256,Exit long,2021-10-26 10:35,L-TP2,15599.5,2,62698,-300,-0.48,0,106,0.17,-300,-0.48,23347.5,23.35,17
256,Entry long,2021-10-26 09:10,ORB Long B (2c),15674.5,2,62698,-300,-0.48,0,106,0.17,-300,-0.48,23347.5,23.35,17
257,Exit long,2021-10-27 14:10,L-TP2,15657.25,3,93777,166.5,0.18,0,526.5,0.56,-405,-0.43,23514,23.51,65
257,Entry long,2021-10-27 08:45,ORB Long A+ (3c),15629.5,3,93777,166.5,0.18,0,526.5,0.56,-405,-0.43,23514,23.51,65
258,Exit long,2021-10-28 11:55,L-TP2,15693.75,2,62766,9,0.01,0,249,0.40,-142,-0.23,23523,23.52,34
258,Entry long,2021-10-28 09:05,ORB Long C+ (2c),15691.5,2,62766,9,0.01,0,249,0.40,-142,-0.23,23523,23.52,34
259,Exit long,2021-10-29 14:50,L-TP2,15833.75,3,94102.5,900,0.96,0,900,0.96,-99,-0.11,24423,24.42,72
259,Entry long,2021-10-29 08:50,ORB Long A (3c),15683.75,3,94102.5,900,0.96,0,900,0.96,-99,-0.11,24423,24.42,72
260,Exit short,2021-11-01 12:00,S-TP2,15868.5,2,63217,-257,-0.41,0,142,0.22,-257,-0.41,24166,24.17,39
260,Entry short,2021-11-01 08:45,ORB Short B (2c),15804.25,2,63217,-257,-0.41,0,142,0.22,-257,-0.41,24166,24.17,39
261,Exit long,2021-11-02 15:25,EOD Close,15959.75,3,95755.5,3,0.00,0,126,0.13,-390,-0.41,24169,24.17,80
261,Entry long,2021-11-02 08:45,ORB Long A (3c),15959.25,3,95755.5,3,0.00,0,126,0.13,-390,-0.41,24169,24.17,80
262,Exit long,2021-11-04 10:20,L-TP2,16271.5,3,97353,276,0.28,0,636,0.65,-33,-0.03,24445,24.45,19
262,Entry long,2021-11-04 08:45,ORB Long A (3c),16225.5,3,97353,276,0.28,0,636,0.65,-33,-0.03,24445,24.45,19
263,Exit short,2021-11-05 12:55,S-TP2,16352.25,2,65538,129,0.20,0,369,0.56,-49,-0.07,24574,24.57,14
263,Entry short,2021-11-05 11:45,ORB Short C (2c),16384.5,2,65538,129,0.20,0,369,0.56,-49,-0.07,24574,24.57,14
264,Exit short,2021-11-08 15:25,EOD Close,16321.25,2,65300,15,0.02,0,92,0.14,-231,-0.35,24589,24.59,77
264,Entry short,2021-11-08 09:00,ORB Short B (2c),16325,2,65300,15,0.02,0,92,0.14,-231,-0.35,24589,24.59,77
265,Exit long,2021-11-10 10:25,L-TP2,16159.5,3,96826.5,130.5,0.13,0,490.5,0.51,-148.5,-0.15,24719.5,24.72,20
265,Entry long,2021-11-10 08:45,ORB Long A (3c),16137.75,3,96826.5,130.5,0.13,0,490.5,0.51,-148.5,-0.15,24719.5,24.72,20
266,Exit long,2021-11-12 15:25,EOD Close,16207.25,2,64347,482,0.75,0,507,0.79,-17,-0.03,25201.5,25.20,68
266,Entry long,2021-11-12 09:45,ORB Long B (2c),16086.75,2,64347,482,0.75,0,507,0.79,-17,-0.03,25201.5,25.20,68
267,Exit long,2021-11-16 15:25,EOD Close,16299,3,97531.5,262.5,0.27,0,411,0.42,-58.5,-0.06,25464,25.46,65
267,Entry long,2021-11-16 10:00,ORB Long B+ (3c),16255.25,3,97531.5,262.5,0.27,0,411,0.42,-58.5,-0.06,25464,25.46,65
268,Exit long,2021-11-18 09:10,L-TP2,16353.5,3,98473.5,-352.5,-0.36,0,40.5,0.04,-352.5,-0.36,25111.5,25.11,5
268,Entry long,2021-11-18 08:45,ORB Long A (3c),16412.25,3,98473.5,-352.5,-0.36,0,40.5,0.04,-352.5,-0.36,25111.5,25.11,5
269,Exit long,2021-11-18 15:25,EOD Close,16489.25,3,98583,352.5,0.36,0,438,0.44,-142.5,-0.14,25464,25.46,59
269,Entry long,2021-11-18 10:30,ORB Long B+ (3c),16430.5,3,98583,352.5,0.36,0,438,0.44,-142.5,-0.14,25464,25.46,59
270,Exit long,2021-11-19 15:25,EOD Close,16580.75,3,99480,4.5,0.00,0,291,0.29,-277.5,-0.28,25468.5,25.47,80
270,Entry long,2021-11-19 08:45,ORB Long A (3c),16580,3,99480,4.5,0.00,0,291,0.29,-277.5,-0.28,25468.5,25.47,80
271,Exit long,2021-11-22 10:05,L-TP2,16655,3,100380,-450,-0.45,0,225,0.22,-450,-0.45,25018.5,25.02,16
271,Entry long,2021-11-22 08:45,ORB Long A (3c),16730,3,100380,-450,-0.45,0,225,0.22,-450,-0.45,25018.5,25.02,16
272,Exit long,2021-11-23 09:05,L-TP2,16328,3,98418,-450,-0.46,0,94.5,0.10,-450,-0.46,24568.5,24.57,4
272,Entry long,2021-11-23 08:45,ORB Long B+ (3c),16403,3,98418,-450,-0.46,0,94.5,0.10,-450,-0.46,24568.5,24.57,4
273,Exit long,2021-11-24 11:20,L-TP2,16277.75,3,97350,316.5,0.33,0,676.5,0.69,-408,-0.42,24885,24.89,28
273,Entry long,2021-11-24 09:00,ORB Long B+ (3c),16225,3,97350,316.5,0.33,0,676.5,0.69,-408,-0.42,24885,24.89,28
274,Exit long,2021-11-29 14:15,L-TP2,16432.25,3,97788,805.5,0.82,0,805.5,0.82,-432,-0.44,25690.5,25.69,64
274,Entry long,2021-11-29 08:55,ORB Long A+ (3c),16298,3,97788,805.5,0.82,0,805.5,0.82,-432,-0.44,25690.5,25.69,64
275,Exit long,2021-11-30 09:45,L-TP2,16318.75,3,98337,-424.5,-0.43,0,402,0.41,-424.5,-0.43,25266,25.27,11
275,Entry long,2021-11-30 08:50,ORB Long A (3c),16389.5,3,98337,-424.5,-0.43,0,402,0.41,-424.5,-0.43,25266,25.27,11
276,Exit long,2021-12-01 09:40,L-TP2,16296.5,3,98229,-450,-0.46,0,36,0.04,-450,-0.46,24816,24.82,7
276,Entry long,2021-12-01 09:05,ORB Long B+ (3c),16371.5,3,98229,-450,-0.46,0,36,0.04,-450,-0.46,24816,24.82,7
277,Exit long,2021-12-01 10:55,L-TP2,16367.75,2,65427,44,0.07,0,284,0.43,-39,-0.06,24860,24.86,14
277,Entry long,2021-12-01 09:45,ORB Long B (2c),16356.75,2,65427,44,0.07,0,284,0.43,-39,-0.06,24860,24.86,14
278,Exit long,2021-12-01 11:50,L-TP2,16287.75,3,98176.5,-450,-0.46,0,76.5,0.08,-450,-0.46,24410,24.41,10
278,Entry long,2021-12-01 11:00,ORB Long B+ (3c),16362.75,3,98176.5,-450,-0.46,0,76.5,0.08,-450,-0.46,24410,24.41,10
279,Exit short,2021-12-03 09:00,S-TP2,15779.5,3,95502,825,0.86,0,825,0.86,-165,-0.17,25235,25.24,3
279,Entry short,2021-12-03 08:45,ORB Short A (3c),15917,3,95502,825,0.86,0,825,0.86,-165,-0.17,25235,25.24,3
280,Exit long,2021-12-08 15:25,EOD Close,16383.5,2,65342,192,0.29,0,248,0.38,-94,-0.14,25427,25.43,45
280,Entry long,2021-12-08 11:40,ORB Long B (2c),16335.5,2,65342,192,0.29,0,248,0.38,-94,-0.14,25427,25.43,45
281,Exit short,2021-12-13 10:50,S-TP2,16114,2,65041,585,0.90,0,585,0.90,-207,-0.32,26012,26.01,24
281,Entry short,2021-12-13 08:50,ORB Short B (2c),16260.25,2,65041,585,0.90,0,585,0.90,-207,-0.32,26012,26.01,24
282,Exit short,2021-12-15 11:30,S-TP2,15800.25,2,63325,124,0.20,0,364,0.57,-315,-0.50,26136,26.14,33
282,Entry short,2021-12-15 08:45,ORB Short A (2c),15831.25,2,63325,124,0.20,0,364,0.57,-315,-0.50,26136,26.14,33
283,Exit short,2021-12-20 13:15,S-TP2,15612.25,2,62072,-377,-0.61,0,105,0.17,-377,-0.61,25759,25.76,39
283,Entry short,2021-12-20 10:00,ORB Short B+ (2c),15518,2,62072,-377,-0.61,0,105,0.17,-377,-0.61,25759,25.76,39
284,Exit short,2021-12-21 10:40,S-TP2,15778.75,2,62740,-375,-0.60,0,319,0.51,-375,-0.60,25384,25.38,23
284,Entry short,2021-12-21 08:45,ORB Short A (2c),15685,2,62740,-375,-0.60,0,319,0.51,-375,-0.60,25384,25.38,23
285,Exit long,2021-12-27 15:25,EOD Close,16572,2,65830,458,0.70,0,466,0.71,-25,-0.04,25842,25.84,77
285,Entry long,2021-12-27 09:00,ORB Long A (2c),16457.5,2,65830,458,0.70,0,466,0.71,-25,-0.04,25842,25.84,77
286,Exit short,2021-12-28 15:25,EOD Close,16521,2,66080,-4,-0.01,0,267,0.40,-259,-0.39,25838,25.84,76
286,Entry short,2021-12-28 09:05,ORB Short B (2c),16520,2,66080,-4,-0.01,0,267,0.40,-259,-0.39,25838,25.84,76
287,Exit long,2021-12-30 14:40,L-TP2,16461,3,99229.5,-463.5,-0.47,0,175.5,0.18,-463.5,-0.47,25374.5,25.37,67
287,Entry long,2021-12-30 09:05,ORB Long A (3c),16538.25,3,99229.5,-463.5,-0.47,0,175.5,0.18,-463.5,-0.47,25374.5,25.37,67
288,Exit short,2022-01-06 09:15,S-TP2,15716.25,2,62565,-300,-0.48,0,171,0.27,-300,-0.48,25074.5,25.07,3
288,Entry short,2022-01-06 09:00,ORB Short B (2c),15641.25,2,62565,-300,-0.48,0,171,0.27,-300,-0.48,25074.5,25.07,3
289,Exit short,2022-01-07 10:00,S-TP2,15570.25,3,93942,520.5,0.55,0,880.5,0.94,-183,-0.19,25595,25.60,8
289,Entry short,2022-01-07 09:20,ORB Short B+ (3c),15657,3,93942,520.5,0.55,0,880.5,0.94,-183,-0.19,25595,25.60,8
290,Exit short,2022-01-10 10:00,S-TP2,15212.5,3,91734,459,0.50,0,819,0.89,-24,-0.03,26054,26.05,14
290,Entry short,2022-01-10 08:50,ORB Short A+ (3c),15289,3,91734,459,0.50,0,819,0.89,-24,-0.03,26054,26.05,14
291,Exit short,2022-01-10 11:50,S-TP2,15263.5,3,91668,87,0.09,0,447,0.49,-159,-0.17,26141,26.14,15
291,Entry short,2022-01-10 10:35,ORB Short A (3c),15278,3,91668,87,0.09,0,447,0.49,-159,-0.17,26141,26.14,15
292,Exit short,2022-01-10 12:20,S-TP2,15352.5,3,91665,-450,-0.49,0,58.5,0.06,-450,-0.49,25691,25.69,5
292,Entry short,2022-01-10 11:55,ORB Short A (3c),15277.5,3,91665,-450,-0.49,0,58.5,0.06,-450,-0.49,25691,25.69,5
293,Exit short,2022-01-12 10:20,S-TP2,15857.25,2,63544,115,0.18,0,355,0.56,-83,-0.13,25806,25.81,9
293,Entry short,2022-01-12 09:35,ORB Short B (2c),15886,2,63544,115,0.18,0,355,0.56,-83,-0.13,25806,25.81,9
294,Exit short,2022-01-12 15:25,EOD Close,15912.5,2,63572,-78,-0.12,0,146,0.23,-240,-0.38,25728,25.73,57
294,Entry short,2022-01-12 10:40,ORB Short B (2c),15893,2,63572,-78,-0.12,0,146,0.23,-240,-0.38,25728,25.73,57
295,Exit short,2022-01-13 09:40,S-TP2,15800.5,2,63626,424,0.67,0,424,0.67,-33,-0.05,26152,26.15,8
295,Entry short,2022-01-13 09:00,ORB Short B (2c),15906.5,2,63626,424,0.67,0,424,0.67,-33,-0.05,26152,26.15,8
296,Exit short,2022-01-18 10:50,S-TP2,15341.25,3,91597.5,-450,-0.49,0,19.5,0.02,-450,-0.49,25702,25.70,4
296,Entry short,2022-01-18 10:30,ORB Short B+ (3c),15266.25,3,91597.5,-450,-0.49,0,19.5,0.02,-450,-0.49,25702,25.70,4
297,Exit short,2022-01-18 15:25,EOD Close,15225.75,3,91620,265.5,0.29,0,595.5,0.65,-355.5,-0.39,25967.5,25.97,46
297,Entry short,2022-01-18 11:35,ORB Short B+ (3c),15270,3,91620,265.5,0.29,0,595.5,0.65,-355.5,-0.39,25967.5,25.97,46
298,Exit long,2022-01-19 09:30,L-TP2,15265.25,2,61372,-311,-0.51,0,117,0.19,-311,-0.51,25656.5,25.66,8
298,Entry long,2022-01-19 08:50,ORB Long B (2c),15343,2,61372,-311,-0.51,0,117,0.19,-311,-0.51,25656.5,25.66,8
299,Exit short,2022-01-19 10:30,S-TP2,15164.75,3,91281,292.5,0.32,0,652.5,0.71,-81,-0.09,25949,25.95,11
299,Entry short,2022-01-19 09:35,ORB Short A (3c),15213.5,3,91281,292.5,0.32,0,652.5,0.71,-81,-0.09,25949,25.95,11
300,Exit short,2022-01-21 09:25,S-TP2,14592.25,2,58629,260,0.44,0,500,0.85,-118,-0.20,26209,26.21,7
300,Entry short,2022-01-21 08:50,ORB Short A (2c),14657.25,2,58629,260,0.44,0,500,0.85,-118,-0.20,26209,26.21,7
301,Exit short,2022-01-21 13:40,S-TP2,14600.25,2,58640,239,0.41,0,479,0.82,-331,-0.56,26448,26.45,34
301,Entry short,2022-01-21 10:50,ORB Short B+ (2c),14660,2,58640,239,0.41,0,479,0.82,-331,-0.56,26448,26.45,34
302,Exit short,2022-01-24 09:10,S-TP2,14069,2,56386,110,0.20,0,441,0.78,-287,-0.51,26558,26.56,3
302,Entry short,2022-01-24 08:55,ORB Short A (2c),14096.5,2,56386,110,0.20,0,441,0.78,-287,-0.51,26558,26.56,3
303,Exit short,2022-01-24 09:50,S-TP2,14075.25,2,56439,138,0.24,0,378,0.67,-149,-0.26,26696,26.70,3
303,Entry short,2022-01-24 09:35,ORB Short B (2c),14109.75,2,56439,138,0.24,0,378,0.67,-149,-0.26,26696,26.70,3
304,Exit short,2022-01-24 10:40,S-TP2,13916.25,2,56360,695,1.23,0,695,1.23,-2,0.00,27391,27.39,9
304,Entry short,2022-01-24 09:55,ORB Short B (2c),14090,2,56360,695,1.23,0,695,1.23,-2,0.00,27391,27.39,9
305,Exit short,2022-01-25 10:15,S-TP2,14148.25,2,56735,142,0.25,0,480,0.85,-237,-0.42,27533,27.53,9
305,Entry short,2022-01-25 09:30,ORB Short A (2c),14183.75,2,56735,142,0.25,0,480,0.85,-237,-0.42,27533,27.53,9
306,Exit short,2022-01-26 10:20,S-TP2,14456,2,57390,-434,-0.76,0,87,0.15,-434,-0.76,27099,27.10,8
306,Entry short,2022-01-26 09:40,ORB Short B (2c),14347.5,2,57390,-434,-0.76,0,87,0.15,-434,-0.76,27099,27.10,8
307,Exit short,2022-02-01 10:00,S-TP2,14878,2,59029,-483,-0.82,0,112,0.19,-483,-0.82,26616,26.62,12
307,Entry short,2022-02-01 09:00,ORB Short A+ (2c),14757.25,2,59029,-483,-0.82,0,112,0.19,-483,-0.82,26616,26.62,12
308,Exit short,2022-02-03 14:55,S-TP2,14516.5,2,58666,600,1.02,0,840,1.43,-184,-0.31,27216,27.22,48
308,Entry short,2022-02-03 10:55,ORB Short B+ (2c),14666.5,2,58666,600,1.02,0,840,1.43,-184,-0.31,27216,27.22,48
309,Exit short,2022-02-07 15:00,S-TP2,14571.25,2,58638,353,0.60,0,593,1.01,-270,-0.46,27569,27.57,56
309,Entry short,2022-02-07 10:20,ORB Short B (2c),14659.5,2,58638,353,0.60,0,593,1.01,-270,-0.46,27569,27.57,56
310,Exit short,2022-02-08 09:45,S-TP2,14588.25,2,57918,-435,-0.75,0,47,0.08,-435,-0.75,27134,27.13,9
310,Entry short,2022-02-08 09:00,ORB Short A (2c),14479.5,2,57918,-435,-0.75,0,47,0.08,-435,-0.75,27134,27.13,9
311,Exit short,2022-02-11 11:10,S-TP2,14585,2,58556,216,0.37,0,456,0.78,-343,-0.59,27350,27.35,27
311,Entry short,2022-02-11 08:55,ORB Short A+ (2c),14639,2,58556,216,0.37,0,456,0.78,-343,-0.59,27350,27.35,27
312,Exit short,2022-02-15 12:20,S-TP2,14522.25,2,57732,-357,-0.62,0,9,0.02,-357,-0.62,26993,26.99,7
312,Entry short,2022-02-15 11:45,ORB Short B+ (2c),14433,2,57732,-357,-0.62,0,9,0.02,-357,-0.62,26993,26.99,7
313,Exit short,2022-02-16 13:00,S-TP2,14504.5,2,57596,-422,-0.73,0,56,0.10,-422,-0.73,26571,26.57,50
313,Entry short,2022-02-16 08:50,ORB Short A (2c),14399,2,57596,-422,-0.73,0,56,0.10,-422,-0.73,26571,26.57,50
314,Exit short,2022-02-17 09:50,S-TP2,14325.25,2,57720,419,0.73,0,419,0.73,-6,-0.01,26990,26.99,13
314,Entry short,2022-02-17 08:45,ORB Short B (2c),14430,2,57720,419,0.73,0,419,0.73,-6,-0.01,26990,26.99,13
315,Exit short,2022-02-18 11:10,S-TP2,14021.5,2,56264,178,0.32,0,418,0.74,-40,-0.07,27168,27.17,20
315,Entry short,2022-02-18 09:30,ORB Short B (2c),14066,2,56264,178,0.32,0,418,0.74,-40,-0.07,27168,27.17,20
316,Exit short,2022-02-21 11:45,EOD Close (Early/Half-Day),13752.25,2,55208,199,0.36,0,215,0.39,-97,-0.18,27367,27.37,24
316,Entry short,2022-02-21 09:45,ORB Short B+ (2c),13802,2,55208,199,0.36,0,215,0.39,-97,-0.18,27367,27.37,24
317,Exit short,2022-02-22 13:15,S-TP2,13770.5,2,55412,330,0.60,0,570,1.03,-221,-0.40,27697,27.70,29
317,Entry short,2022-02-22 10:50,ORB Short B+ (2c),13853,2,55412,330,0.60,0,570,1.03,-221,-0.40,27697,27.70,29
318,Exit short,2022-02-23 09:40,S-TP2,13778.25,2,55587,474,0.85,0,474,0.85,-118,-0.21,28171,28.17,10
318,Entry short,2022-02-23 08:50,ORB Short A+ (2c),13896.75,2,55587,474,0.85,0,474,0.85,-118,-0.21,28171,28.17,10
319,Exit short,2022-02-25 09:20,S-TP2,13973.75,2,55470,-425,-0.77,0,142,0.26,-425,-0.77,27746,27.75,5
319,Entry short,2022-02-25 08:55,ORB Short A (2c),13867.5,2,55470,-425,-0.77,0,142,0.26,-425,-0.77,27746,27.75,5
320,Exit short,2022-03-01 11:15,S-TP2,14058,2,56606,374,0.66,0,614,1.08,-238,-0.42,28120,28.12,16
320,Entry short,2022-03-01 09:55,ORB Short B (2c),14151.5,2,56606,374,0.66,0,614,1.08,-238,-0.42,28120,28.12,16
321,Exit short,2022-03-02 09:25,S-TP2,14103.75,2,55963,-452,-0.81,0,160,0.29,-452,-0.81,27668,27.67,4
321,Entry short,2022-03-02 09:05,ORB Short B+ (2c),13990.75,2,55963,-452,-0.81,0,160,0.29,-452,-0.81,27668,27.67,4
322,Exit short,2022-03-03 10:15,S-TP2,14040,2,56972,812,1.43,0,812,1.43,-185,-0.32,28480,28.48,18
322,Entry short,2022-03-03 08:45,ORB Short B+ (2c),14243,2,56972,812,1.43,0,812,1.43,-185,-0.32,28480,28.48,18
323,Exit short,2022-03-04 15:25,EOD Close,13808,2,55374,142,0.26,0,440,0.79,-430,-0.78,28622,28.62,80
323,Entry short,2022-03-04 08:45,ORB Short A (2c),13843.5,2,55374,142,0.26,0,440,0.79,-430,-0.78,28622,28.62,80
324,Exit short,2022-03-08 09:50,S-TP2,13297,2,52732,-456,-0.86,0,236,0.45,-456,-0.86,28166,28.17,10
324,Entry short,2022-03-08 09:00,ORB Short A (2c),13183,2,52732,-456,-0.86,0,236,0.45,-456,-0.86,28166,28.17,10
325,Exit short,2022-03-08 11:05,S-TP2,13323,2,52836,-456,-0.86,0,360,0.68,-456,-0.86,27710,27.71,9
325,Entry short,2022-03-08 10:20,ORB Short B+ (2c),13209,2,52836,-456,-0.86,0,360,0.68,-456,-0.86,27710,27.71,9
326,Exit short,2022-03-10 13:00,S-TP2,13579,2,53901,-415,-0.77,0,316,0.59,-415,-0.77,27295,27.30,42
326,Entry short,2022-03-10 09:30,ORB Short B (2c),13475.25,2,53901,-415,-0.77,0,316,0.59,-415,-0.77,27295,27.30,42
327,Exit short,2022-03-11 10:45,S-TP2,13472.75,2,54407,516,0.95,0,756,1.39,-22,-0.04,27811,27.81,23
327,Entry short,2022-03-11 08:50,ORB Short A+ (2c),13601.75,2,54407,516,0.95,0,756,1.39,-22,-0.04,27811,27.81,23
328,Exit short,2022-03-14 12:50,S-TP2,13081.75,2,52802,475,0.90,0,715,1.35,-12,-0.02,28286,28.29,26
328,Entry short,2022-03-14 10:40,ORB Short A (2c),13200.5,2,52802,475,0.90,0,715,1.35,-12,-0.02,28286,28.29,26
329,Exit long,2022-03-15 10:50,L-TP2,13344.5,2,52867,511,0.97,0,751,1.42,-224,-0.42,28797,28.80,22
329,Entry long,2022-03-15 09:00,ORB Long B (2c),13216.75,2,52867,511,0.97,0,751,1.42,-224,-0.42,28797,28.80,22
330,Exit long,2022-03-17 09:15,L-TP2,13953,2,55658,154,0.28,0,394,0.71,-5,-0.01,28951,28.95,5
330,Entry long,2022-03-17 08:50,ORB Long B (2c),13914.5,2,55658,154,0.28,0,394,0.71,-5,-0.01,28951,28.95,5
331,Exit long,2022-03-17 12:50,L-TP2,14083.75,2,55685,650,1.17,0,650,1.17,-69,-0.12,29601,29.60,24
331,Entry long,2022-03-17 10:50,ORB Long B (2c),13921.25,2,55685,650,1.17,0,650,1.17,-69,-0.12,29601,29.60,24
332,Exit long,2022-03-18 09:30,L-TP2,14186,2,56428,316,0.56,0,556,0.99,-62,-0.11,29917,29.92,9
332,Entry long,2022-03-18 08:45,ORB Long B (2c),14107,2,56428,316,0.56,0,556,0.99,-62,-0.11,29917,29.92,9
333,Exit short,2022-03-21 12:30,S-TP2,14243.75,2,57307,332,0.58,0,572,1.00,-88,-0.15,30249,30.25,12
333,Entry short,2022-03-21 11:30,ORB Short B (2c),14326.75,2,57307,332,0.58,0,572,1.00,-88,-0.15,30249,30.25,12
334,Exit long,2022-03-22 10:55,L-TP2,14624.25,2,58123,374,0.64,0,614,1.06,-49,-0.08,30623,30.62,23
334,Entry long,2022-03-22 09:00,ORB Long A (2c),14530.75,2,58123,374,0.64,0,614,1.06,-49,-0.08,30623,30.62,23
335,Exit long,2022-03-23 11:05,L-TP2,14622.75,2,58254,237,0.41,0,477,0.82,-143,-0.25,30860,30.86,23
335,Entry long,2022-03-23 09:10,ORB Long B+ (2c),14563.5,2,58254,237,0.41,0,477,0.82,-143,-0.25,30860,30.86,23
336,Exit long,2022-03-24 11:00,L-TP2,14604,2,58253,163,0.28,0,403,0.69,-52,-0.09,31023,31.02,10
336,Entry long,2022-03-24 10:10,ORB Long B+ (2c),14563.25,2,58253,163,0.28,0,403,0.69,-52,-0.09,31023,31.02,10
337,Exit long,2022-03-25 10:00,L-TP2,14713.75,2,59171,-316,-0.53,0,59,0.10,-316,-0.53,30707,30.71,4
337,Entry long,2022-03-25 09:40,ORB Long B (2c),14792.75,2,59171,-316,-0.53,0,59,0.10,-316,-0.53,30707,30.71,4
338,Exit long,2022-03-28 09:20,L-TP2,14788.25,2,59552,-399,-0.67,0,10,0.02,-399,-0.67,30308,30.31,5
338,Entry long,2022-03-28 08:55,ORB Long A (2c),14888,2,59552,-399,-0.67,0,10,0.02,-399,-0.67,30308,30.31,5
339,Exit long,2022-03-30 10:00,L-TP2,15141.5,3,91216.5,-367.5,-0.40,0,193.5,0.21,-367.5,-0.40,29940.5,29.94,15
339,Entry long,2022-03-30 08:45,ORB Long B+ (3c),15202.75,3,91216.5,-367.5,-0.40,0,193.5,0.21,-367.5,-0.40,29940.5,29.94,15
340,Exit long,2022-04-04 13:05,L-TP2,15071,2,60020,264,0.44,0,504,0.84,0,0.00,30204.5,30.20,52
340,Entry long,2022-04-04 08:45,ORB Long B+ (2c),15005,2,60020,264,0.44,0,504,0.84,0,0.00,30204.5,30.20,52
341,Exit short,2022-04-11 15:25,EOD Close,13995.5,2,56319,337,0.60,0,381,0.68,-207,-0.37,30541.5,30.54,72
341,Entry short,2022-04-11 09:25,ORB Short B (2c),14079.75,2,56319,337,0.60,0,381,0.68,-207,-0.37,30541.5,30.54,72
342,Exit short,2022-04-12 10:25,S-TP2,14183.75,3,84648,-454.5,-0.54,0,150,0.18,-454.5,-0.54,30087,30.09,8
342,Entry short,2022-04-12 09:45,ORB Short B+ (3c),14108,3,84648,-454.5,-0.54,0,150,0.18,-454.5,-0.54,30087,30.09,8
343,Exit short,2022-04-12 13:20,S-TP2,13942.75,3,84670.5,1014,1.20,0,1014,1.20,-276,-0.33,31101,31.10,26
343,Entry short,2022-04-12 11:10,ORB Short B+ (3c),14111.75,3,84670.5,1014,1.20,0,1014,1.20,-276,-0.33,31101,31.10,26
344,Exit long,2022-04-13 12:45,L-TP2,14148,2,56189,403,0.72,0,643,1.14,-215,-0.38,31504,31.50,48
344,Entry long,2022-04-13 08:45,ORB Long B (2c),14047.25,2,56189,403,0.72,0,643,1.14,-215,-0.38,31504,31.50,48
345,Exit short,2022-04-14 10:20,S-TP2,14075.5,3,84693,240,0.28,0,600,0.71,-153,-0.18,31744,31.74,18
345,Entry short,2022-04-14 08:50,ORB Short A (3c),14115.5,3,84693,240,0.28,0,600,0.71,-153,-0.18,31744,31.74,18
346,Exit short,2022-04-18 12:30,S-TP2,13922.5,2,55365,-325,-0.59,0,221,0.40,-325,-0.59,31419,31.42,21
346,Entry short,2022-04-18 10:45,ORB Short B+ (2c),13841.25,2,55365,-325,-0.59,0,221,0.40,-325,-0.59,31419,31.42,21
347,Exit long,2022-04-19 09:10,L-TP2,14083.75,2,55723,612,1.10,0,612,1.10,-82,-0.15,32031,32.03,5
347,Entry long,2022-04-19 08:45,ORB Long B (2c),13930.75,2,55723,612,1.10,0,612,1.10,-82,-0.15,32031,32.03,5
348,Exit short,2022-04-20 11:35,S-TP2,14039.5,2,56475,317,0.56,0,557,0.99,-120,-0.21,32348,32.35,34
348,Entry short,2022-04-20 08:45,ORB Short A (2c),14118.75,2,56475,317,0.56,0,557,0.99,-120,-0.21,32348,32.35,34
349,Exit short,2022-04-21 10:55,S-TP2,13974.5,2,56591,693,1.22,0,693,1.22,-179,-0.32,33041,33.04,21
349,Entry short,2022-04-21 09:10,ORB Short A (2c),14147.75,2,56591,693,1.22,0,693,1.22,-179,-0.32,33041,33.04,21
350,Exit short,2022-04-22 11:35,S-TP2,13545.5,2,54429,247,0.45,0,487,0.89,-261,-0.48,33288,33.29,27
350,Entry short,2022-04-22 09:20,ORB Short B (2c),13607.25,2,54429,247,0.45,0,487,0.89,-261,-0.48,33288,33.29,27
351,Exit short,2022-04-25 09:10,S-TP2,13342.25,2,53001,-368,-0.69,0,20,0.04,-368,-0.69,32920,32.92,3
351,Entry short,2022-04-25 08:55,ORB Short A (2c),13250.25,2,53001,-368,-0.69,0,20,0.04,-368,-0.69,32920,32.92,3
352,Exit short,2022-04-25 11:10,S-TP2,13337.75,2,52983,-368,-0.69,0,21,0.04,-368,-0.69,32552,32.55,5
352,Entry short,2022-04-25 10:45,ORB Short B+ (2c),13245.75,2,52983,-368,-0.69,0,21,0.04,-368,-0.69,32552,32.55,5
353,Exit short,2022-04-26 09:45,S-TP2,13197.25,2,53249,460,0.86,0,700,1.31,-43,-0.08,33012,33.01,12
353,Entry short,2022-04-26 08:45,ORB Short A+ (2c),13312.25,2,53249,460,0.86,0,700,1.31,-43,-0.08,33012,33.01,12
354,Exit short,2022-04-27 09:45,S-TP2,13103.5,2,52022,-392,-0.75,0,300,0.58,-392,-0.75,32620,32.62,7
354,Entry short,2022-04-27 09:10,ORB Short B+ (2c),13005.5,2,52022,-392,-0.75,0,300,0.58,-392,-0.75,32620,32.62,7
355,Exit short,2022-04-28 09:20,S-TP2,13186.5,2,52359,-387,-0.74,0,71,0.14,-387,-0.74,32233,32.23,4
355,Entry short,2022-04-28 09:00,ORB Short A+ (2c),13089.75,2,52359,-387,-0.74,0,71,0.14,-387,-0.74,32233,32.23,4
356,Exit short,2022-04-29 12:25,S-TP2,13119.25,2,52885,408,0.77,0,648,1.23,-144,-0.27,32641,32.64,34
356,Entry short,2022-04-29 09:35,ORB Short A (2c),13221.25,2,52885,408,0.77,0,648,1.23,-144,-0.27,32641,32.64,34
357,Exit short,2022-05-04 09:10,S-TP2,12960.25,2,52170,329,0.63,0,329,0.63,-56,-0.11,32970,32.97,4
357,Entry short,2022-05-04 08:50,ORB Short B (2c),13042.5,2,52170,329,0.63,0,329,0.63,-56,-0.11,32970,32.97,4
358,Exit short,2022-05-05 09:10,S-TP2,13065,2,52885,625,1.18,0,625,1.18,-35,-0.07,33595,33.60,5
358,Entry short,2022-05-05 08:45,ORB Short B+ (2c),13221.25,2,52885,625,1.18,0,625,1.18,-35,-0.07,33595,33.60,5
359,Exit short,2022-05-06 09:05,S-TP2,12656.25,2,50169,-456,-0.91,0,92,0.18,-456,-0.91,33139,33.14,3
359,Entry short,2022-05-06 08:50,ORB Short A (2c),12542.25,2,50169,-456,-0.91,0,92,0.18,-456,-0.91,33139,33.14,3
360,Exit short,2022-05-09 10:35,S-TP2,12298.25,2,49491,298,0.60,0,538,1.09,-290,-0.59,33437,33.44,18
360,Entry short,2022-05-09 09:05,ORB Short B (2c),12372.75,2,49491,298,0.60,0,538,1.09,-290,-0.59,33437,33.44,18
361,Exit short,2022-05-10 09:00,S-TP2,12467.25,2,49394,-475,-0.96,0,21,0.04,-475,-0.96,32962,32.96,3
361,Entry short,2022-05-10 08:45,ORB Short A (2c),12348.5,2,49394,-475,-0.96,0,21,0.04,-475,-0.96,32962,32.96,3
362,Exit short,2022-05-10 10:15,S-TP2,12231.75,2,49480,553,1.12,0,793,1.60,-8,-0.02,33515,33.52,8
362,Entry short,2022-05-10 09:35,ORB Short B (2c),12370,2,49480,553,1.12,0,793,1.60,-8,-0.02,33515,33.52,8
363,Exit short,2022-05-11 13:00,S-TP2,12062.25,2,48543,294,0.61,0,534,1.10,-29,-0.06,33809,33.81,13
363,Entry short,2022-05-11 11:55,ORB Short B+ (2c),12135.75,2,48543,294,0.61,0,534,1.10,-29,-0.06,33809,33.81,13
364,Exit short,2022-05-16 09:15,S-TP2,12353,2,48921,-491,-1.00,0,108,0.22,-491,-1.00,33318,33.32,6
364,Entry short,2022-05-16 08:45,ORB Short B+ (2c),12230.25,2,48921,-491,-1.00,0,108,0.22,-491,-1.00,33318,33.32,6
365,Exit short,2022-05-16 10:55,S-TP2,12330.75,2,48832,-491,-1.01,0,73,0.15,-491,-1.01,32827,32.83,12
365,Entry short,2022-05-16 09:55,ORB Short B (2c),12208,2,48832,-491,-1.01,0,73,0.15,-491,-1.01,32827,32.83,12
366,Exit short,2022-05-17 10:05,S-TP2,12392,2,49721,153,0.31,0,393,0.79,-148,-0.30,32980,32.98,12
366,Entry short,2022-05-17 09:05,ORB Short B (2c),12430.25,2,49721,153,0.31,0,393,0.79,-148,-0.30,32980,32.98,12
367,Exit short,2022-05-18 10:25,S-TP2,12140.75,2,49195,632,1.28,0,632,1.28,-247,-0.50,33612,33.61,18
367,Entry short,2022-05-18 08:55,ORB Short B+ (2c),12298.75,2,49195,632,1.28,0,632,1.28,-247,-0.50,33612,33.61,18
368,Exit short,2022-05-19 12:55,S-TP2,11978.5,2,47444,-470,-0.99,0,20,0.04,-470,-0.99,33142,33.14,2
368,Entry short,2022-05-19 12:45,ORB Short A (2c),11861,2,47444,-470,-0.99,0,20,0.04,-470,-0.99,33142,33.14,2
369,Exit short,2022-05-20 10:10,S-TP2,11746.25,2,47624,639,1.34,0,639,1.34,-190,-0.40,33781,33.78,13
369,Entry short,2022-05-20 09:05,ORB Short A+ (2c),11906,2,47624,639,1.34,0,639,1.34,-190,-0.40,33781,33.78,13
370,Exit short,2022-05-23 09:30,S-TP2,11921.75,2,47219,-468,-0.99,0,67,0.14,-468,-0.99,33313,33.31,6
370,Entry short,2022-05-23 09:00,ORB Short A (2c),11804.75,2,47219,-468,-0.99,0,67,0.14,-468,-0.99,33313,33.31,6
371,Exit short,2022-05-24 09:20,S-TP2,11636.25,2,46860,315,0.67,0,555,1.18,-158,-0.34,33628,33.63,7
371,Entry short,2022-05-24 08:45,ORB Short A+ (2c),11715,2,46860,315,0.67,0,555,1.18,-158,-0.34,33628,33.63,7
372,Exit long,2022-05-31 15:25,EOD Close,12656,1,25396,-84,-0.33,0,140.5,0.55,-192.5,-0.76,33544,33.54,55
372,Entry long,2022-05-31 10:50,ORB Long C (1c),12698,1,25396,-84,-0.33,0,140.5,0.55,-192.5,-0.76,33544,33.54,55
373,Exit long,2022-06-01 09:05,L-TP2,12731,2,51260,-336,-0.66,0,33,0.06,-336,-0.66,33208,33.21,3
373,Entry long,2022-06-01 08:50,ORB Long A (2c),12815,2,51260,-336,-0.66,0,33,0.06,-336,-0.66,33208,33.21,3
374,Exit long,2022-06-02 11:20,L-TP2,12742.5,2,50272,698,1.39,0,698,1.39,-318,-0.63,33906,33.91,31
374,Entry long,2022-06-02 08:45,ORB Long A+ (2c),12568,2,50272,698,1.39,0,698,1.39,-318,-0.63,33906,33.91,31
375,Exit short,2022-06-03 15:25,EOD Close,12555,1,25161,51,0.20,0,155,0.62,-132.5,-0.53,33957,33.96,70
375,Entry short,2022-06-03 09:35,ORB Short C+ (1c),12580.5,1,25161,51,0.20,0,155,0.62,-132.5,-0.53,33957,33.96,70
376,Exit long,2022-06-06 10:10,L-TP2,12692.5,2,51157,-387,-0.76,0,85,0.17,-387,-0.76,33570,33.57,14
376,Entry long,2022-06-06 09:00,ORB Long A (2c),12789.25,2,51157,-387,-0.76,0,85,0.17,-387,-0.76,33570,33.57,14
377,Exit long,2022-06-08 11:30,L-TP2,12654.5,2,51020,-402,-0.79,0,114,0.22,-402,-0.79,33168,33.17,33
377,Entry long,2022-06-08 08:45,ORB Long A+ (2c),12755,2,51020,-402,-0.79,0,114,0.22,-402,-0.79,33168,33.17,33
378,Exit short,2022-06-08 15:25,EOD Close,12619,1,25254,16,0.06,0,96,0.38,-62.5,-0.25,33184,33.18,46
378,Entry short,2022-06-08 11:35,ORB Short C (1c),12627,1,25254,16,0.06,0,96,0.38,-62.5,-0.25,33184,33.18,46
379,Exit long,2022-06-09 10:05,L-TP2,12540,2,50527,-367,-0.73,0,166,0.33,-367,-0.73,32817,32.82,15
379,Entry long,2022-06-09 08:50,ORB Long A+ (2c),12631.75,2,50527,-367,-0.73,0,166,0.33,-367,-0.73,32817,32.82,15
380,Exit short,2022-06-10 09:40,S-TP2,11912.5,2,47870,220,0.46,0,460,0.96,-45,-0.09,33037,33.04,10
380,Entry short,2022-06-10 08:50,ORB Short B+ (2c),11967.5,2,47870,220,0.46,0,460,0.96,-45,-0.09,33037,33.04,10
381,Exit short,2022-06-13 14:50,S-TP2,11257.5,2,45766,736,1.61,0,736,1.61,-352,-0.77,33773,33.77,68
381,Entry short,2022-06-13 09:10,ORB Short A+ (2c),11441.5,2,45766,736,1.61,0,736,1.61,-352,-0.77,33773,33.77,68
382,Exit short,2022-06-14 10:55,S-TP2,11388.25,2,45166,-387,-0.86,0,28,0.06,-387,-0.86,33386,33.39,15
382,Entry short,2022-06-14 09:40,ORB Short B+ (2c),11291.5,2,45166,-387,-0.86,0,28,0.06,-387,-0.86,33386,33.39,15
383,Exit short,2022-06-16 13:20,S-TP2,11100.75,2,44935,532,1.18,0,532,1.18,-79,-0.18,33918,33.92,52
383,Entry short,2022-06-16 09:00,ORB Short A (2c),11233.75,2,44935,532,1.18,0,532,1.18,-79,-0.18,33918,33.92,52
384,Exit short,2022-06-17 10:05,S-TP2,11253,2,44616,-396,-0.89,0,135,0.30,-396,-0.89,33522,33.52,7
384,Entry short,2022-06-17 09:30,ORB Short B (2c),11154,2,44616,-396,-0.89,0,135,0.30,-396,-0.89,33522,33.52,7
385,Exit short,2022-06-23 09:00,S-TP2,11656,2,46239,-385,-0.83,0,36,0.08,-385,-0.83,33137,33.14,2
385,Entry short,2022-06-23 08:50,ORB Short B+ (2c),11559.75,2,46239,-385,-0.83,0,36,0.08,-385,-0.83,33137,33.14,2
386,Exit short,2022-06-23 13:30,S-TP2,11656.75,2,46242,-385,-0.83,0,19,0.04,-385,-0.83,32752,32.75,18
386,Entry short,2022-06-23 12:00,ORB Short B (2c),11560.5,2,46242,-385,-0.83,0,19,0.04,-385,-0.83,32752,32.75,18
387,Exit short,2022-06-30 10:05,S-TP2,11507.75,2,45645,-386,-0.85,0,242,0.53,-386,-0.85,32366,32.37,15
387,Entry short,2022-06-30 08:50,ORB Short A (2c),11411.25,2,45645,-386,-0.85,0,242,0.53,-386,-0.85,32366,32.37,15
388,Exit short,2022-07-01 10:05,S-TP2,11509.25,2,45659,-378,-0.83,0,54,0.12,-378,-0.83,31988,31.99,6
388,Entry short,2022-07-01 09:35,ORB Short B (2c),11414.75,2,45659,-378,-0.83,0,54,0.12,-378,-0.83,31988,31.99,6
389,Exit long,2022-07-07 15:25,EOD Close,12122,2,48114,374,0.78,0,561,1.17,-153,-0.32,32362,32.36,80
389,Entry long,2022-07-07 08:45,ORB Long B (2c),12028.5,2,48114,374,0.78,0,561,1.17,-153,-0.32,32362,32.36,80
390,Exit long,2022-07-08 15:25,EOD Close,12165.25,2,48469,192,0.40,0,375,0.77,-313,-0.65,32554,32.55,72
390,Entry long,2022-07-08 09:25,ORB Long B (2c),12117.25,2,48469,192,0.40,0,375,0.77,-313,-0.65,32554,32.55,72
391,Exit short,2022-07-14 09:50,S-TP2,11603,3,69151.5,-466.5,-0.67,0,85.5,0.12,-466.5,-0.67,32087.5,32.09,10
391,Entry short,2022-07-14 09:00,ORB Short A+ (3c),11525.25,3,69151.5,-466.5,-0.67,0,85.5,0.12,-466.5,-0.67,32087.5,32.09,10
392,Exit long,2022-07-14 14:10,L-TP2,11772.75,2,46788,303,0.65,0,543,1.16,-304,-0.65,32390.5,32.39,42
392,Entry long,2022-07-14 10:40,ORB Long B (2c),11697,2,46788,303,0.65,0,543,1.16,-304,-0.65,32390.5,32.39,42
393,Exit long,2022-07-18 12:30,L-TP2,12090,3,72984,-444,-0.61,0,136.5,0.19,-444,-0.61,31946.5,31.95,45
393,Entry long,2022-07-18 08:45,ORB Long B+ (3c),12164,3,72984,-444,-0.61,0,136.5,0.19,-444,-0.61,31946.5,31.95,45
394,Exit long,2022-07-19 12:45,L-TP2,12246.5,2,48342,644,1.33,0,644,1.33,-34,-0.07,32590.5,32.59,40
394,Entry long,2022-07-19 09:25,ORB Long B (2c),12085.5,2,48342,644,1.33,0,644,1.33,-34,-0.07,32590.5,32.59,40
395,Exit long,2022-07-20 09:55,L-TP2,12483.75,2,49368,567,1.15,0,567,1.15,-98,-0.20,33157.5,33.16,9
395,Entry long,2022-07-20 09:10,ORB Long B (2c),12342,2,49368,567,1.15,0,567,1.15,-98,-0.20,33157.5,33.16,9
396,Exit long,2022-07-21 15:10,L-TP2,12595.5,3,75217.5,355.5,0.47,0,715.5,0.95,-174,-0.23,33513,33.51,56
396,Entry long,2022-07-21 10:30,ORB Long B+ (3c),12536.25,3,75217.5,355.5,0.47,0,715.5,0.95,-174,-0.23,33513,33.51,56
397,Exit long,2022-07-22 08:55,L-TP2,12581.25,3,75940.5,-453,-0.60,0,241.5,0.32,-453,-0.60,33060,33.06,2
397,Entry long,2022-07-22 08:45,ORB Long A+ (3c),12656.75,3,75940.5,-453,-0.60,0,241.5,0.32,-453,-0.60,33060,33.06,2
398,Exit short,2022-07-22 12:20,S-TP2,12389.75,2,50232,673,1.34,0,673,1.34,-218,-0.43,33733,33.73,39
398,Entry short,2022-07-22 09:05,ORB Short B (2c),12558,2,50232,673,1.34,0,673,1.34,-218,-0.43,33733,33.73,39
399,Exit long,2022-07-27 13:05,L-TP2,12429,3,74355,219,0.29,0,579,0.78,-121.5,-0.16,33952,33.95,52
399,Entry long,2022-07-27 08:45,ORB Long B+ (3c),12392.5,3,74355,219,0.29,0,579,0.78,-121.5,-0.16,33952,33.95,52
400,Exit long,2022-07-28 15:00,L-TP2,12833.75,3,75993,1009.5,1.33,0,1009.5,1.33,-252,-0.33,34961.5,34.96,55
400,Entry long,2022-07-28 10:25,ORB Long B+ (3c),12665.5,3,75993,1009.5,1.33,0,1009.5,1.33,-252,-0.33,34961.5,34.96,55
401,Exit long,2022-07-29 15:25,EOD Close,12972.5,2,51461,429,0.83,0,589,1.14,-316,-0.61,35390.5,35.39,78
401,Entry long,2022-07-29 08:55,ORB Long B+ (2c),12865.25,2,51461,429,0.83,0,589,1.14,-316,-0.61,35390.5,35.39,78
402,Exit long,2022-08-01 10:15,L-TP2,13048.5,2,52021,173,0.33,0,413,0.79,-158,-0.30,35563.5,35.56,17
402,Entry long,2022-08-01 08:50,ORB Long A+ (2c),13005.25,2,52021,173,0.33,0,413,0.79,-158,-0.30,35563.5,35.56,17
403,Exit long,2022-08-02 12:20,L-TP2,13037,2,51791,357,0.69,0,597,1.15,-106,-0.20,35920.5,35.92,31
403,Entry long,2022-08-02 09:45,ORB Long B (2c),12947.75,2,51791,357,0.69,0,597,1.15,-106,-0.20,35920.5,35.92,31
404,Exit long,2022-08-03 11:50,L-TP2,13271,3,78606,1020,1.30,0,1020,1.30,-241.5,-0.31,36940.5,36.94,36
404,Entry long,2022-08-03 08:50,ORB Long A (3c),13101,3,78606,1020,1.30,0,1020,1.30,-241.5,-0.31,36940.5,36.94,36
405,Exit short,2022-08-05 11:15,S-TP2,13168.75,2,52365,-310,-0.59,0,23,0.04,-310,-0.59,36630.5,36.63,10
405,Entry short,2022-08-05 10:25,ORB Short C (2c),13091.25,2,52365,-310,-0.59,0,23,0.04,-310,-0.59,36630.5,36.63,10
406,Exit long,2022-08-05 15:25,EOD Close,13217.75,3,79276.5,30,0.04,0,177,0.22,-405,-0.51,36660.5,36.66,41
406,Entry long,2022-08-05 12:00,ORB Long A (3c),13212.75,3,79276.5,30,0.04,0,177,0.22,-405,-0.51,36660.5,36.66,41
407,Exit long,2022-08-08 09:45,L-TP2,13321.75,3,80392.5,-462,-0.57,0,124.5,0.15,-462,-0.57,36198.5,36.20,11
407,Entry long,2022-08-08 08:50,ORB Long A (3c),13398.75,3,80392.5,-462,-0.57,0,124.5,0.15,-462,-0.57,36198.5,36.20,11
408,Exit short,2022-08-08 15:25,EOD Close,13192.75,2,52829,58,0.11,0,347,0.66,-217,-0.41,36256.5,36.26,57
408,Entry short,2022-08-08 10:40,ORB Short C (2c),13207.25,2,52829,58,0.11,0,347,0.66,-217,-0.41,36256.5,36.26,57
409,Exit long,2022-08-10 15:25,EOD Close,13385.75,3,80211,103.5,0.13,0,237,0.30,-313.5,-0.39,36360,36.36,65
409,Entry long,2022-08-10 10:00,ORB Long B+ (3c),13368.5,3,80211,103.5,0.13,0,237,0.30,-313.5,-0.39,36360,36.36,65
410,Exit long,2022-08-11 10:05,L-TP2,13456,3,81163.5,-427.5,-0.53,0,291,0.36,-427.5,-0.53,35932.5,35.93,13
410,Entry long,2022-08-11 09:00,ORB Long B+ (3c),13527.25,3,81163.5,-427.5,-0.53,0,291,0.36,-427.5,-0.53,35932.5,35.93,13
411,Exit long,2022-08-12 15:25,EOD Close,13571.75,3,80751,679.5,0.84,0,747,0.93,-439.5,-0.54,36612,36.61,74
411,Entry long,2022-08-12 09:15,ORB Long B+ (3c),13458.5,3,80751,679.5,0.84,0,747,0.93,-439.5,-0.54,36612,36.61,74
412,Exit long,2022-08-15 09:20,L-TP2,13539,3,81693,-459,-0.56,0,117,0.14,-459,-0.56,36153,36.15,6
412,Entry long,2022-08-15 08:50,ORB Long A+ (3c),13615.5,3,81693,-459,-0.56,0,117,0.14,-459,-0.56,36153,36.15,6
413,Exit long,2022-08-15 15:25,EOD Close,13673.25,3,81642,397.5,0.49,0,592.5,0.73,-3,0.00,36550.5,36.55,59
413,Entry long,2022-08-15 10:30,ORB Long A (3c),13607,3,81642,397.5,0.49,0,592.5,0.73,-3,0.00,36550.5,36.55,59
414,Exit long,2022-08-16 13:35,L-TP2,13680.5,3,82032,51,0.06,0,411,0.50,-244.5,-0.30,36601.5,36.60,33
414,Entry long,2022-08-16 10:50,ORB Long B+ (3c),13672,3,82032,51,0.06,0,411,0.50,-244.5,-0.30,36601.5,36.60,33
415,Exit long,2022-08-18 11:20,L-TP2,13515.5,3,81040.5,52.5,0.06,0,412.5,0.51,-121.5,-0.15,36654,36.65,20
415,Entry long,2022-08-18 09:40,ORB Long A (3c),13506.75,3,81040.5,52.5,0.06,0,412.5,0.51,-121.5,-0.15,36654,36.65,20
416,Exit long,2022-08-18 14:55,L-TP2,13512.75,3,81043.5,33,0.04,0,393,0.48,-36,-0.04,36687,36.69,38
416,Entry long,2022-08-18 11:45,ORB Long A (3c),13507.25,3,81043.5,33,0.04,0,393,0.48,-36,-0.04,36687,36.69,38
417,Exit short,2022-08-26 09:05,S-TP2,13055.5,2,52448,226,0.43,0,480,0.92,-125,-0.24,36913,36.91,4
417,Entry short,2022-08-26 08:45,ORB Short C (2c),13112,2,52448,226,0.43,0,480,0.92,-125,-0.24,36913,36.91,4
418,Exit short,2022-08-29 11:00,S-TP2,12546.75,2,49887,-300,-0.60,0,95,0.19,-300,-0.60,36613,36.61,14
418,Entry short,2022-08-29 09:50,ORB Short C (2c),12471.75,2,49887,-300,-0.60,0,95,0.19,-300,-0.60,36613,36.61,14
419,Exit short,2022-08-30 09:35,S-TP2,12316.25,3,74973,1075.5,1.43,0,1075.5,1.43,-33,-0.04,37688.5,37.69,9
419,Entry short,2022-08-30 08:50,ORB Short A (3c),12495.5,3,74973,1075.5,1.43,0,1075.5,1.43,-33,-0.04,37688.5,37.69,9
420,Exit short,2022-08-31 10:35,S-TP2,12361,2,49539,95,0.19,0,335,0.68,-148,-0.30,37783.5,37.78,14
420,Entry short,2022-08-31 09:25,ORB Short B (2c),12384.75,2,49539,95,0.19,0,335,0.68,-148,-0.30,37783.5,37.78,14
421,Exit short,2022-09-01 10:35,S-TP2,12087.75,3,72795,268.5,0.37,0,628.5,0.86,-243,-0.33,38052,38.05,19
421,Entry short,2022-09-01 09:00,ORB Short A+ (3c),12132.5,3,72795,268.5,0.37,0,628.5,0.86,-243,-0.33,38052,38.05,19
422,Exit short,2022-09-02 09:10,S-TP2,12359.25,2,49137,-300,-0.61,0,27,0.05,-300,-0.61,37752,37.75,2
422,Entry short,2022-09-02 09:00,ORB Short B (2c),12284.25,2,49137,-300,-0.61,0,27,0.05,-300,-0.61,37752,37.75,2
423,Exit short,2022-09-02 12:30,S-TP2,12129.25,3,73741.5,966,1.31,0,966,1.31,-13.5,-0.02,38718,38.72,12
423,Entry short,2022-09-02 11:30,ORB Short A (3c),12290.25,3,73741.5,966,1.31,0,966,1.31,-13.5,-0.02,38718,38.72,12
424,Exit short,2022-09-06 09:25,S-TP2,11990,3,72402,462,0.64,0,822,1.14,-43.5,-0.06,39180,39.18,8
424,Entry short,2022-09-06 08:45,ORB Short A+ (3c),12067,3,72402,462,0.64,0,822,1.14,-43.5,-0.06,39180,39.18,8
425,Exit short,2022-09-06 10:40,S-TP2,12141.5,3,72399,-450,-0.62,0,55.5,0.08,-450,-0.62,38730,38.73,3
425,Entry short,2022-09-06 10:25,ORB Short A (3c),12066.5,3,72399,-450,-0.62,0,55.5,0.08,-450,-0.62,38730,38.73,3
426,Exit short,2022-09-06 13:00,S-TP2,12024,3,72298.5,154.5,0.21,0,514.5,0.71,-157.5,-0.22,38884.5,38.88,21
426,Entry short,2022-09-06 11:15,ORB Short A (3c),12049.75,3,72298.5,154.5,0.21,0,514.5,0.71,-157.5,-0.22,38884.5,38.88,21
427,Exit long,2022-09-12 11:10,L-TP2,12641,2,50839,-275,-0.54,0,185,0.36,-275,-0.54,38609.5,38.61,28
427,Entry long,2022-09-12 08:50,ORB Long C+ (2c),12709.75,2,50839,-275,-0.54,0,185,0.36,-275,-0.54,38609.5,38.61,28
428,Exit long,2022-09-12 15:25,EOD Close,12771.25,2,50824,261,0.51,0,272,0.54,-101,-0.20,38870.5,38.87,45
428,Entry long,2022-09-12 11:40,ORB Long C+ (2c),12706,2,50824,261,0.51,0,272,0.54,-101,-0.20,38870.5,38.87,45
429,Exit long,2022-09-14 09:25,L-TP2,12111,2,48774,-330,-0.68,0,36,0.07,-330,-0.68,38540.5,38.54,6
429,Entry long,2022-09-14 08:55,ORB Long B (2c),12193.5,2,48774,-330,-0.68,0,36,0.07,-330,-0.68,38540.5,38.54,6
430,Exit short,2022-09-15 10:20,S-TP2,12048,3,72630,342,0.47,0,702,0.97,-184.5,-0.25,38882.5,38.88,10
430,Entry short,2022-09-15 09:30,ORB Short B+ (3c),12105,3,72630,342,0.47,0,702,0.97,-184.5,-0.25,38882.5,38.88,10
431,Exit short,2022-09-15 14:25,S-TP2,11938.5,3,72609,978,1.35,0,978,1.35,-13.5,-0.02,39860.5,39.86,21
431,Entry short,2022-09-15 12:40,ORB Short B+ (3c),12101.5,3,72609,978,1.35,0,978,1.35,-13.5,-0.02,39860.5,39.86,21
432,Exit short,2022-09-16 09:10,S-TP2,11871.5,3,70752,-477,-0.67,0,72,0.10,-477,-0.67,39383.5,39.38,3
432,Entry short,2022-09-16 08:55,ORB Short B+ (3c),11792,3,70752,-477,-0.67,0,72,0.10,-477,-0.67,39383.5,39.38,3
433,Exit short,2022-09-16 13:25,S-TP2,11871.5,3,70804.5,-424.5,-0.60,0,136.5,0.19,-424.5,-0.60,38959,38.96,34
433,Entry short,2022-09-16 10:35,ORB Short B+ (3c),11800.75,3,70804.5,-424.5,-0.60,0,136.5,0.19,-424.5,-0.60,38959,38.96,34
434,Exit long,2022-09-19 15:25,EOD Close,12036.25,2,47668,477,1.00,0,598,1.25,-275,-0.58,39436,39.44,79
434,Entry long,2022-09-19 08:50,ORB Long B (2c),11917,2,47668,477,1.00,0,598,1.25,-275,-0.58,39436,39.44,79
435,Exit short,2022-09-20 14:35,S-TP2,11947.25,3,71295,-388.5,-0.54,0,324,0.45,-388.5,-0.54,39047.5,39.05,26
435,Entry short,2022-09-20 12:25,ORB Short B+ (3c),11882.5,3,71295,-388.5,-0.54,0,324,0.45,-388.5,-0.54,39047.5,39.05,26
436,Exit short,2022-09-22 10:45,S-TP2,11570,3,69477,57,0.08,0,417,0.60,-370.5,-0.53,39104.5,39.10,21
436,Entry short,2022-09-22 09:00,ORB Short A (3c),11579.5,3,69477,57,0.08,0,417,0.60,-370.5,-0.53,39104.5,39.10,21
437,Exit short,2022-09-22 14:10,S-TP2,11652.25,3,69463.5,-450,-0.65,0,336,0.48,-450,-0.65,38654.5,38.65,40
437,Entry short,2022-09-22 10:50,ORB Short B+ (3c),11577.25,3,69463.5,-450,-0.65,0,336,0.48,-450,-0.65,38654.5,38.65,40
438,Exit short,2022-09-23 14:05,S-TP2,11288.75,3,68266.5,534,0.78,0,894,1.31,-292.5,-0.43,39188.5,39.19,63
438,Entry short,2022-09-23 08:50,ORB Short A (3c),11377.75,3,68266.5,534,0.78,0,894,1.31,-292.5,-0.43,39188.5,39.19,63
439,Exit short,2022-09-26 14:50,S-TP2,11407,3,67971,-471,-0.69,0,211.5,0.31,-471,-0.69,38717.5,38.72,41
439,Entry short,2022-09-26 11:25,ORB Short B+ (3c),11328.5,3,67971,-471,-0.69,0,211.5,0.31,-471,-0.69,38717.5,38.72,41
440,Exit short,2022-09-27 11:10,S-TP2,11272.75,3,68602.5,966,1.41,0,966,1.41,-421.5,-0.61,39683.5,39.68,26
440,Entry short,2022-09-27 09:00,ORB Short B+ (3c),11433.75,3,68602.5,966,1.41,0,966,1.41,-421.5,-0.61,39683.5,39.68,26
441,Exit short,2022-09-29 09:50,S-TP2,11216,2,45020,156,0.35,0,396,0.88,-131,-0.29,39839.5,39.84,13
441,Entry short,2022-09-29 08:45,ORB Short A (2c),11255,2,45020,156,0.35,0,396,0.88,-131,-0.29,39839.5,39.84,13
442,Exit short,2022-09-29 13:35,S-TP2,11151.5,3,67542,633,0.94,0,993,1.47,-84,-0.12,40472.5,40.47,32
442,Entry short,2022-09-29 10:55,ORB Short B+ (3c),11257,3,67542,633,0.94,0,993,1.47,-84,-0.12,40472.5,40.47,32
443,Exit short,2022-10-05 11:10,S-TP2,11515.5,2,45733,-329,-0.72,0,261,0.57,-329,-0.72,40143.5,40.14,26
443,Entry short,2022-10-05 09:00,ORB Short B+ (2c),11433.25,2,45733,-329,-0.72,0,261,0.57,-329,-0.72,40143.5,40.14,26
444,Exit short,2022-10-06 10:50,S-TP2,11663,2,46322,-330,-0.71,0,216,0.47,-330,-0.71,39813.5,39.81,22
444,Entry short,2022-10-06 09:00,ORB Short B+ (2c),11580.5,2,46322,-330,-0.71,0,216,0.47,-330,-0.71,39813.5,39.81,22
445,Exit short,2022-10-06 15:25,EOD Close,11516.5,2,46334,268,0.58,0,301,0.65,-238,-0.51,40081.5,40.08,54
445,Entry short,2022-10-06 10:55,ORB Short B (2c),11583.5,2,46334,268,0.58,0,301,0.65,-238,-0.51,40081.5,40.08,54
446,Exit short,2022-10-07 14:20,S-TP2,11085,2,45037,697,1.55,0,697,1.55,-67,-0.15,40778.5,40.78,67
446,Entry short,2022-10-07 08:45,ORB Short A+ (2c),11259.25,2,45037,697,1.55,0,697,1.55,-67,-0.15,40778.5,40.78,67
447,Exit short,2022-10-10 12:20,S-TP2,10936.75,2,44036,289,0.66,0,529,1.20,-237,-0.54,41067.5,41.07,42
447,Entry short,2022-10-10 08:50,ORB Short A (2c),11009,2,44036,289,0.66,0,529,1.20,-237,-0.54,41067.5,41.07,42
448,Exit short,2022-10-11 10:35,S-TP2,10935.25,2,43395,-346,-0.80,0,241,0.56,-346,-0.80,40721.5,40.72,21
448,Entry short,2022-10-11 08:50,ORB Short A (2c),10848.75,2,43395,-346,-0.80,0,241,0.56,-346,-0.80,40721.5,40.72,21
449,Exit short,2022-10-14 09:00,S-TP2,10994,2,44287,311,0.70,0,563,1.27,-106,-0.24,41032.5,41.03,3
449,Entry short,2022-10-14 08:45,ORB Short A+ (2c),11071.75,2,44287,311,0.70,0,563,1.27,-106,-0.24,41032.5,41.03,3
450,Exit short,2022-10-18 09:45,S-TP2,11274,2,45198,102,0.23,0,342,0.76,-185,-0.41,41134.5,41.13,11
450,Entry short,2022-10-18 08:50,ORB Short A (2c),11299.5,2,45198,102,0.23,0,342,0.76,-185,-0.41,41134.5,41.13,11
451,Exit short,2022-10-19 14:55,S-TP2,11155,2,44261,-359,-0.81,0,60,0.14,-359,-0.81,40775.5,40.78,35
451,Entry short,2022-10-19 12:00,ORB Short A+ (2c),11065.25,2,44261,-359,-0.81,0,60,0.14,-359,-0.81,40775.5,40.78,35
452,Exit short,2022-10-20 15:25,EOD Close,11061.25,2,44356,111,0.25,0,192,0.43,-152,-0.34,40886.5,40.89,32
452,Entry short,2022-10-20 12:45,ORB Short B (2c),11089,2,44356,111,0.25,0,192,0.43,-152,-0.34,40886.5,40.89,32
453,Exit long,2022-10-21 09:20,L-TP2,11164,2,44364,292,0.66,0,532,1.20,-102,-0.23,41178.5,41.18,7
453,Entry long,2022-10-21 08:45,ORB Long B (2c),11091,2,44364,292,0.66,0,532,1.20,-102,-0.23,41178.5,41.18,7
454,Exit long,2022-10-24 14:50,L-TP2,11455.5,2,45633,189,0.41,0,429,0.94,-140,-0.31,41367.5,41.37,48
454,Entry long,2022-10-24 10:50,ORB Long B (2c),11408.25,2,45633,189,0.41,0,429,0.94,-140,-0.31,41367.5,41.37,48
455,Exit long,2022-10-26 10:20,L-TP2,11687.5,2,46064,686,1.49,0,686,1.49,-169,-0.37,42053.5,42.05,19
455,Entry long,2022-10-26 08:45,ORB Long A+ (2c),11516,2,46064,686,1.49,0,686,1.49,-169,-0.37,42053.5,42.05,19
456,Exit short,2022-11-03 09:45,S-TP2,10848.25,3,64644,-445.5,-0.69,0,396,0.61,-445.5,-0.69,41608,41.61,12
456,Entry short,2022-11-03 08:45,ORB Short A (3c),10774,3,64644,-445.5,-0.69,0,396,0.61,-445.5,-0.69,41608,41.61,12
457,Exit short,2022-11-03 11:50,S-TP2,10848.25,3,64663.5,-426,-0.66,0,153,0.24,-426,-0.66,41182,41.18,17
457,Entry short,2022-11-03 10:25,ORB Short B+ (3c),10777.25,3,64663.5,-426,-0.66,0,153,0.24,-426,-0.66,41182,41.18,17
458,Exit short,2022-11-04 13:55,S-TP2,10810.25,1,21442.5,-178,-0.83,0,117,0.55,-178,-0.83,41004,41.00,37
458,Entry short,2022-11-04 10:50,ORB Short C+ (1c),10721.25,1,21442.5,-178,-0.83,0,117,0.55,-178,-0.83,41004,41.00,37
459,Exit short,2022-11-07 09:15,S-TP2,10947.75,2,43442,-349,-0.80,0,52,0.12,-349,-0.80,40655,40.66,6
459,Entry short,2022-11-07 08:45,ORB Short A+ (2c),10860.5,2,43442,-349,-0.80,0,52,0.12,-349,-0.80,40655,40.66,6
460,Exit short,2022-11-09 10:40,S-TP2,11018.75,3,65794.5,-318,-0.48,0,231,0.35,-318,-0.48,40337,40.34,14
460,Entry short,2022-11-09 09:30,ORB Short B (3c),10965.75,3,65794.5,-318,-0.48,0,231,0.35,-318,-0.48,40337,40.34,14
461,Exit short,2022-11-09 12:35,S-TP2,10863.75,2,43848,393,0.90,0,393,0.90,-54,-0.12,40730,40.73,17
461,Entry short,2022-11-09 11:10,ORB Short C+ (2c),10962,2,43848,393,0.90,0,393,0.90,-54,-0.12,40730,40.73,17
462,Exit long,2022-11-10 11:35,L-TP2,11438.5,2,45645,109,0.24,0,349,0.76,-58,-0.13,40839,40.84,23
462,Entry long,2022-11-10 09:40,ORB Long B (2c),11411.25,2,45645,109,0.24,0,349,0.76,-58,-0.13,40839,40.84,23
463,Exit long,2022-11-14 13:45,L-TP2,11838.5,3,70731,300,0.42,0,660,0.93,-360,-0.51,41139,41.14,56
463,Entry long,2022-11-14 09:05,ORB Long A (3c),11788.5,3,70731,300,0.42,0,660,0.93,-360,-0.51,41139,41.14,56
464,Exit long,2022-11-17 13:05,L-TP2,11715,2,46638,222,0.48,0,462,0.99,-246,-0.53,41361,41.36,46
464,Entry long,2022-11-17 09:15,ORB Long A (2c),11659.5,2,46638,222,0.48,0,462,0.99,-246,-0.53,41361,41.36,46
465,Exit long,2022-11-22 15:25,EOD Close,11741.5,2,46568,398,0.85,0,469,1.01,-104,-0.22,41759,41.76,68
465,Entry long,2022-11-22 09:45,ORB Long B (2c),11642,2,46568,398,0.85,0,469,1.01,-104,-0.22,41759,41.76,68
466,Exit long,2022-11-23 10:45,L-TP2,11828,3,70918.5,49.5,0.07,0,409.5,0.58,-106.5,-0.15,41808.5,41.81,24
466,Entry long,2022-11-23 08:45,ORB Long A (3c),11819.75,3,70918.5,49.5,0.07,0,409.5,0.58,-106.5,-0.15,41808.5,41.81,24
467,Exit long,2022-11-23 11:55,L-TP2,11744.75,3,70828.5,-360,-0.51,0,73.5,0.10,-360,-0.51,41448.5,41.45,10
467,Entry long,2022-11-23 11:05,ORB Long B+ (3c),11804.75,3,70828.5,-360,-0.51,0,73.5,0.10,-360,-0.51,41448.5,41.45,10
468,Exit long,2022-11-23 13:10,L-TP2,11824.75,3,70842,106.5,0.15,0,466.5,0.66,-150,-0.21,41555,41.56,8
468,Entry long,2022-11-23 12:30,ORB Long B+ (3c),11807,3,70842,106.5,0.15,0,466.5,0.66,-150,-0.21,41555,41.56,8
469,Exit long,2022-11-30 12:45,L-TP2,11656,3,69645,291,0.42,0,651,0.93,0,0.00,41846,41.85,3
469,Entry long,2022-11-30 12:30,ORB Long A (3c),11607.5,3,69645,291,0.42,0,651,0.93,0,0.00,41846,41.85,3
470,Exit long,2022-12-01 09:10,L-TP2,12040,3,72690,-450,-0.62,0,178.5,0.25,-450,-0.62,41396,41.40,5
470,Entry long,2022-12-01 08:45,ORB Long A (3c),12115,3,72690,-450,-0.62,0,178.5,0.25,-450,-0.62,41396,41.40,5
471,Exit long,2022-12-02 14:35,L-TP2,11987.75,3,71658,268.5,0.37,0,628.5,0.88,-385.5,-0.54,41664.5,41.66,65
471,Entry long,2022-12-02 09:10,ORB Long A+ (3c),11943,3,71658,268.5,0.37,0,628.5,0.88,-385.5,-0.54,41664.5,41.66,65
472,Exit short,2022-12-05 13:30,S-TP2,11756.5,2,47631,605,1.27,0,605,1.27,-173,-0.36,42269.5,42.27,54
472,Entry short,2022-12-05 09:00,ORB Short B (2c),11907.75,2,47631,605,1.27,0,605,1.27,-173,-0.36,42269.5,42.27,54
473,Exit long,2022-12-08 13:00,L-TP2,11625.5,2,46404,98,0.21,0,338,0.73,-77,-0.17,42367.5,42.37,49
473,Entry long,2022-12-08 08:55,ORB Long B (2c),11601,2,46404,98,0.21,0,338,0.73,-77,-0.17,42367.5,42.37,49
474,Exit short,2022-12-12 10:05,S-TP2,11598,2,46162,-230,-0.50,0,37,0.08,-230,-0.50,42137.5,42.14,4
474,Entry short,2022-12-12 09:45,ORB Short B (2c),11540.5,2,46162,-230,-0.50,0,37,0.08,-230,-0.50,42137.5,42.14,4
475,Exit long,2022-12-14 13:00,L-TP2,11934.5,3,72057,-450,-0.62,0,360,0.50,-450,-0.62,41687.5,41.69,49
475,Entry long,2022-12-14 08:55,ORB Long A (3c),12009.5,3,72057,-450,-0.62,0,360,0.50,-450,-0.62,41687.5,41.69,49
476,Exit short,2022-12-16 11:35,S-TP2,11352.5,2,45538,128,0.28,0,368,0.81,-44,-0.10,41815.5,41.82,30
476,Entry short,2022-12-16 09:05,ORB Short B (2c),11384.5,2,45538,128,0.28,0,368,0.81,-44,-0.10,41815.5,41.82,30
477,Exit short,2022-12-19 14:55,S-TP2,11191.5,3,67626,477,0.71,0,837,1.24,-231,-0.34,42292.5,42.29,74
477,Entry short,2022-12-19 08:45,ORB Short A+ (3c),11271,3,67626,477,0.71,0,837,1.24,-231,-0.34,42292.5,42.29,74
478,Exit long,2022-12-20 10:00,L-TP2,11187.25,2,44673,76,0.17,0,316,0.71,-41,-0.09,42368.5,42.37,13
478,Entry long,2022-12-20 08:55,ORB Long B (2c),11168.25,2,44673,76,0.17,0,316,0.71,-41,-0.09,42368.5,42.37,13
479,Exit short,2022-12-22 11:35,S-TP2,10913,3,66609,1131,1.70,0,1131,1.70,-139.5,-0.21,43499.5,43.50,34
479,Entry short,2022-12-22 08:45,ORB Short A (3c),11101.5,3,66609,1131,1.70,0,1131,1.70,-139.5,-0.21,43499.5,43.50,34
480,Exit short,2022-12-27 09:20,S-TP2,11003.25,3,65569.5,-450,-0.69,0,195,0.30,-450,-0.69,43049.5,43.05,7
480,Entry short,2022-12-27 08:45,ORB Short A (3c),10928.25,3,65569.5,-450,-0.69,0,195,0.30,-450,-0.69,43049.5,43.05,7
481,Exit short,2022-12-27 15:25,EOD Close,10922.5,3,65595,60,0.09,0,198,0.30,-219,-0.33,43109.5,43.11,44
481,Entry short,2022-12-27 11:45,ORB Short B+ (3c),10932.5,3,65595,60,0.09,0,198,0.30,-219,-0.33,43109.5,43.11,44
482,Exit short,2022-12-28 15:25,EOD Close,10773.25,2,43312,219,0.51,0,279,0.64,-256,-0.59,43328.5,43.33,66
482,Entry short,2022-12-28 09:55,ORB Short B (2c),10828,2,43312,219,0.51,0,279,0.64,-256,-0.59,43328.5,43.33,66
483,Exit short,2022-12-30 09:15,S-TP2,10939.75,2,43459,-300,-0.69,0,12,0.03,-300,-0.69,43028.5,43.03,6
483,Entry short,2022-12-30 08:45,ORB Short B (2c),10864.75,2,43459,-300,-0.69,0,12,0.03,-300,-0.69,43028.5,43.03,6
484,Exit short,2023-01-03 09:55,S-TP2,10973.25,3,66417,577.5,0.87,0,937.5,1.41,-91.5,-0.14,43606,43.61,14
484,Entry short,2023-01-03 08:45,ORB Short A+ (3c),11069.5,3,66417,577.5,0.87,0,937.5,1.41,-91.5,-0.14,43606,43.61,14
485,Exit short,2023-01-04 10:25,S-TP2,10990.5,3,65493,-450,-0.69,0,313.5,0.48,-450,-0.69,43156,43.16,17
485,Entry short,2023-01-04 09:00,ORB Short A (3c),10915.5,3,65493,-450,-0.69,0,313.5,0.48,-450,-0.69,43156,43.16,17
486,Exit short,2023-01-10 09:55,S-TP2,11205.75,3,66784.5,-450,-0.67,0,60,0.09,-450,-0.67,42706,42.71,3
486,Entry short,2023-01-10 09:40,ORB Short A (3c),11130.75,3,66784.5,-450,-0.67,0,60,0.09,-450,-0.67,42706,42.71,3
487,Exit long,2023-01-11 15:25,EOD Close,11468.25,2,45437,436,0.96,0,481,1.06,-184,-0.40,43142,43.14,76
487,Entry long,2023-01-11 09:05,ORB Long C (2c),11359.25,2,45437,436,0.96,0,481,1.06,-184,-0.40,43142,43.14,76
488,Exit long,2023-01-12 15:25,EOD Close,11527.5,3,69130.5,34.5,0.05,0,321,0.46,-418.5,-0.61,43176.5,43.18,50
488,Entry long,2023-01-12 11:15,ORB Long B+ (3c),11521.75,3,69130.5,34.5,0.05,0,321,0.46,-418.5,-0.61,43176.5,43.18,50
489,Exit long,2023-01-13 10:10,L-TP2,11478.5,4,91778,50,0.05,0,530,0.58,-2,0.00,43226.5,43.23,14
489,Entry long,2023-01-13 09:00,ORB Long B+ (4c),11472.25,4,91778,50,0.05,0,530,0.58,-2,0.00,43226.5,43.23,14
490,Exit long,2023-01-17 09:40,L-TP2,11588,3,69978,-450,-0.64,0,132,0.19,-450,-0.64,42776.5,42.78,8
490,Entry long,2023-01-17 09:00,ORB Long A+ (3c),11663,3,69978,-450,-0.64,0,132,0.19,-450,-0.64,42776.5,42.78,8
491,Exit long,2023-01-17 15:25,EOD Close,11622,3,69763.5,-31.5,-0.05,0,136.5,0.20,-234,-0.34,42745,42.75,53
491,Entry long,2023-01-17 11:00,ORB Long A (3c),11627.25,3,69763.5,-31.5,-0.05,0,136.5,0.20,-234,-0.34,42745,42.75,53
492,Exit long,2023-01-18 09:35,L-TP2,11672.25,3,70432.5,-399,-0.57,0,124.5,0.18,-399,-0.57,42346,42.35,7
492,Entry long,2023-01-18 09:00,ORB Long A (3c),11738.75,3,70432.5,-399,-0.57,0,124.5,0.18,-399,-0.57,42346,42.35,7
493,Exit long,2023-01-20 12:55,L-TP2,11603,3,68736,882,1.28,0,882,1.28,-189,-0.27,43228,43.23,49
493,Entry long,2023-01-20 08:50,ORB Long B+ (3c),11456,3,68736,882,1.28,0,882,1.28,-189,-0.27,43228,43.23,49
494,Exit long,2023-01-23 10:10,L-TP2,11933.75,3,70695,907.5,1.28,0,907.5,1.28,-10.5,-0.01,44135.5,44.14,17
494,Entry long,2023-01-23 08:45,ORB Long A (3c),11782.5,3,70695,907.5,1.28,0,907.5,1.28,-10.5,-0.01,44135.5,44.14,17
495,Exit long,2023-01-24 09:05,L-TP2,11841,3,71496,-450,-0.63,0,214.5,0.30,-450,-0.63,43685.5,43.69,4
495,Entry long,2023-01-24 08:45,ORB Long A+ (3c),11916,3,71496,-450,-0.63,0,214.5,0.30,-450,-0.63,43685.5,43.69,4
496,Exit long,2023-01-24 15:25,EOD Close,11974.5,3,71425.5,421.5,0.59,0,634.5,0.89,-282,-0.39,44107,44.11,75
496,Entry long,2023-01-24 09:10,ORB Long A (3c),11904.25,3,71425.5,421.5,0.59,0,634.5,0.89,-282,-0.39,44107,44.11,75
497,Exit long,2023-01-25 14:00,L-TP2,11883.25,3,70378.5,921,1.31,0,921,1.31,-105,-0.15,45028,45.03,45
497,Entry long,2023-01-25 10:15,ORB Long A (3c),11729.75,3,70378.5,921,1.31,0,921,1.31,-105,-0.15,45028,45.03,45
498,Exit short,2023-01-26 10:35,S-TP2,11964,2,47892,36,0.08,0,276,0.58,-120,-0.25,45064,45.06,12
498,Entry short,2023-01-26 09:35,ORB Short C (2c),11973,2,47892,36,0.08,0,276,0.58,-120,-0.25,45064,45.06,12
499,Exit long,2023-01-27 14:00,L-TP2,12283.75,3,72778.5,924,1.27,0,924,1.27,-223.5,-0.31,45988,45.99,63
499,Entry long,2023-01-27 08:45,ORB Long A+ (3c),12129.75,3,72778.5,924,1.27,0,924,1.27,-223.5,-0.31,45988,45.99,63
500,Exit long,2023-01-30 09:20,L-TP2,12059.25,3,72715.5,-360,-0.50,0,145.5,0.20,-360,-0.50,45628,45.63,7
500,Entry long,2023-01-30 08:45,ORB Long A (3c),12119.25,3,72715.5,-360,-0.50,0,145.5,0.20,-360,-0.50,45628,45.63,7
501,Exit long,2023-01-31 15:25,EOD Close,12123.75,3,72246,496.5,0.69,0,690,0.96,-384,-0.53,46124.5,46.12,80
501,Entry long,2023-01-31 08:45,ORB Long A+ (3c),12041,3,72246,496.5,0.69,0,690,0.96,-384,-0.53,46124.5,46.12,80
502,Exit long,2023-02-03 09:55,L-TP2,12797.25,2,50909,280,0.55,0,520,1.02,-235,-0.46,46404.5,46.40,14
502,Entry long,2023-02-03 08:45,ORB Long B (2c),12727.25,2,50909,280,0.55,0,520,1.02,-235,-0.46,46404.5,46.40,14
503,Exit long,2023-02-06 09:20,L-TP2,12502,3,75429,-417,-0.55,0,124.5,0.17,-417,-0.55,45987.5,45.99,4
503,Entry long,2023-02-06 09:00,ORB Long A (3c),12571.5,3,75429,-417,-0.55,0,124.5,0.17,-417,-0.55,45987.5,45.99,4
504,Exit long,2023-02-06 14:10,L-TP2,12502,3,75457.5,-445.5,-0.59,0,195,0.26,-445.5,-0.59,45542,45.54,47
504,Entry long,2023-02-06 10:15,ORB Long B+ (3c),12576.25,3,75457.5,-445.5,-0.59,0,195,0.26,-445.5,-0.59,45542,45.54,47
505,Exit long,2023-02-07 11:45,L-TP2,12683.75,2,50214,521,1.04,0,521,1.04,-70,-0.14,46063,46.06,20
505,Entry long,2023-02-07 10:05,ORB Long C+ (2c),12553.5,2,50214,521,1.04,0,521,1.04,-70,-0.14,46063,46.06,20
506,Exit short,2023-02-08 10:25,S-TP2,12524.75,2,50724,625,1.23,0,625,1.23,-212,-0.42,46688,46.69,19
506,Entry short,2023-02-08 08:50,ORB Short C (2c),12681,2,50724,625,1.23,0,625,1.23,-212,-0.42,46688,46.69,19
507,Exit long,2023-02-10 09:50,L-TP2,12322.25,2,49589,-300,-0.60,0,98,0.20,-300,-0.60,46388,46.39,7
507,Entry long,2023-02-10 09:15,ORB Long B (2c),12397.25,2,49589,-300,-0.60,0,98,0.20,-300,-0.60,46388,46.39,7
508,Exit long,2023-02-13 13:30,L-TP2,12507.75,3,74766,280.5,0.38,0,640.5,0.86,-270,-0.36,46668.5,46.67,55
508,Entry long,2023-02-13 08:55,ORB Long A+ (3c),12461,3,74766,280.5,0.38,0,640.5,0.86,-270,-0.36,46668.5,46.67,55
509,Exit long,2023-02-14 09:25,L-TP2,12613.25,3,75252,427.5,0.57,0,787.5,1.05,-141,-0.19,47096,47.10,8
509,Entry long,2023-02-14 08:45,ORB Long B+ (3c),12542,3,75252,427.5,0.57,0,787.5,1.05,-141,-0.19,47096,47.10,8
510,Exit long,2023-02-14 12:40,L-TP2,12562.5,3,75163.5,211.5,0.28,0,571.5,0.76,-208.5,-0.28,47307.5,47.31,14
510,Entry long,2023-02-14 11:30,ORB Long B+ (3c),12527.25,3,75163.5,211.5,0.28,0,571.5,0.76,-208.5,-0.28,47307.5,47.31,14
511,Exit long,2023-02-15 08:50,L-TP2,12553,3,75768,-450,-0.59,0,21,0.03,-450,-0.59,46857.5,46.86,1
511,Entry long,2023-02-15 08:45,ORB Long A (3c),12628,3,75768,-450,-0.59,0,21,0.03,-450,-0.59,46857.5,46.86,1
512,Exit long,2023-02-15 15:25,EOD Close,12748,3,75793.5,694.5,0.92,0,747,0.99,-159,-0.21,47552,47.55,60
512,Entry long,2023-02-15 10:25,ORB Long B+ (3c),12632.25,3,75793.5,694.5,0.92,0,747,0.99,-159,-0.21,47552,47.55,60
513,Exit short,2023-02-24 15:25,EOD Close,12004,3,71803.5,-220.5,-0.31,0,267,0.37,-325.5,-0.45,47331.5,47.33,80
513,Entry short,2023-02-24 08:45,ORB Short A (3c),11967.25,3,71803.5,-220.5,-0.31,0,267,0.37,-325.5,-0.45,47331.5,47.33,80
514,Exit long,2023-02-28 15:00,L-TP2,12041.25,2,48455,-290,-0.60,0,240,0.50,-290,-0.60,47041.5,47.04,72
514,Entry long,2023-02-28 09:00,ORB Long B (2c),12113.75,2,48455,-290,-0.60,0,240,0.50,-290,-0.60,47041.5,47.04,72
515,Exit short,2023-03-01 15:25,EOD Close,11981.75,3,71886,-4.5,-0.01,0,336,0.47,-342,-0.48,47037,47.04,76
515,Entry short,2023-03-01 09:05,ORB Short A+ (3c),11981,3,71886,-4.5,-0.01,0,336,0.47,-342,-0.48,47037,47.04,76
516,Exit short,2023-03-10 09:00,S-TP2,11961.25,3,71317.5,-450,-0.63,0,109.5,0.15,-450,-0.63,46587,46.59,3
516,Entry short,2023-03-10 08:45,ORB Short B+ (3c),11886.25,3,71317.5,-450,-0.63,0,109.5,0.15,-450,-0.63,46587,46.59,3
517,Exit short,2023-03-10 13:05,S-TP2,11856.5,2,47533,107,0.23,0,347,0.73,-38,-0.08,46694,46.69,10
517,Entry short,2023-03-10 12:15,ORB Short C+ (2c),11883.25,2,47533,107,0.23,0,347,0.73,-38,-0.08,46694,46.69,10
518,Exit long,2023-03-14 13:00,L-TP2,12219.5,2,49178,-300,-0.61,0,248,0.50,-300,-0.61,46394,46.39,44
518,Entry long,2023-03-14 09:20,ORB Long B (2c),12294.5,2,49178,-300,-0.61,0,248,0.50,-300,-0.61,46394,46.39,44
519,Exit long,2023-03-15 11:05,L-TP2,12223.75,2,49195,-300,-0.61,0,10,0.02,-300,-0.61,46094,46.09,4
519,Entry long,2023-03-15 10:45,ORB Long C (2c),12298.75,2,49195,-300,-0.61,0,10,0.02,-300,-0.61,46094,46.09,4
520,Exit long,2023-03-15 13:50,L-TP2,12329.5,2,49131,187,0.38,0,427,0.87,-190,-0.39,46281,46.28,17
520,Entry long,2023-03-15 12:25,ORB Long C (2c),12282.75,2,49131,187,0.38,0,427,0.87,-190,-0.39,46281,46.28,17
521,Exit long,2023-03-16 10:25,L-TP2,12583.75,3,74502,1000.5,1.34,0,1000.5,1.34,-324,-0.43,47281.5,47.28,18
521,Entry long,2023-03-16 08:55,ORB Long B+ (3c),12417,3,74502,1000.5,1.34,0,1000.5,1.34,-324,-0.43,47281.5,47.28,18
522,Exit long,2023-03-17 09:15,L-TP2,12718,3,76758,-450,-0.59,0,25.5,0.03,-450,-0.59,46831.5,46.83,3
522,Entry long,2023-03-17 09:00,ORB Long A (3c),12793,3,76758,-450,-0.59,0,25.5,0.03,-450,-0.59,46831.5,46.83,3
523,Exit short,2023-03-17 10:15,S-TP2,12665.5,2,50749,87,0.17,0,327,0.64,-65,-0.13,46918.5,46.92,10
523,Entry short,2023-03-17 09:25,ORB Short C (2c),12687.25,2,50749,87,0.17,0,327,0.64,-65,-0.13,46918.5,46.92,10
524,Exit long,2023-03-20 15:25,EOD Close,12690.25,3,75811.5,330,0.44,0,436.5,0.58,-418.5,-0.55,47248.5,47.25,68
524,Entry long,2023-03-20 09:45,ORB Long A (3c),12635.25,3,75811.5,330,0.44,0,436.5,0.58,-418.5,-0.55,47248.5,47.25,68
525,Exit long,2023-03-23 10:45,L-TP2,12971.5,4,103152,620,0.60,0,1100,1.07,-48,-0.05,47868.5,47.87,21
525,Entry long,2023-03-23 09:00,ORB Long A (4c),12894,4,103152,620,0.60,0,1100,1.07,-48,-0.05,47868.5,47.87,21
526,Exit long,2023-03-27 09:30,L-TP2,12881.75,3,77659.5,-369,-0.48,0,132,0.17,-369,-0.48,47499.5,47.50,9
526,Entry long,2023-03-27 08:45,ORB Long A+ (3c),12943.25,3,77659.5,-369,-0.48,0,132,0.17,-369,-0.48,47499.5,47.50,9
527,Exit short,2023-03-27 12:40,S-TP2,12825.75,2,51517,214,0.42,0,454,0.88,-77,-0.15,47713.5,47.71,36
527,Entry short,2023-03-27 09:40,ORB Short C (2c),12879.25,2,51517,214,0.42,0,454,0.88,-77,-0.15,47713.5,47.71,36
528,Exit long,2023-03-31 14:20,L-TP2,13283.75,3,78885,817.5,1.04,0,817.5,1.04,-103.5,-0.13,48531,48.53,67
528,Entry long,2023-03-31 08:45,ORB Long A+ (3c),13147.5,3,78885,817.5,1.04,0,817.5,1.04,-103.5,-0.13,48531,48.53,67
529,Exit long,2023-04-03 09:50,L-TP2,13197.75,3,79560,-373.5,-0.47,0,49.5,0.06,-373.5,-0.47,48157.5,48.16,13
529,Entry long,2023-04-03 08:45,ORB Long A (3c),13260,3,79560,-373.5,-0.47,0,49.5,0.06,-373.5,-0.47,48157.5,48.16,13
530,Exit long,2023-04-04 10:05,L-TP2,13232,3,79815,-423,-0.53,0,145.5,0.18,-423,-0.53,47734.5,47.73,13
530,Entry long,2023-04-04 09:00,ORB Long A (3c),13302.5,3,79815,-423,-0.53,0,145.5,0.18,-423,-0.53,47734.5,47.73,13
531,Exit long,2023-04-06 11:00,L-TP2,13152.25,3,78156,757.5,0.97,0,757.5,0.97,-111,-0.14,48492,48.49,23
531,Entry long,2023-04-06 09:05,ORB Long A+ (3c),13026,3,78156,757.5,0.97,0,757.5,0.97,-111,-0.14,48492,48.49,23
532,Exit short,2023-04-10 10:05,S-TP2,13050.5,2,51933,-269,-0.52,0,63,0.12,-269,-0.52,48223,48.22,16
532,Entry short,2023-04-10 08:45,ORB Short B (2c),12983.25,2,51933,-269,-0.52,0,63,0.12,-269,-0.52,48223,48.22,16
533,Exit long,2023-04-10 15:25,EOD Close,13169.75,3,78397.5,621,0.79,0,642,0.82,-1.5,0.00,48844,48.84,47
533,Entry long,2023-04-10 11:30,ORB Long A (3c),13066.25,3,78397.5,621,0.79,0,642,0.82,-1.5,0.00,48844,48.84,47
534,Exit long,2023-04-13 15:25,EOD Close,13200.5,3,78576,627,0.80,0,795,1.01,-37.5,-0.05,49471,49.47,76
534,Entry long,2023-04-13 09:05,ORB Long A+ (3c),13096,3,78576,627,0.80,0,795,1.01,-37.5,-0.05,49471,49.47,76
535,Exit long,2023-04-14 09:20,L-TP2,13148,3,79338,-450,-0.57,0,192,0.24,-450,-0.57,49021,49.02,7
535,Entry long,2023-04-14 08:45,ORB Long A (3c),13223,3,79338,-450,-0.57,0,192,0.24,-450,-0.57,49021,49.02,7
536,Exit long,2023-04-19 15:00,L-TP2,13167,3,78813,189,0.24,0,549,0.70,-69,-0.09,49210,49.21,65
536,Entry long,2023-04-19 09:35,ORB Long A (3c),13135.5,3,78813,189,0.24,0,549,0.70,-69,-0.09,49210,49.21,65
537,Exit long,2023-04-20 13:15,L-TP2,13139.75,3,78691.5,147,0.19,0,507,0.64,-141,-0.18,49357,49.36,54
537,Entry long,2023-04-20 08:45,ORB Long A (3c),13115.25,3,78691.5,147,0.19,0,507,0.64,-141,-0.18,49357,49.36,54
538,Exit short,2023-04-24 15:25,EOD Close,13063.25,2,52124,-129,-0.25,0,255,0.49,-148,-0.28,49228,49.23,70
538,Entry short,2023-04-24 09:35,ORB Short C (2c),13031,2,52124,-129,-0.25,0,255,0.49,-148,-0.28,49228,49.23,70
539,Exit long,2023-04-28 10:00,L-TP2,13191,3,79596,-450,-0.57,0,163.5,0.21,-450,-0.57,48778,48.78,10
539,Entry long,2023-04-28 09:10,ORB Long A (3c),13266,3,79596,-450,-0.57,0,163.5,0.21,-450,-0.57,48778,48.78,10
540,Exit long,2023-04-28 15:25,EOD Close,13326,3,79503,453,0.57,0,517.5,0.65,-88.5,-0.11,49231,49.23,56
540,Entry long,2023-04-28 10:45,ORB Long B+ (3c),13250.5,3,79503,453,0.57,0,517.5,0.65,-88.5,-0.11,49231,49.23,56
541,Exit short,2023-05-02 10:30,S-TP2,13116.25,3,79587,889.5,1.12,0,889.5,1.12,-18,-0.02,50120.5,50.12,17
541,Entry short,2023-05-02 09:05,ORB Short B (3c),13264.5,3,79587,889.5,1.12,0,889.5,1.12,-18,-0.02,50120.5,50.12,17
542,Exit long,2023-05-05 12:20,L-TP2,13282.25,4,105418,840,0.80,0,840,0.80,-74,-0.07,50960.5,50.96,43
542,Entry long,2023-05-05 08:45,ORB Long A (4c),13177.25,4,105418,840,0.80,0,840,0.80,-74,-0.07,50960.5,50.96,43
543,Exit long,2023-05-10 09:40,L-TP2,13348.75,2,53695,-300,-0.56,0,41,0.08,-300,-0.56,50660.5,50.66,7
543,Entry long,2023-05-10 09:05,ORB Long C (2c),13423.75,2,53695,-300,-0.56,0,41,0.08,-300,-0.56,50660.5,50.66,7
544,Exit short,2023-05-11 10:25,S-TP2,13433.5,2,53506,-228,-0.43,0,60,0.11,-228,-0.43,50432.5,50.43,11
544,Entry short,2023-05-11 09:30,ORB Short C (2c),13376.5,2,53506,-228,-0.43,0,60,0.11,-228,-0.43,50432.5,50.43,11
545,Exit long,2023-05-11 15:25,EOD Close,13443,4,107474,70,0.07,0,302,0.28,-326,-0.30,50502.5,50.50,60
545,Entry long,2023-05-11 10:25,ORB Long A (4c),13434.25,4,107474,70,0.07,0,302,0.28,-326,-0.30,50502.5,50.50,60
546,Exit long,2023-05-16 15:25,EOD Close,13503,3,81022.5,-4.5,-0.01,0,303,0.37,-312,-0.39,50498,50.50,80
546,Entry long,2023-05-16 08:45,ORB Long A (3c),13503.75,3,81022.5,-4.5,-0.01,0,303,0.37,-312,-0.39,50498,50.50,80
547,Exit long,2023-05-18 10:40,L-TP2,13833.75,3,82276.5,726,0.88,0,726,0.88,-73.5,-0.09,51224,51.22,21
547,Entry long,2023-05-18 08:55,ORB Long A (3c),13712.75,3,82276.5,726,0.88,0,726,0.88,-73.5,-0.09,51224,51.22,21
548,Exit long,2023-05-22 15:25,EOD Close,13910.75,3,83568,-103.5,-0.12,0,112.5,0.13,-396,-0.47,51120.5,51.12,80
548,Entry long,2023-05-22 08:45,ORB Long A (3c),13928,3,83568,-103.5,-0.12,0,112.5,0.13,-396,-0.47,51120.5,51.12,80
549,Exit short,2023-05-23 15:25,EOD Close,13728.25,2,55221,308,0.56,0,377,0.68,-55,-0.10,51428.5,51.43,46
549,Entry short,2023-05-23 11:35,ORB Short B (2c),13805.25,2,55221,308,0.56,0,377,0.68,-55,-0.10,51428.5,51.43,46
550,Exit long,2023-05-25 15:25,EOD Close,13987,3,83857.5,64.5,0.08,0,331.5,0.40,-330,-0.39,51493,51.49,63
550,Entry long,2023-05-25 10:10,ORB Long B+ (3c),13976.25,3,83857.5,64.5,0.08,0,331.5,0.40,-330,-0.39,51493,51.49,63
551,Exit long,2023-05-26 09:40,L-TP2,14233.75,3,84577.5,825,0.98,0,825,0.98,-3,0.00,52318,52.32,11
551,Entry long,2023-05-26 08:45,ORB Long A+ (3c),14096.25,3,84577.5,825,0.98,0,825,0.98,-3,0.00,52318,52.32,11
552,Exit long,2023-05-31 09:10,L-TP2,14324,3,86371.5,-427.5,-0.49,0,76.5,0.09,-427.5,-0.49,51890.5,51.89,5
552,Entry long,2023-05-31 08:45,ORB Long A+ (3c),14395.25,3,86371.5,-427.5,-0.49,0,76.5,0.09,-427.5,-0.49,51890.5,51.89,5
553,Exit short,2023-05-31 12:25,S-TP2,14312.5,2,57295,45,0.08,0,285,0.50,-50,-0.09,51935.5,51.94,39
553,Entry short,2023-05-31 09:10,ORB Short B (2c),14323.75,2,57295,45,0.08,0,285,0.50,-50,-0.09,51935.5,51.94,39
554,Exit long,2023-06-01 12:50,L-TP2,14483.75,3,85938,964.5,1.12,0,964.5,1.12,-301.5,-0.35,52900,52.90,46
554,Entry long,2023-06-01 09:00,ORB Long A+ (3c),14323,3,85938,964.5,1.12,0,964.5,1.12,-301.5,-0.35,52900,52.90,46
555,Exit long,2023-06-05 13:30,L-TP2,14581.5,3,87939,-450,-0.51,0,232.5,0.26,-450,-0.51,52450,52.45,44
555,Entry long,2023-06-05 09:50,ORB Long A (3c),14656.5,3,87939,-450,-0.51,0,232.5,0.26,-450,-0.51,52450,52.45,44
556,Exit long,2023-06-06 11:35,L-TP2,14564,3,87369,15,0.02,0,375,0.43,-129,-0.15,52465,52.47,28
556,Entry long,2023-06-06 09:15,ORB Long B (3c),14561.5,3,87369,15,0.02,0,375,0.43,-129,-0.15,52465,52.47,28
557,Exit long,2023-06-06 15:25,EOD Close,14589.25,3,87454.5,81,0.09,0,165,0.19,-216,-0.25,52546,52.55,39
557,Entry long,2023-06-06 12:10,ORB Long B+ (3c),14575.75,3,87454.5,81,0.09,0,165,0.19,-216,-0.25,52546,52.55,39
558,Exit long,2023-06-08 12:20,L-TP2,14463.5,3,86436,345,0.40,0,705,0.82,-88.5,-0.10,52891,52.89,38
558,Entry long,2023-06-08 09:10,ORB Long A (3c),14406,3,86436,345,0.40,0,705,0.82,-88.5,-0.10,52891,52.89,38
559,Exit long,2023-06-09 10:25,L-TP2,14559.25,3,87805.5,-450,-0.51,0,322.5,0.37,-450,-0.51,52441,52.44,20
559,Entry long,2023-06-09 08:45,ORB Long A+ (3c),14634.25,3,87805.5,-450,-0.51,0,322.5,0.37,-450,-0.51,52441,52.44,20
560,Exit short,2023-06-09 15:25,EOD Close,14570.25,2,58205,-76,-0.13,0,221,0.38,-255,-0.44,52365,52.36,60
560,Entry short,2023-06-09 10:25,ORB Short C+ (2c),14551.25,2,58205,-76,-0.13,0,221,0.38,-255,-0.44,52365,52.36,60
561,Exit short,2023-06-13 09:35,S-TP2,15022.75,2,60170,79,0.13,0,319,0.53,-95,-0.16,52444,52.44,10
561,Entry short,2023-06-13 08:45,ORB Short B (2c),15042.5,2,60170,79,0.13,0,319,0.53,-95,-0.16,52444,52.44,10
562,Exit long,2023-06-14 11:05,L-TP2,15155.75,3,90702,232.5,0.26,0,592.5,0.65,-79.5,-0.09,52676.5,52.68,28
562,Entry long,2023-06-14 08:45,ORB Long A (3c),15117,3,90702,232.5,0.26,0,592.5,0.65,-79.5,-0.09,52676.5,52.68,28
563,Exit long,2023-06-15 12:15,L-TP2,15264.75,3,91152,436.5,0.48,0,796.5,0.87,-66,-0.07,53113,53.11,42
563,Entry long,2023-06-15 08:45,ORB Long A (3c),15192,3,91152,436.5,0.48,0,796.5,0.87,-66,-0.07,53113,53.11,42
564,Exit long,2023-06-20 09:00,L-TP2,15222.5,3,91785,-450,-0.49,0,15,0.02,-450,-0.49,52663,52.66,3
564,Entry long,2023-06-20 08:45,ORB Long B+ (3c),15297.5,3,91785,-450,-0.49,0,15,0.02,-450,-0.49,52663,52.66,3
565,Exit long,2023-06-22 09:40,L-TP2,15089.25,3,90417,118.5,0.13,0,478.5,0.53,-85.5,-0.09,52781.5,52.78,11
565,Entry long,2023-06-22 08:45,ORB Long B+ (3c),15069.5,3,90417,118.5,0.13,0,478.5,0.53,-85.5,-0.09,52781.5,52.78,11
566,Exit long,2023-06-23 15:25,EOD Close,15051.5,2,60412,-206,-0.34,0,210,0.35,-289,-0.48,52575.5,52.58,50
566,Entry long,2023-06-23 11:15,ORB Long B (2c),15103,2,60412,-206,-0.34,0,210,0.35,-289,-0.48,52575.5,52.58,50
567,Exit long,2023-06-26 09:40,L-TP2,15048,3,90738,-450,-0.50,0,175.5,0.19,-450,-0.50,52125.5,52.13,10
567,Entry long,2023-06-26 08:50,ORB Long A+ (3c),15123,3,90738,-450,-0.50,0,175.5,0.19,-450,-0.50,52125.5,52.13,10
568,Exit short,2023-06-26 11:30,S-TP2,14907.5,2,60096,466,0.78,0,466,0.78,-37,-0.06,52591.5,52.59,16
568,Entry short,2023-06-26 10:10,ORB Short C (2c),15024,2,60096,466,0.78,0,466,0.78,-37,-0.06,52591.5,52.59,16
569,Exit long,2023-06-27 13:35,L-TP2,15133.75,3,89893.5,909,1.01,0,909,1.01,-49.5,-0.06,53500.5,53.50,38
569,Entry long,2023-06-27 10:25,ORB Long A (3c),14982.25,3,89893.5,909,1.01,0,909,1.01,-49.5,-0.06,53500.5,53.50,38
570,Exit long,2023-06-28 10:10,L-TP2,15146.75,3,90684,196.5,0.22,0,556.5,0.61,-81,-0.09,53697,53.70,11
570,Entry long,2023-06-28 09:15,ORB Long A+ (3c),15114,3,90684,196.5,0.22,0,556.5,0.61,-81,-0.09,53697,53.70,11
571,Exit long,2023-06-28 15:25,EOD Close,15164.5,3,90676.5,310.5,0.34,0,399,0.44,-285,-0.31,54007.5,54.01,37
571,Entry long,2023-06-28 12:20,ORB Long A (3c),15112.75,3,90676.5,310.5,0.34,0,399,0.44,-285,-0.31,54007.5,54.01,37
572,Exit long,2023-06-30 15:25,EOD Close,15314,3,91963.5,-79.5,-0.09,0,295.5,0.32,-268.5,-0.29,53928,53.93,80
572,Entry long,2023-06-30 08:45,ORB Long A+ (3c),15327.25,3,91963.5,-79.5,-0.09,0,295.5,0.32,-268.5,-0.29,53928,53.93,80
573,Exit long,2023-07-05 15:25,EOD Close,15355.25,3,92308.5,-177,-0.19,0,282,0.31,-363,-0.39,53751,53.75,79
573,Entry long,2023-07-05 08:50,ORB Long B+ (3c),15384.75,3,92308.5,-177,-0.19,0,282,0.31,-363,-0.39,53751,53.75,79
574,Exit long,2023-07-06 15:25,EOD Close,15226.75,2,60862,45,0.07,0,147,0.24,-96,-0.16,53796,53.80,42
574,Entry long,2023-07-06 11:55,ORB Long B (2c),15215.5,2,60862,45,0.07,0,147,0.24,-96,-0.16,53796,53.80,42
575,Exit long,2023-07-07 09:30,L-TP2,15188.5,3,91489.5,-358.5,-0.39,0,178.5,0.20,-358.5,-0.39,53437.5,53.44,9
575,Entry long,2023-07-07 08:45,ORB Long A+ (3c),15248.25,3,91489.5,-358.5,-0.39,0,178.5,0.20,-358.5,-0.39,53437.5,53.44,9
576,Exit short,2023-07-07 09:50,S-TP2,15243,2,60738,-234,-0.39,0,15,0.02,-234,-0.39,53203.5,53.20,4
576,Entry short,2023-07-07 09:30,ORB Short B (2c),15184.5,2,60738,-234,-0.39,0,15,0.02,-234,-0.39,53203.5,53.20,4
577,Exit long,2023-07-07 13:40,L-TP2,15299.75,3,91522.5,276,0.30,0,636,0.69,-79.5,-0.09,53479.5,53.48,44
577,Entry long,2023-07-07 10:00,ORB Long A (3c),15253.75,3,91522.5,276,0.30,0,636,0.69,-79.5,-0.09,53479.5,53.48,44
578,Exit long,2023-07-11 13:35,L-TP2,15161,2,60944,-300,-0.49,0,56,0.09,-300,-0.49,53179.5,53.18,32
578,Entry long,2023-07-11 10:55,ORB Long B (2c),15236,2,60944,-300,-0.49,0,56,0.09,-300,-0.49,53179.5,53.18,32
579,Exit long,2023-07-13 15:25,EOD Close,15699.25,3,93718.5,477,0.51,0,729,0.78,-373.5,-0.40,53656.5,53.66,79
579,Entry long,2023-07-13 08:50,ORB Long A+ (3c),15619.75,3,93718.5,477,0.51,0,729,0.78,-373.5,-0.40,53656.5,53.66,79
580,Exit long,2023-07-14 12:05,L-TP2,15731,3,94836,-450,-0.47,0,309,0.33,-450,-0.47,53206.5,53.21,39
580,Entry long,2023-07-14 08:50,ORB Long A (3c),15806,3,94836,-450,-0.47,0,309,0.33,-450,-0.47,53206.5,53.21,39
581,Exit long,2023-07-17 15:00,L-TP2,15826.75,3,94705.5,255,0.27,0,615,0.65,-144,-0.15,53461.5,53.46,54
581,Entry long,2023-07-17 10:30,ORB Long B+ (3c),15784.25,3,94705.5,255,0.27,0,615,0.65,-144,-0.15,53461.5,53.46,54
582,Exit long,2023-07-18 13:15,L-TP2,15983.75,3,94989,913.5,0.96,0,913.5,0.96,-1.5,0.00,54375,54.37,31
582,Entry long,2023-07-18 10:40,ORB Long A+ (3c),15831.5,3,94989,913.5,0.96,0,913.5,0.96,-1.5,0.00,54375,54.37,31
583,Exit long,2023-07-19 11:20,L-TP2,15978,3,96249,-381,-0.40,0,126,0.13,-381,-0.40,53994,53.99,14
583,Entry long,2023-07-19 10:10,ORB Long A (3c),16041.5,3,96249,-381,-0.40,0,126,0.13,-381,-0.40,53994,53.99,14
584,Exit short,2023-07-19 15:25,EOD Close,15937.75,2,63840,89,0.14,0,196,0.31,-159,-0.25,54083,54.08,46
584,Entry short,2023-07-19 11:35,ORB Short C (2c),15960,2,63840,89,0.14,0,196,0.31,-159,-0.25,54083,54.08,46
585,Exit short,2023-07-20 10:00,S-TP2,15759.25,2,63289,252,0.40,0,492,0.78,-39,-0.06,54335,54.34,12
585,Entry short,2023-07-20 09:00,ORB Short B (2c),15822.25,2,63289,252,0.40,0,492,0.78,-39,-0.06,54335,54.34,12
586,Exit long,2023-07-25 14:55,L-TP2,15676,4,125158,250,0.20,0,730,0.58,-336,-0.27,54585,54.58,74
586,Entry long,2023-07-25 08:45,ORB Long B+ (4c),15644.75,4,125158,250,0.20,0,730,0.58,-336,-0.27,54585,54.58,74
587,Exit short,2023-07-27 13:25,S-TP2,15627.5,2,63206,696,1.10,0,696,1.10,-53,-0.08,55281,55.28,16
587,Entry short,2023-07-27 12:05,ORB Short C (2c),15801.5,2,63206,696,1.10,0,696,1.10,-53,-0.08,55281,55.28,16
588,Exit long,2023-07-28 12:05,L-TP2,15835.75,3,94804.5,210,0.22,0,570,0.60,-115.5,-0.12,55491,55.49,40
588,Entry long,2023-07-28 08:45,ORB Long A (3c),15800.75,3,94804.5,210,0.22,0,570,0.60,-115.5,-0.12,55491,55.49,40
589,Exit short,2023-08-07 13:00,S-TP2,15457.75,3,92296.5,-450,-0.49,0,289.5,0.31,-450,-0.49,55041,55.04,51
589,Entry short,2023-08-07 08:45,ORB Short A (3c),15382.75,3,92296.5,-450,-0.49,0,289.5,0.31,-450,-0.49,55041,55.04,51
590,Exit short,2023-08-08 11:15,S-TP2,15276.25,3,91719,61.5,0.07,0,421.5,0.46,-127.5,-0.14,55102.5,55.10,30
590,Entry short,2023-08-08 08:45,ORB Short A (3c),15286.5,3,91719,61.5,0.07,0,421.5,0.46,-127.5,-0.14,55102.5,55.10,30
591,Exit short,2023-08-09 11:25,S-TP2,15205,3,91666.5,436.5,0.48,0,796.5,0.87,-142.5,-0.16,55539,55.54,31
591,Entry short,2023-08-09 08:50,ORB Short A (3c),15277.75,3,91666.5,436.5,0.48,0,796.5,0.87,-142.5,-0.16,55539,55.54,31
592,Exit long,2023-08-10 10:00,L-TP2,15302.5,2,61510,-300,-0.49,0,257,0.42,-300,-0.49,55239,55.24,15
592,Entry long,2023-08-10 08:45,ORB Long B (2c),15377.5,2,61510,-300,-0.49,0,257,0.42,-300,-0.49,55239,55.24,15
593,Exit short,2023-08-10 13:05,S-TP2,15196,3,91632,456,0.50,0,816,0.89,-325.5,-0.36,55695,55.69,33
593,Entry short,2023-08-10 10:20,ORB Short A (3c),15272,3,91632,456,0.50,0,816,0.89,-325.5,-0.36,55695,55.69,33
594,Exit short,2023-08-11 11:15,S-TP2,15116,3,90246,-450,-0.50,0,9,0.01,-450,-0.50,55245,55.25,9
594,Entry short,2023-08-11 10:30,ORB Short B+ (3c),15041,3,90246,-450,-0.50,0,9,0.01,-450,-0.50,55245,55.25,9
595,Exit short,2023-08-11 13:25,S-TP2,15116.75,3,90342,-358.5,-0.40,0,21,0.02,-358.5,-0.40,54886.5,54.89,16
595,Entry short,2023-08-11 12:05,ORB Short B+ (3c),15057,3,90342,-358.5,-0.40,0,21,0.02,-358.5,-0.40,54886.5,54.89,16
596,Exit long,2023-08-14 11:15,L-TP2,15188.5,2,60464,290,0.48,0,530,0.88,-64,-0.11,55176.5,55.18,29
596,Entry long,2023-08-14 08:50,ORB Long B (2c),15116,2,60464,290,0.48,0,530,0.88,-64,-0.11,55176.5,55.18,29
597,Exit short,2023-08-15 10:00,S-TP2,15168,3,91177.5,169.5,0.19,0,529.5,0.58,-126,-0.14,55346,55.35,15
597,Entry short,2023-08-15 08:45,ORB Short A (3c),15196.25,3,91177.5,169.5,0.19,0,529.5,0.58,-126,-0.14,55346,55.35,15
598,Exit short,2023-08-16 15:25,EOD Close,14924.75,3,90267,718.5,0.80,0,733.5,0.81,-255,-0.28,56064.5,56.06,54
598,Entry short,2023-08-16 10:55,ORB Short B+ (3c),15044.5,3,90267,718.5,0.80,0,733.5,0.81,-255,-0.28,56064.5,56.06,54
599,Exit short,2023-08-17 14:15,S-TP2,14755.25,3,89491.5,960,1.07,0,960,1.07,-255,-0.28,57024.5,57.02,65
599,Entry short,2023-08-17 08:50,ORB Short A+ (3c),14915.25,3,89491.5,960,1.07,0,960,1.07,-255,-0.28,57024.5,57.02,65
600,Exit short,2023-08-21 11:20,S-TP2,14870.25,2,59181,-300,-0.51,0,28,0.05,-300,-0.51,56724.5,56.72,8
600,Entry short,2023-08-21 10:40,ORB Short B (2c),14795.25,2,59181,-300,-0.51,0,28,0.05,-300,-0.51,56724.5,56.72,8
601,Exit short,2023-08-22 11:50,S-TP2,14993.25,3,90094.5,135,0.15,0,495,0.55,-246,-0.27,56859.5,56.86,36
601,Entry short,2023-08-22 08:50,ORB Short B+ (3c),15015.75,3,90094.5,135,0.15,0,495,0.55,-246,-0.27,56859.5,56.86,36
602,Exit short,2023-08-25 10:05,S-TP2,14812.75,3,89326.5,450,0.50,0,810,0.91,-120,-0.13,57309.5,57.31,8
602,Entry short,2023-08-25 09:25,ORB Short B+ (3c),14887.75,3,89326.5,450,0.50,0,810,0.91,-120,-0.13,57309.5,57.31,8
603,Exit short,2023-08-25 13:20,S-TP2,14948,3,89241,-447,-0.50,0,219,0.25,-447,-0.50,56862.5,56.86,13
603,Entry short,2023-08-25 12:15,ORB Short B+ (3c),14873.5,3,89241,-447,-0.50,0,219,0.25,-447,-0.50,56862.5,56.86,13
604,Exit short,2023-08-28 14:45,S-TP2,15108.25,2,60133,-300,-0.50,0,199,0.33,-300,-0.50,56562.5,56.56,61
604,Entry short,2023-08-28 09:40,ORB Short B (2c),15033.25,2,60133,-300,-0.50,0,199,0.33,-300,-0.50,56562.5,56.56,61
605,Exit long,2023-08-30 09:25,L-TP2,15388.5,2,61854,-300,-0.49,0,176,0.28,-300,-0.49,56262.5,56.26,7
605,Entry long,2023-08-30 08:50,ORB Long B (2c),15463.5,2,61854,-300,-0.49,0,176,0.28,-300,-0.49,56262.5,56.26,7
606,Exit long,2023-08-30 15:25,EOD Close,15512,2,61801,247,0.40,0,297,0.48,-94,-0.15,56509.5,56.51,70
606,Entry long,2023-08-30 09:35,ORB Long B (2c),15450.25,2,61801,247,0.40,0,297,0.48,-94,-0.15,56509.5,56.51,70
607,Exit long,2023-08-31 15:25,EOD Close,15541.25,3,93400.5,-153,-0.16,0,240,0.26,-438,-0.47,56356.5,56.36,78
607,Entry long,2023-08-31 08:55,ORB Long A+ (3c),15566.75,3,93400.5,-153,-0.16,0,240,0.26,-438,-0.47,56356.5,56.36,78
608,Exit long,2023-09-05 10:35,L-TP2,15517.25,2,62043,26,0.04,0,266,0.43,-135,-0.22,56382.5,56.38,15
608,Entry long,2023-09-05 09:20,ORB Long B (2c),15510.75,2,62043,26,0.04,0,266,0.43,-135,-0.22,56382.5,56.38,15
609,Exit short,2023-09-11 12:30,S-TP2,15440,2,61460,-300,-0.49,0,105,0.17,-300,-0.49,56082.5,56.08,43
609,Entry short,2023-09-11 08:55,ORB Short B (2c),15365,2,61460,-300,-0.49,0,105,0.17,-300,-0.49,56082.5,56.08,43
610,Exit long,2023-09-11 15:25,EOD Close,15477.25,3,92712,151.5,0.16,0,276,0.30,-1.5,0.00,56234,56.23,32
610,Entry long,2023-09-11 12:45,ORB Long A (3c),15452,3,92712,151.5,0.16,0,276,0.30,-1.5,0.00,56234,56.23,32
611,Exit long,2023-09-12 09:25,L-TP2,15583.75,3,93901.5,-399,-0.42,0,24,0.03,-399,-0.42,55835,55.84,6
611,Entry long,2023-09-12 08:55,ORB Long A (3c),15650.25,3,93901.5,-399,-0.42,0,24,0.03,-399,-0.42,55835,55.84,6
612,Exit short,2023-09-12 15:25,EOD Close,15502.75,2,62329,318,0.51,0,393,0.63,-134,-0.21,56153,56.15,72
612,Entry short,2023-09-12 09:25,ORB Short C (2c),15582.25,2,62329,318,0.51,0,393,0.63,-134,-0.21,56153,56.15,72
613,Exit short,2023-09-13 09:40,S-TP2,15559,2,61936,-300,-0.48,0,120,0.19,-300,-0.48,55853,55.85,7
613,Entry short,2023-09-13 09:05,ORB Short C (2c),15484,2,61936,-300,-0.48,0,120,0.19,-300,-0.48,55853,55.85,7
614,Exit long,2023-09-13 15:25,EOD Close,15568.75,3,93487.5,-75,-0.08,0,232.5,0.25,-438,-0.47,55778,55.78,65
614,Entry long,2023-09-13 10:00,ORB Long A (3c),15581.25,3,93487.5,-75,-0.08,0,232.5,0.25,-438,-0.47,55778,55.78,65
615,Exit short,2023-09-14 09:40,S-TP2,15636,2,62244,-300,-0.48,0,120,0.19,-300,-0.48,55478,55.48,10
615,Entry short,2023-09-14 08:50,ORB Short C (2c),15561,2,62244,-300,-0.48,0,120,0.19,-300,-0.48,55478,55.48,10
616,Exit long,2023-09-14 15:25,EOD Close,15695.5,3,93871.5,301.5,0.32,0,417,0.44,-109.5,-0.12,55779.5,55.78,69
616,Entry long,2023-09-14 09:40,ORB Long B+ (3c),15645.25,3,93871.5,301.5,0.32,0,417,0.44,-109.5,-0.12,55779.5,55.78,69
617,Exit long,2023-09-18 15:25,EOD Close,15427.25,2,61742,-33,-0.05,0,101,0.16,-225,-0.36,55746.5,55.75,59
617,Entry long,2023-09-18 10:30,ORB Long B (2c),15435.5,2,61742,-33,-0.05,0,101,0.16,-225,-0.36,55746.5,55.75,59
618,Exit short,2023-09-21 15:25,EOD Close,14843.5,4,119706,958,0.80,0,982,0.82,-444,-0.37,56704.5,56.70,80
618,Entry short,2023-09-21 08:45,ORB Short B+ (4c),14963.25,4,119706,958,0.80,0,982,0.82,-444,-0.37,56704.5,56.70,80
619,Exit long,2023-09-22 13:10,L-TP2,14888,2,59799,-247,-0.41,0,310,0.52,-247,-0.41,56457.5,56.46,51
619,Entry long,2023-09-22 08:55,ORB Long B (2c),14949.75,2,59799,-247,-0.41,0,310,0.52,-247,-0.41,56457.5,56.46,51
620,Exit long,2023-09-28 10:40,L-TP2,14876.25,2,58932,573,0.97,0,573,0.97,-215,-0.36,57030.5,57.03,22
620,Entry long,2023-09-28 08:50,ORB Long B (2c),14733,2,58932,573,0.97,0,573,0.97,-215,-0.36,57030.5,57.03,22
621,Exit short,2023-10-05 09:35,S-TP2,14729.75,3,89082,703.5,0.79,0,703.5,0.79,-67.5,-0.08,57734,57.73,10
621,Entry short,2023-10-05 08:45,ORB Short A+ (3c),14847,3,89082,703.5,0.79,0,703.5,0.79,-67.5,-0.08,57734,57.73,10
622,Exit long,2023-10-10 12:00,L-TP2,15323.5,2,60962,332,0.54,0,572,0.94,-12,-0.02,58066,58.07,37
622,Entry long,2023-10-10 08:55,ORB Long C+ (2c),15240.5,2,60962,332,0.54,0,572,0.94,-12,-0.02,58066,58.07,37
623,Exit long,2023-10-12 12:05,L-TP2,15366,4,123378,-450,-0.36,0,378,0.31,-450,-0.36,57616,57.62,36
623,Entry long,2023-10-12 09:05,ORB Long B+ (4c),15422.25,4,123378,-450,-0.36,0,378,0.31,-450,-0.36,57616,57.62,36
624,Exit short,2023-10-12 13:00,S-TP2,15269.25,2,61456,379,0.62,0,379,0.62,-15,-0.02,57995,58.00,11
624,Entry short,2023-10-12 12:05,ORB Short C (2c),15364,2,61456,379,0.62,0,379,0.62,-15,-0.02,57995,58.00,11
625,Exit short,2023-10-13 10:55,S-TP2,15116.25,2,61154,689,1.13,0,689,1.13,-70,-0.11,58684,58.68,21
625,Entry short,2023-10-13 09:10,ORB Short C (2c),15288.5,2,61154,689,1.13,0,689,1.13,-70,-0.11,58684,58.68,21
626,Exit long,2023-10-16 15:25,EOD Close,15306.75,2,61054,173,0.28,0,298,0.49,-207,-0.34,58857,58.86,74
626,Entry long,2023-10-16 09:15,ORB Long B (2c),15263.5,2,61054,173,0.28,0,298,0.49,-207,-0.34,58857,58.86,74
627,Exit long,2023-10-18 09:35,L-TP2,15125.75,2,60803,-300,-0.49,0,93,0.15,-300,-0.49,58557,58.56,4
627,Entry long,2023-10-18 09:15,ORB Long B (2c),15200.75,2,60803,-300,-0.49,0,93,0.15,-300,-0.49,58557,58.56,4
628,Exit short,2023-10-20 10:55,S-TP2,14720,3,88701,381,0.43,0,741,0.84,-177,-0.20,58938,58.94,21
628,Entry short,2023-10-20 09:10,ORB Short A+ (3c),14783.5,3,88701,381,0.43,0,741,0.84,-177,-0.20,58938,58.94,21
629,Exit short,2023-10-24 13:30,S-TP2,14832,3,88542,-450,-0.51,0,307.5,0.35,-450,-0.51,58488,58.49,26
629,Entry short,2023-10-24 11:20,ORB Short B+ (3c),14757,3,88542,-450,-0.51,0,307.5,0.35,-450,-0.51,58488,58.49,26
630,Exit short,2023-10-25 15:15,S-TP2,14500,3,87678,678,0.77,0,1038,1.18,-432,-0.49,59166,59.17,78
630,Entry short,2023-10-25 08:45,ORB Short A (3c),14613,3,87678,678,0.77,0,1038,1.18,-432,-0.49,59166,59.17,78
631,Exit short,2023-10-26 09:25,S-TP2,14330,3,86178,198,0.23,0,558,0.65,-21,-0.02,59364,59.36,8
631,Entry short,2023-10-26 08:45,ORB Short A+ (3c),14363,3,86178,198,0.23,0,558,0.65,-21,-0.02,59364,59.36,8
632,Exit short,2023-10-27 09:05,S-TP2,14349.5,3,85779,-318,-0.37,0,33,0.04,-318,-0.37,59046,59.05,4
632,Entry short,2023-10-27 08:45,ORB Short B (3c),14296.5,3,85779,-318,-0.37,0,33,0.04,-318,-0.37,59046,59.05,4
633,Exit short,2023-10-27 10:05,S-TP2,14349.5,2,57110,-288,-0.50,0,14,0.02,-288,-0.50,58758,58.76,5
633,Entry short,2023-10-27 09:40,ORB Short C (2c),14277.5,2,57110,-288,-0.50,0,14,0.02,-288,-0.50,58758,58.76,5
634,Exit short,2023-10-27 13:35,S-TP2,14272.25,2,57179,90,0.16,0,330,0.58,-2,0.00,58848,58.85,19
634,Entry short,2023-10-27 12:00,ORB Short C+ (2c),14294.75,2,57179,90,0.16,0,330,0.58,-2,0.00,58848,58.85,19
635,Exit short,2023-10-30 12:30,S-TP2,14408.75,2,57335,-300,-0.52,0,110,0.19,-300,-0.52,58548,58.55,35
635,Entry short,2023-10-30 09:35,ORB Short B (2c),14333.75,2,57335,-300,-0.52,0,110,0.19,-300,-0.52,58548,58.55,35
636,Exit long,2023-11-03 15:25,EOD Close,15185.5,2,60461,281,0.46,0,453,0.75,-254,-0.42,58829,58.83,80
636,Entry long,2023-11-03 08:45,ORB Long B (2c),15115.25,2,60461,281,0.46,0,453,0.75,-254,-0.42,58829,58.83,80
637,Exit long,2023-11-07 11:15,L-TP2,15343.25,3,91788,271.5,0.30,0,631.5,0.69,-150,-0.16,59100.5,59.10,28
637,Entry long,2023-11-07 08:55,ORB Long A (3c),15298,3,91788,271.5,0.30,0,631.5,0.69,-150,-0.16,59100.5,59.10,28
638,Exit long,2023-11-09 09:05,L-TP2,15365.75,3,92538,-343.5,-0.37,0,58.5,0.06,-343.5,-0.37,58757,58.76,2
638,Entry long,2023-11-09 08:55,ORB Long A+ (3c),15423,3,92538,-343.5,-0.37,0,58.5,0.06,-343.5,-0.37,58757,58.76,2
639,Exit short,2023-11-09 10:05,S-TP2,15419.25,2,61452,-225,-0.37,0,67,0.11,-225,-0.37,58532,58.53,8
639,Entry short,2023-11-09 09:25,ORB Short C (2c),15363,2,61452,-225,-0.37,0,67,0.11,-225,-0.37,58532,58.53,8
640,Exit long,2023-11-09 12:00,L-TP2,15365.75,4,123358,-432,-0.35,0,268,0.22,-432,-0.35,58100,58.10,22
640,Entry long,2023-11-09 10:10,ORB Long A (4c),15419.75,4,123358,-432,-0.35,0,268,0.22,-432,-0.35,58100,58.10,22
641,Exit long,2023-11-10 11:40,L-TP2,15533.75,3,92305.5,897,0.97,0,897,0.97,-373.5,-0.40,58997,59.00,34
641,Entry long,2023-11-10 08:50,ORB Long A (3c),15384.25,3,92305.5,897,0.97,0,897,0.97,-373.5,-0.40,58997,59.00,34
642,Exit short,2023-11-13 09:45,S-TP2,15539,2,61903,-253,-0.41,0,42,0.07,-253,-0.41,58744,58.74,11
642,Entry short,2023-11-13 08:50,ORB Short B (2c),15475.75,2,61903,-253,-0.41,0,42,0.07,-253,-0.41,58744,58.74,11
643,Exit long,2023-11-13 15:25,EOD Close,15552.75,3,93258,58.5,0.06,0,279,0.30,-81,-0.09,58802.5,58.80,67
643,Entry long,2023-11-13 09:50,ORB Long A (3c),15543,3,93258,58.5,0.06,0,279,0.30,-81,-0.09,58802.5,58.80,67
644,Exit long,2023-11-14 15:25,EOD Close,15900.75,3,95172,232.5,0.24,0,340.5,0.36,-240,-0.25,59035,59.04,78
644,Entry long,2023-11-14 08:55,ORB Long B+ (3c),15862,3,95172,232.5,0.24,0,340.5,0.36,-240,-0.25,59035,59.04,78
645,Exit long,2023-11-20 15:25,EOD Close,16082.75,3,95977.5,519,0.54,0,723,0.75,-352.5,-0.37,59554,59.55,78
645,Entry long,2023-11-20 08:55,ORB Long B+ (3c),15996.25,3,95977.5,519,0.54,0,723,0.75,-352.5,-0.37,59554,59.55,78
646,Exit long,2023-11-27 15:25,EOD Close,16007,3,96264,-222,-0.23,0,270,0.28,-277.5,-0.29,59332,59.33,76
646,Entry long,2023-11-27 09:05,ORB Long B+ (3c),16044,3,96264,-222,-0.23,0,270,0.28,-277.5,-0.29,59332,59.33,76
647,Exit long,2023-12-01 09:25,L-TP2,15875.5,3,95625,-372,-0.39,0,75,0.08,-372,-0.39,58960,58.96,5
647,Entry long,2023-12-01 09:00,ORB Long A+ (3c),15937.5,3,95625,-372,-0.39,0,75,0.08,-372,-0.39,58960,58.96,5
648,Exit long,2023-12-01 12:40,L-TP2,15990,3,95640,300,0.31,0,660,0.69,-58.5,-0.06,59260,59.26,31
648,Entry long,2023-12-01 10:05,ORB Long A (3c),15940,3,95640,300,0.31,0,660,0.69,-58.5,-0.06,59260,59.26,31
649,Exit long,2023-12-05 09:25,L-TP2,15876.75,3,95113.5,147,0.15,0,507,0.53,-33,-0.03,59407,59.41,7
649,Entry long,2023-12-05 08:50,ORB Long A+ (3c),15852.25,3,95113.5,147,0.15,0,507,0.53,-33,-0.03,59407,59.41,7
650,Exit long,2023-12-05 15:25,EOD Close,15910.25,3,95209.5,252,0.26,0,346.5,0.36,-244.5,-0.26,59659,59.66,54
650,Entry long,2023-12-05 10:55,ORB Long A (3c),15868.25,3,95209.5,252,0.26,0,346.5,0.36,-244.5,-0.26,59659,59.66,54
651,Exit short,2023-12-06 15:25,EOD Close,15812,2,63682,434,0.68,0,474,0.74,-208,-0.33,60093,60.09,77
651,Entry short,2023-12-06 09:00,ORB Short C (2c),15920.5,2,63682,434,0.68,0,474,0.74,-208,-0.33,60093,60.09,77
652,Exit long,2023-12-07 15:25,EOD Close,16014,3,95962.5,121.5,0.13,0,432,0.45,-378,-0.39,60214.5,60.21,73
652,Entry long,2023-12-07 09:20,ORB Long A (3c),15993.75,3,95962.5,121.5,0.13,0,432,0.45,-378,-0.39,60214.5,60.21,73
653,Exit long,2023-12-08 15:25,EOD Close,16093.25,3,96270,289.5,0.30,0,444,0.46,-331.5,-0.34,60504,60.50,77
653,Entry long,2023-12-08 09:00,ORB Long A+ (3c),16045,3,96270,289.5,0.30,0,444,0.46,-331.5,-0.34,60504,60.50,77
654,Exit long,2023-12-11 15:25,EOD Close,16239.75,3,96904.5,534,0.55,0,573,0.59,-175.5,-0.18,61038,61.04,79
654,Entry long,2023-12-11 08:50,ORB Long A+ (3c),16150.75,3,96904.5,534,0.55,0,573,0.59,-175.5,-0.18,61038,61.04,79
655,Exit long,2023-12-12 15:25,EOD Close,16595.75,2,65868,515,0.78,0,532,0.81,-50,-0.08,61553,61.55,78
655,Entry long,2023-12-12 08:55,ORB Long B (2c),16467,2,65868,515,0.78,0,532,0.81,-50,-0.08,61553,61.55,78
656,Exit short,2023-12-14 11:25,S-TP2,16802.5,2,67220,10,0.01,0,250,0.37,-61,-0.09,61563,61.56,26
656,Entry short,2023-12-14 09:15,ORB Short C (2c),16805,2,67220,10,0.01,0,250,0.37,-61,-0.09,61563,61.56,26
657,Exit long,2023-12-15 12:40,L-TP2,16780.25,3,101088,-406.5,-0.40,0,235.5,0.23,-406.5,-0.40,61156.5,61.16,41
657,Entry long,2023-12-15 09:15,ORB Long A (3c),16848,3,101088,-406.5,-0.40,0,235.5,0.23,-406.5,-0.40,61156.5,61.16,41
658,Exit short,2023-12-15 14:50,S-TP2,16844.25,2,67110,-267,-0.40,0,59,0.09,-267,-0.40,60889.5,60.89,26
658,Entry short,2023-12-15 12:40,ORB Short B (2c),16777.5,2,67110,-267,-0.40,0,59,0.09,-267,-0.40,60889.5,60.89,26
659,Exit long,2023-12-18 15:05,L-TP2,16914.25,4,135028,286,0.21,0,766,0.57,-182,-0.13,61175.5,61.18,74
659,Entry long,2023-12-18 08:55,ORB Long A (4c),16878.5,4,135028,286,0.21,0,766,0.57,-182,-0.13,61175.5,61.18,74
660,Exit long,2023-12-19 15:25,EOD Close,17023,4,135980,204,0.15,0,256,0.19,-260,-0.19,61379.5,61.38,71
660,Entry long,2023-12-19 09:30,ORB Long A (4c),16997.5,4,135980,204,0.15,0,256,0.19,-260,-0.19,61379.5,61.38,71
661,Exit long,2023-12-20 13:35,L-TP2,16970.75,4,136208,-442,-0.32,0,380,0.28,-442,-0.32,60937.5,60.94,55
661,Entry long,2023-12-20 09:00,ORB Long A+ (4c),17026,4,136208,-442,-0.32,0,380,0.28,-442,-0.32,60937.5,60.94,55
662,Exit short,2023-12-22 13:40,S-TP2,16956,2,67939,115,0.17,0,355,0.52,-147,-0.22,61052.5,61.05,31
662,Entry short,2023-12-22 11:05,ORB Short C (2c),16984.75,2,67939,115,0.17,0,355,0.52,-147,-0.22,61052.5,61.05,31
663,Exit long,2023-12-26 15:25,EOD Close,17085.5,4,136460,224,0.16,0,432,0.32,-278,-0.20,61276.5,61.28,70
663,Entry long,2023-12-26 09:35,ORB Long A (4c),17057.5,4,136460,224,0.16,0,432,0.32,-278,-0.20,61276.5,61.28,70
664,Exit long,2024-01-08 12:40,L-TP2,16723.75,2,66329,566,0.85,0,566,0.85,-23,-0.03,61842.5,61.84,47
664,Entry long,2024-01-08 08:45,ORB Long B (2c),16582.25,2,66329,566,0.85,0,566,0.85,-23,-0.03,61842.5,61.84,47
665,Exit long,2024-01-09 11:00,L-TP2,16833.75,3,100323,679.5,0.68,0,679.5,0.68,-52.5,-0.05,62522,62.52,23
665,Entry long,2024-01-09 09:05,ORB Long A (3c),16720.5,3,100323,679.5,0.68,0,679.5,0.68,-52.5,-0.05,62522,62.52,23
666,Exit short,2024-01-11 09:15,S-TP2,16884.5,2,67798,260,0.38,0,500,0.74,-48,-0.07,62782,62.78,6
666,Entry short,2024-01-11 08:45,ORB Short C (2c),16949.5,2,67798,260,0.38,0,500,0.74,-48,-0.07,62782,62.78,6
667,Exit short,2024-01-12 15:25,EOD Close,16954.25,2,67837,20,0.03,0,184,0.27,-183,-0.27,62802,62.80,77
667,Entry short,2024-01-12 09:00,ORB Short C (2c),16959.25,2,67837,20,0.03,0,184,0.27,-183,-0.27,62802,62.80,77
668,Exit long,2024-01-16 10:00,L-TP2,16974,2,67859,37,0.05,0,277,0.41,-11,-0.02,62839,62.84,9
668,Entry long,2024-01-16 09:15,ORB Long B (2c),16964.75,2,67859,37,0.05,0,277,0.41,-11,-0.02,62839,62.84,9
669,Exit long,2024-01-16 13:15,L-TP2,16872.5,2,67790,-300,-0.44,0,3,0.00,-300,-0.44,62539,62.54,9
669,Entry long,2024-01-16 12:30,ORB Long B (2c),16947.5,2,67790,-300,-0.44,0,3,0.00,-300,-0.44,62539,62.54,9
670,Exit long,2024-01-18 11:10,L-TP2,16995.5,3,102352.5,-379.5,-0.37,0,262.5,0.26,-379.5,-0.37,62159.5,62.16,19
670,Entry long,2024-01-18 09:35,ORB Long A (3c),17058.75,3,102352.5,-379.5,-0.37,0,262.5,0.26,-379.5,-0.37,62159.5,62.16,19
671,Exit short,2024-01-18 13:10,S-TP2,17052.25,2,67909,-300,-0.44,0,139,0.20,-300,-0.44,61859.5,61.86,14
671,Entry short,2024-01-18 12:00,ORB Short C (2c),16977.25,2,67909,-300,-0.44,0,139,0.20,-300,-0.44,61859.5,61.86,14
672,Exit long,2024-01-23 15:25,EOD Close,17542.25,3,104937,316.5,0.30,0,394.5,0.38,-177,-0.17,62176,62.18,42
672,Entry long,2024-01-23 11:55,ORB Long A (3c),17489.5,3,104937,316.5,0.30,0,394.5,0.38,-177,-0.17,62176,62.18,42
673,Exit long,2024-01-24 12:15,L-TP2,17734,3,106218,186,0.18,0,546,0.51,-90,-0.08,62362,62.36,36
673,Entry long,2024-01-24 09:15,ORB Long A (3c),17703,3,106218,186,0.18,0,546,0.51,-90,-0.08,62362,62.36,36
674,Exit long,2024-01-25 11:05,L-TP2,17674.75,4,141842,-444,-0.31,0,174,0.12,-444,-0.31,61918,61.92,20
674,Entry long,2024-01-25 09:25,ORB Long B+ (4c),17730.25,4,141842,-444,-0.31,0,174,0.12,-444,-0.31,61918,61.92,20
675,Exit long,2024-01-29 15:25,EOD Close,17703.75,3,105592.5,630,0.60,0,705,0.67,-124.5,-0.12,62548,62.55,49
675,Entry long,2024-01-29 11:20,ORB Long A+ (3c),17598.75,3,105592.5,630,0.60,0,705,0.67,-124.5,-0.12,62548,62.55,49
676,Exit long,2024-02-02 11:25,L-TP2,17733.75,2,70344,591,0.84,0,591,0.84,-151,-0.21,63139,63.14,32
676,Entry long,2024-02-02 08:45,ORB Long B (2c),17586,2,70344,591,0.84,0,591,0.84,-151,-0.21,63139,63.14,32
677,Exit short,2024-02-05 09:40,S-TP2,17595.25,2,70758,377,0.53,0,377,0.53,-73,-0.10,63516,63.52,10
677,Entry short,2024-02-05 08:50,ORB Short C (2c),17689.5,2,70758,377,0.53,0,377,0.53,-73,-0.10,63516,63.52,10
678,Exit short,2024-02-06 10:05,S-TP2,17658,2,70792,160,0.23,0,400,0.57,-16,-0.02,63676,63.68,16
678,Entry short,2024-02-06 08:45,ORB Short B (2c),17698,2,70792,160,0.23,0,400,0.57,-16,-0.02,63676,63.68,16
679,Exit long,2024-02-07 15:25,EOD Close,17847.5,3,106843.5,241.5,0.23,0,412.5,0.39,-166.5,-0.16,63917.5,63.92,75
679,Entry long,2024-02-07 09:10,ORB Long A (3c),17807.25,3,106843.5,241.5,0.23,0,412.5,0.39,-166.5,-0.16,63917.5,63.92,75
680,Exit long,2024-02-08 13:35,L-TP2,17836.5,4,142824,-132,-0.09,0,348,0.24,-236,-0.17,63785.5,63.79,55
680,Entry long,2024-02-08 09:00,ORB Long B+ (4c),17853,4,142824,-132,-0.09,0,348,0.24,-236,-0.17,63785.5,63.79,55
681,Exit long,2024-02-14 09:55,L-TP2,17750.25,2,71301,-300,-0.42,0,87,0.12,-300,-0.42,63485.5,63.49,8
681,Entry long,2024-02-14 09:15,ORB Long B (2c),17825.25,2,71301,-300,-0.42,0,87,0.12,-300,-0.42,63485.5,63.49,8
682,Exit short,2024-02-15 12:15,S-TP2,17900.25,2,71301,-300,-0.42,0,180,0.25,-300,-0.42,63185.5,63.19,41
682,Entry short,2024-02-15 08:50,ORB Short B (2c),17825.25,2,71301,-300,-0.42,0,180,0.25,-300,-0.42,63185.5,63.19,41
683,Exit long,2024-02-15 15:25,EOD Close,17960.75,3,107499,265.5,0.25,0,312,0.29,-259.5,-0.24,63451,63.45,38
683,Entry long,2024-02-15 12:15,ORB Long A (3c),17916.5,3,107499,265.5,0.25,0,312,0.29,-259.5,-0.24,63451,63.45,38
684,Exit short,2024-02-16 09:10,S-TP2,17773.75,2,71449,354,0.50,0,594,0.83,-17,-0.02,63805,63.81,5
684,Entry short,2024-02-16 08:45,ORB Short C (2c),17862.25,2,71449,354,0.50,0,594,0.83,-17,-0.02,63805,63.81,5
685,Exit long,2024-02-22 15:00,L-TP2,18027,3,107673,489,0.45,0,849,0.79,-325.5,-0.30,64294,64.29,75
685,Entry long,2024-02-22 08:45,ORB Long A (3c),17945.5,3,107673,489,0.45,0,849,0.79,-325.5,-0.30,64294,64.29,75
686,Exit long,2024-02-26 12:30,L-TP2,17990.75,3,108333,-388.5,-0.36,0,25.5,0.02,-388.5,-0.36,63905.5,63.91,20
686,Entry long,2024-02-26 10:50,ORB Long B+ (3c),18055.5,3,108333,-388.5,-0.36,0,25.5,0.02,-388.5,-0.36,63905.5,63.91,20
687,Exit long,2024-02-27 11:35,L-TP2,17953.25,2,72113,-300,-0.42,0,17,0.02,-300,-0.42,63605.5,63.61,28
687,Entry long,2024-02-27 09:15,ORB Long B (2c),18028.25,2,72113,-300,-0.42,0,17,0.02,-300,-0.42,63605.5,63.61,28
688,Exit long,2024-02-28 11:35,L-TP2,17901.5,3,107706,-297,-0.28,0,144,0.13,-297,-0.28,63308.5,63.31,19
688,Entry long,2024-02-28 10:00,ORB Long B (3c),17951,3,107706,-297,-0.28,0,144,0.13,-297,-0.28,63308.5,63.31,19
689,Exit long,2024-02-28 13:35,L-TP2,17901.5,3,107713.5,-304.5,-0.28,0,24,0.02,-304.5,-0.28,63004,63.00,12
689,Entry long,2024-02-28 12:35,ORB Long B (3c),17952.25,3,107713.5,-304.5,-0.28,0,24,0.02,-304.5,-0.28,63004,63.00,12
690,Exit long,2024-03-01 12:40,L-TP2,18333.75,3,109035,967.5,0.89,0,967.5,0.89,-169.5,-0.16,63971.5,63.97,43
690,Entry long,2024-03-01 09:05,ORB Long A (3c),18172.5,3,109035,967.5,0.89,0,967.5,0.89,-169.5,-0.16,63971.5,63.97,43
691,Exit long,2024-03-06 12:30,L-TP2,18069.5,3,108789,-372,-0.34,0,256.5,0.24,-372,-0.34,63599.5,63.60,18
691,Entry long,2024-03-06 11:00,ORB Long A (3c),18131.5,3,108789,-372,-0.34,0,256.5,0.24,-372,-0.34,63599.5,63.60,18
692,Exit long,2024-03-07 12:55,L-TP2,18356.25,3,109360.5,777,0.71,0,777,0.71,-49.5,-0.05,64376.5,64.38,43
692,Entry long,2024-03-07 09:20,ORB Long A (3c),18226.75,3,109360.5,777,0.71,0,777,0.71,-49.5,-0.05,64376.5,64.38,43
693,Exit long,2024-03-08 09:35,L-TP2,18376.25,3,110136,121.5,0.11,0,481.5,0.44,-54,-0.05,64498,64.50,10
693,Entry long,2024-03-08 08:45,ORB Long A+ (3c),18356,3,110136,121.5,0.11,0,481.5,0.44,-54,-0.05,64498,64.50,10
694,Exit short,2024-03-08 10:35,S-TP2,18209,2,73068,232,0.32,0,472,0.65,-108,-0.15,64730,64.73,6
694,Entry short,2024-03-08 10:05,ORB Short B (2c),18267,2,73068,232,0.32,0,472,0.65,-108,-0.15,64730,64.73,6
695,Exit long,2024-03-12 10:45,L-TP2,18397.25,2,73426,163,0.22,0,403,0.55,-31,-0.04,64893,64.89,17
695,Entry long,2024-03-12 09:20,ORB Long B (2c),18356.5,2,73426,163,0.22,0,403,0.55,-31,-0.04,64893,64.89,17
696,Exit long,2024-03-12 15:25,EOD Close,18472.75,3,110125.5,711,0.65,0,820.5,0.75,-31.5,-0.03,65604,65.60,39
696,Entry long,2024-03-12 12:10,ORB Long B+ (3c),18354.25,3,110125.5,711,0.65,0,820.5,0.75,-31.5,-0.03,65604,65.60,39
697,Exit short,2024-03-13 11:05,S-TP2,18341.5,2,73402,36,0.05,0,276,0.38,-134,-0.18,65640,65.64,28
697,Entry short,2024-03-13 08:45,ORB Short C (2c),18350.5,2,73402,36,0.05,0,276,0.38,-134,-0.18,65640,65.64,28
698,Exit long,2024-03-18 10:50,L-TP2,18283,2,73432,-300,-0.41,0,91,0.12,-300,-0.41,65340,65.34,18
698,Entry long,2024-03-18 09:20,ORB Long B (2c),18358,2,73432,-300,-0.41,0,91,0.12,-300,-0.41,65340,65.34,18
699,Exit short,2024-03-18 15:25,EOD Close,18237.5,2,73053,103,0.14,0,223,0.31,-192,-0.26,65443,65.44,43
699,Entry short,2024-03-18 11:50,ORB Short C (2c),18263.25,2,73053,103,0.14,0,223,0.31,-192,-0.26,65443,65.44,43
700,Exit long,2024-03-19 14:15,L-TP2,18229.5,2,72614,304,0.42,0,544,0.75,-84,-0.12,65747,65.75,42
700,Entry long,2024-03-19 10:45,ORB Long B (2c),18153.5,2,72614,304,0.42,0,544,0.75,-84,-0.12,65747,65.75,42
701,Exit long,2024-03-28 12:15,L-TP2,18457,3,111091.5,-349.5,-0.31,0,144,0.13,-349.5,-0.31,65397.5,65.40,42
701,Entry long,2024-03-28 08:45,ORB Long A (3c),18515.25,3,111091.5,-349.5,-0.31,0,144,0.13,-349.5,-0.31,65397.5,65.40,42
702,Exit long,2024-04-08 11:20,L-TP2,18265,2,73360,-300,-0.41,0,150,0.20,-300,-0.41,65097.5,65.10,23
702,Entry long,2024-04-08 09:25,ORB Long B (2c),18340,2,73360,-300,-0.41,0,150,0.20,-300,-0.41,65097.5,65.10,23
703,Exit short,2024-04-11 10:15,S-TP2,18274.25,2,72851,-246,-0.34,0,175,0.24,-246,-0.34,64851.5,64.85,13
703,Entry short,2024-04-11 09:10,ORB Short B (2c),18212.75,2,72851,-246,-0.34,0,175,0.24,-246,-0.34,64851.5,64.85,13
704,Exit short,2024-04-17 09:50,S-TP2,17807.5,4,143240,780,0.54,0,780,0.54,-82,-0.06,65631.5,65.63,13
704,Entry short,2024-04-17 08:45,ORB Short A (4c),17905,4,143240,780,0.54,0,780,0.54,-82,-0.06,65631.5,65.63,13
705,Exit short,2024-04-18 15:25,EOD Close,17533.25,2,70162,29,0.04,0,142,0.20,-226,-0.32,65660.5,65.66,37
705,Entry short,2024-04-18 12:20,ORB Short C+ (2c),17540.5,2,70162,29,0.04,0,142,0.20,-226,-0.32,65660.5,65.66,37
706,Exit long,2024-04-23 12:50,L-TP2,17633.75,2,69946,589,0.84,0,589,0.84,-124,-0.18,66249.5,66.25,49
706,Entry long,2024-04-23 08:45,ORB Long B (2c),17486.5,2,69946,589,0.84,0,589,0.84,-124,-0.18,66249.5,66.25,49
707,Exit short,2024-04-24 11:30,S-TP2,17567.25,3,106261.5,858,0.81,0,858,0.81,-49.5,-0.05,67107.5,67.11,23
707,Entry short,2024-04-24 09:35,ORB Short A (3c),17710.25,3,106261.5,858,0.81,0,858,0.81,-49.5,-0.05,67107.5,67.11,23
708,Exit short,2024-04-30 11:45,S-TP2,17683.5,2,71268,534,0.75,0,534,0.75,-29,-0.04,67641.5,67.64,21
708,Entry short,2024-04-30 10:00,ORB Short B (2c),17817,2,71268,534,0.75,0,534,0.75,-29,-0.04,67641.5,67.64,21
709,Exit short,2024-05-01 13:00,S-TP2,17517.5,3,104689.5,-415.5,-0.40,0,295.5,0.28,-415.5,-0.40,67226,67.23,48
709,Entry short,2024-05-01 09:00,ORB Short B+ (3c),17448.25,3,104689.5,-415.5,-0.40,0,295.5,0.28,-415.5,-0.40,67226,67.23,48
710,Exit short,2024-05-02 09:10,S-TP2,17446,2,69970,186,0.27,0,426,0.61,-140,-0.20,67412,67.41,5
710,Entry short,2024-05-02 08:45,ORB Short A+ (2c),17492.5,2,69970,186,0.27,0,426,0.61,-140,-0.20,67412,67.41,5
711,Exit short,2024-05-02 12:10,S-TP2,17577.75,2,69982,-329,-0.47,0,205,0.29,-329,-0.47,67083,67.08,31
711,Entry short,2024-05-02 09:35,ORB Short A (2c),17495.5,2,69982,-329,-0.47,0,205,0.29,-329,-0.47,67083,67.08,31
712,Exit long,2024-05-06 15:25,EOD Close,18184.25,3,108658.5,447,0.41,0,552,0.51,-255,-0.23,67530,67.53,78
712,Entry long,2024-05-06 08:55,ORB Long A (3c),18109.75,3,108658.5,447,0.41,0,552,0.51,-255,-0.23,67530,67.53,78
713,Exit long,2024-05-08 10:15,L-TP2,18182.25,3,108930,163.5,0.15,0,523.5,0.48,-54,-0.05,67693.5,67.69,18
713,Entry long,2024-05-08 08:45,ORB Long A (3c),18155,3,108930,163.5,0.15,0,523.5,0.48,-54,-0.05,67693.5,67.69,18
714,Exit short,2024-05-09 09:35,S-TP2,18189.5,2,72458,-300,-0.41,0,13,0.02,-300,-0.41,67393.5,67.39,10
714,Entry short,2024-05-09 08:45,ORB Short C (2c),18114.5,2,72458,-300,-0.41,0,13,0.02,-300,-0.41,67393.5,67.39,10
715,Exit long,2024-05-09 15:25,EOD Close,18233.25,2,72817,116,0.16,0,143,0.20,-137,-0.19,67509.5,67.51,70
715,Entry long,2024-05-09 09:35,ORB Long B (2c),18204.25,2,72817,116,0.16,0,143,0.20,-137,-0.19,67509.5,67.51,70
716,Exit long,2024-05-10 09:10,L-TP2,18267.25,3,110053.5,-450,-0.41,0,16.5,0.01,-450,-0.41,67059.5,67.06,5
716,Entry long,2024-05-10 08:45,ORB Long A (3c),18342.25,3,110053.5,-450,-0.41,0,16.5,0.01,-450,-0.41,67059.5,67.06,5
717,Exit long,2024-05-14 15:25,EOD Close,18409,3,110062.5,391.5,0.36,0,540,0.49,-363,-0.33,67451,67.45,73
717,Entry long,2024-05-14 09:20,ORB Long A (3c),18343.75,3,110062.5,391.5,0.36,0,540,0.49,-363,-0.33,67451,67.45,73
718,Exit long,2024-05-20 15:25,EOD Close,18745.75,3,112456.5,18,0.02,0,310.5,0.28,-213,-0.19,67469,67.47,79
718,Entry long,2024-05-20 08:50,ORB Long A (3c),18742.75,3,112456.5,18,0.02,0,310.5,0.28,-213,-0.19,67469,67.47,79
719,Exit long,2024-05-28 13:30,L-TP2,18869.5,3,113623.5,-406.5,-0.36,0,51,0.04,-406.5,-0.36,67062.5,67.06,12
719,Entry long,2024-05-28 12:30,ORB Long B+ (3c),18937.25,3,113623.5,-406.5,-0.36,0,51,0.04,-406.5,-0.36,67062.5,67.06,12
720,Exit long,2024-05-29 15:25,L-TP2,18767.5,3,113055,-450,-0.40,0,225,0.20,-450,-0.40,66612.5,66.61,79
720,Entry long,2024-05-29 08:50,ORB Long A+ (3c),18842.5,3,113055,-450,-0.40,0,225,0.20,-450,-0.40,66612.5,66.61,79
721,Exit long,2024-06-07 10:00,L-TP2,19057.25,3,114331.5,12,0.01,0,372,0.33,-220.5,-0.19,66624.5,66.62,14
721,Entry long,2024-06-07 08:50,ORB Long A+ (3c),19055.25,3,114331.5,12,0.01,0,372,0.33,-220.5,-0.19,66624.5,66.62,14
722,Exit long,2024-06-07 13:00,L-TP2,19095.25,3,114370.5,201,0.18,0,561,0.49,-49.5,-0.04,66825.5,66.83,32
722,Entry long,2024-06-07 10:20,ORB Long A (3c),19061.75,3,114370.5,201,0.18,0,561,0.49,-49.5,-0.04,66825.5,66.83,32
723,Exit long,2024-06-10 12:30,L-TP2,19061.25,3,114211.5,156,0.14,0,516,0.45,-78,-0.07,66981.5,66.98,37
723,Entry long,2024-06-10 09:25,ORB Long A (3c),19035.25,3,114211.5,156,0.14,0,516,0.45,-78,-0.07,66981.5,66.98,37
724,Exit long,2024-06-12 14:20,L-TP2,19511.5,2,77979,67,0.09,0,375,0.48,-191,-0.24,67048.5,67.05,67
724,Entry long,2024-06-12 08:45,ORB Long B (2c),19494.75,2,77979,67,0.09,0,375,0.48,-191,-0.24,67048.5,67.05,67
725,Exit short,2024-06-13 12:00,S-TP2,19560,2,78345,105,0.13,0,345,0.44,-90,-0.11,67153.5,67.15,34
725,Entry short,2024-06-13 09:10,ORB Short C (2c),19586.25,2,78345,105,0.13,0,345,0.44,-90,-0.11,67153.5,67.15,34
726,Exit long,2024-06-14 15:25,EOD Close,19696.5,3,117738,441,0.37,0,462,0.39,-358.5,-0.30,67594.5,67.59,80
726,Entry long,2024-06-14 08:45,ORB Long A (3c),19623,3,117738,441,0.37,0,462,0.39,-358.5,-0.30,67594.5,67.59,80
727,Exit long,2024-06-17 11:25,L-TP2,20083.75,4,159816,854,0.53,0,854,0.53,0,0.00,68448.5,68.45,18
727,Entry long,2024-06-17 09:55,ORB Long B+ (4c),19977,4,159816,854,0.53,0,854,0.53,0,0.00,68448.5,68.45,18
728,Exit short,2024-06-20 11:30,S-TP2,20016.25,2,80766,701,0.87,0,701,0.87,-150,-0.19,69149.5,69.15,29
728,Entry short,2024-06-20 09:05,ORB Short C (2c),20191.5,2,80766,701,0.87,0,701,0.87,-150,-0.19,69149.5,69.15,29
729,Exit long,2024-06-21 12:15,L-TP2,19973.5,2,80135,-241,-0.30,0,157,0.20,-241,-0.30,68908.5,68.91,24
729,Entry long,2024-06-21 10:15,ORB Long B (2c),20033.75,2,80135,-241,-0.30,0,157,0.20,-241,-0.30,68908.5,68.91,24
730,Exit long,2024-06-24 09:25,L-TP2,19901,3,119856,-450,-0.38,0,117,0.10,-450,-0.38,68458.5,68.46,5
730,Entry long,2024-06-24 09:00,ORB Long B+ (3c),19976,3,119856,-450,-0.38,0,117,0.10,-450,-0.38,68458.5,68.46,5
731,Exit long,2024-06-25 11:30,L-TP2,19908,3,119247,201,0.17,0,561,0.47,-127.5,-0.11,68659.5,68.66,30
731,Entry long,2024-06-25 09:00,ORB Long A+ (3c),19874.5,3,119247,201,0.17,0,561,0.47,-127.5,-0.11,68659.5,68.66,30
732,Exit long,2024-06-27 09:45,L-TP2,20035.75,3,120664.5,-450,-0.37,0,34.5,0.03,-450,-0.37,68209.5,68.21,7
732,Entry long,2024-06-27 09:10,ORB Long A (3c),20110.75,3,120664.5,-450,-0.37,0,34.5,0.03,-450,-0.37,68209.5,68.21,7
733,Exit long,2024-06-28 09:25,L-TP2,20213.25,3,120756,523.5,0.43,0,883.5,0.73,-10.5,-0.01,68733,68.73,8
733,Entry long,2024-06-28 08:45,ORB Long A+ (3c),20126,3,120756,523.5,0.43,0,883.5,0.73,-10.5,-0.01,68733,68.73,8
734,Exit short,2024-06-28 14:35,S-TP2,19966,2,80151,287,0.36,0,527,0.66,-162,-0.20,69020,69.02,40
734,Entry short,2024-06-28 11:15,ORB Short C (2c),20037.75,2,80151,287,0.36,0,527,0.66,-162,-0.20,69020,69.02,40
735,Exit long,2024-07-01 15:25,EOD Close,20046.5,3,120024,255,0.21,0,420,0.35,-159,-0.13,69275,69.27,52
735,Entry long,2024-07-01 11:05,ORB Long A (3c),20004,3,120024,255,0.21,0,420,0.35,-159,-0.13,69275,69.27,52
736,Exit long,2024-07-02 14:55,L-TP2,20257,2,80362,666,0.83,0,666,0.83,-117,-0.15,69941,69.94,64
736,Entry long,2024-07-02 09:35,ORB Long B (2c),20090.5,2,80362,666,0.83,0,666,0.83,-117,-0.15,69941,69.94,64
737,Exit long,2024-07-03 11:00,L-TP2,20383.75,4,162144,926,0.57,0,926,0.57,-262,-0.16,70867,70.87,27
737,Entry long,2024-07-03 08:45,ORB Long B+ (4c),20268,4,162144,926,0.57,0,926,0.57,-262,-0.16,70867,70.87,27
738,Exit long,2024-07-05 15:25,EOD Close,20613,3,123084,594,0.48,0,754.5,0.61,-310.5,-0.25,71461,71.46,78
738,Entry long,2024-07-05 08:55,ORB Long A (3c),20514,3,123084,594,0.48,0,754.5,0.61,-310.5,-0.25,71461,71.46,78
739,Exit short,2024-07-09 13:45,S-TP2,20676,2,82875,171,0.21,0,411,0.50,-94,-0.11,71632,71.63,53
739,Entry short,2024-07-09 09:20,ORB Short C+ (2c),20718.75,2,82875,171,0.21,0,411,0.50,-94,-0.11,71632,71.63,53
740,Exit long,2024-07-10 10:00,L-TP2,20721.5,4,166196,-424,-0.26,0,170,0.10,-424,-0.26,71208,71.21,15
740,Entry long,2024-07-10 08:45,ORB Long A (4c),20774.5,4,166196,-424,-0.26,0,170,0.10,-424,-0.26,71208,71.21,15
741,Exit long,2024-07-10 13:45,L-TP2,20883.75,4,166154,916,0.55,0,916,0.55,-54,-0.03,72124,72.12,33
741,Entry long,2024-07-10 11:00,ORB Long B+ (4c),20769.25,4,166154,916,0.55,0,916,0.55,-54,-0.03,72124,72.12,33
742,Exit short,2024-07-11 09:15,S-TP2,20698.25,2,83345,552,0.66,0,552,0.66,-143,-0.17,72676,72.68,5
742,Entry short,2024-07-11 08:50,ORB Short B (2c),20836.25,2,83345,552,0.66,0,552,0.66,-143,-0.17,72676,72.68,5
743,Exit long,2024-07-12 09:20,L-TP2,20526.75,3,122970,190.5,0.15,0,550.5,0.45,-34.5,-0.03,72866.5,72.87,7
743,Entry long,2024-07-12 08:45,ORB Long A+ (3c),20495,3,122970,190.5,0.15,0,550.5,0.45,-34.5,-0.03,72866.5,72.87,7
744,Exit long,2024-07-15 10:25,L-TP2,20736.5,3,124006.5,412.5,0.33,0,772.5,0.62,-109.5,-0.09,73279,73.28,16
744,Entry long,2024-07-15 09:05,ORB Long B+ (3c),20667.75,3,124006.5,412.5,0.33,0,772.5,0.62,-109.5,-0.09,73279,73.28,16
745,Exit short,2024-07-19 10:45,S-TP2,19764,3,118810.5,226.5,0.19,0,586.5,0.49,-441,-0.37,73505.5,73.51,16
745,Entry short,2024-07-19 09:25,ORB Short B+ (3c),19801.75,3,118810.5,226.5,0.19,0,586.5,0.49,-441,-0.37,73505.5,73.51,16
746,Exit long,2024-07-22 09:00,L-TP2,19946,2,80084,-300,-0.37,0,23,0.03,-300,-0.37,73205.5,73.21,3
746,Entry long,2024-07-22 08:45,ORB Long B (2c),20021,2,80084,-300,-0.37,0,23,0.03,-300,-0.37,73205.5,73.21,3
747,Exit short,2024-07-22 10:50,S-TP2,19869,3,119286,72,0.06,0,432,0.36,-108,-0.09,73277.5,73.28,7
747,Entry short,2024-07-22 10:15,ORB Short A (3c),19881,3,119286,72,0.06,0,432,0.36,-108,-0.09,73277.5,73.28,7
748,Exit short,2024-07-24 12:15,S-TP2,19368,3,117073.5,865.5,0.74,0,1225.5,1.05,-67.5,-0.06,74143,74.14,40
748,Entry short,2024-07-24 08:55,ORB Short A (3c),19512.25,3,117073.5,865.5,0.74,0,1225.5,1.05,-67.5,-0.06,74143,74.14,40
749,Exit short,2024-07-25 09:05,S-TP2,19030.5,2,76405,283,0.37,0,523,0.68,-11,-0.01,74426,74.43,3
749,Entry short,2024-07-25 08:50,ORB Short A+ (2c),19101.25,2,76405,283,0.37,0,523,0.68,-11,-0.01,74426,74.43,3
750,Exit short,2024-07-26 09:00,S-TP2,19148.25,2,76250,-343,-0.45,0,8,0.01,-343,-0.45,74083,74.08,3
750,Entry short,2024-07-26 08:45,ORB Short A (2c),19062.5,2,76250,-343,-0.45,0,8,0.01,-343,-0.45,74083,74.08,3
751,Exit short,2024-07-26 09:20,S-TP2,19145.5,2,76239,-343,-0.45,0,6,0.01,-343,-0.45,73740,73.74,3
751,Entry short,2024-07-26 09:05,ORB Short A (2c),19059.75,2,76239,-343,-0.45,0,6,0.01,-343,-0.45,73740,73.74,3
752,Exit short,2024-07-26 10:05,S-TP2,19149.5,2,76255,-343,-0.45,0,92,0.12,-343,-0.45,73397,73.40,7
752,Entry short,2024-07-26 09:30,ORB Short B+ (2c),19063.75,2,76255,-343,-0.45,0,92,0.12,-343,-0.45,73397,73.40,7
753,Exit long,2024-07-29 09:10,L-TP2,19269.25,2,77433,-356,-0.46,0,76,0.10,-356,-0.46,73041,73.04,3
753,Entry long,2024-07-29 08:55,ORB Long B (2c),19358.25,2,77433,-356,-0.46,0,76,0.10,-356,-0.46,73041,73.04,3
754,Exit short,2024-07-29 10:40,S-TP2,19173,2,76887,195,0.25,0,435,0.57,-39,-0.05,73236,73.24,9
754,Entry short,2024-07-29 09:55,ORB Short A (2c),19221.75,2,76887,195,0.25,0,435,0.57,-39,-0.05,73236,73.24,9
755,Exit short,2024-08-01 10:05,S-TP2,19258.25,2,78018,985,1.26,0,985,1.26,-39,-0.05,74221,74.22,9
755,Entry short,2024-08-01 09:20,ORB Short B+ (2c),19504.5,2,78018,985,1.26,0,985,1.26,-39,-0.05,74221,74.22,9
756,Exit short,2024-08-02 11:40,S-TP2,18631,2,74130,-394,-0.53,0,37,0.05,-394,-0.53,73827,73.83,6
756,Entry short,2024-08-02 11:10,ORB Short B+ (2c),18532.5,2,74130,-394,-0.53,0,37,0.05,-394,-0.53,73827,73.83,6
757,Exit short,2024-08-02 15:25,EOD Close,18552,2,74033,-175,-0.24,0,254,0.34,-321,-0.43,73652,73.65,43
757,Entry short,2024-08-02 11:50,ORB Short B+ (2c),18508.25,2,74033,-175,-0.24,0,254,0.34,-321,-0.43,73652,73.65,43
758,Exit short,2024-08-07 12:00,S-TP2,18251,1,36778,276,0.75,0,276,0.75,-41.5,-0.11,73928,73.93,16
758,Entry short,2024-08-07 10:40,ORB Short C (1c),18389,1,36778,276,0.75,0,276,0.75,-41.5,-0.11,73928,73.93,16
759,Exit short,2024-08-09 09:10,S-TP2,18528.75,2,73777,-338,-0.46,0,160,0.22,-338,-0.46,73590,73.59,5
759,Entry short,2024-08-09 08:45,ORB Short B (2c),18444.25,2,73777,-338,-0.46,0,160,0.22,-338,-0.46,73590,73.59,5
760,Exit short,2024-08-12 09:15,S-TP2,18672.75,2,74209,-482,-0.65,0,113,0.15,-482,-0.65,73108,73.11,6
760,Entry short,2024-08-12 08:45,ORB Short A+ (2c),18552.25,2,74209,-482,-0.65,0,113,0.15,-482,-0.65,73108,73.11,6
761,Exit short,2024-08-14 15:25,EOD Close,19156.25,1,38055,-257.5,-0.68,0,18,0.05,-267.5,-0.70,72850.5,72.85,45
761,Entry short,2024-08-14 11:40,ORB Short B (1c),19027.5,1,38055,-257.5,-0.68,0,18,0.05,-267.5,-0.70,72850.5,72.85,45
762,Exit long,2024-08-15 12:50,L-TP2,19583.75,2,77635,700,0.90,0,700,0.90,-24,-0.03,73550.5,73.55,49
762,Entry long,2024-08-15 08:45,ORB Long C+ (2c),19408.75,2,77635,700,0.90,0,700,0.90,-24,-0.03,73550.5,73.55,49
763,Exit long,2024-08-16 13:05,L-TP2,19602.5,3,117330,285,0.24,0,645,0.55,-48,-0.04,73835.5,73.84,30
763,Entry long,2024-08-16 10:35,ORB Long B+ (3c),19555,3,117330,285,0.24,0,645,0.55,-48,-0.04,73835.5,73.84,30
764,Exit long,2024-08-19 09:15,L-TP2,19545,3,117720,-450,-0.38,0,33,0.03,-450,-0.38,73385.5,73.39,6
764,Entry long,2024-08-19 08:45,ORB Long A (3c),19620,3,117720,-450,-0.38,0,33,0.03,-450,-0.38,73385.5,73.39,6
765,Exit long,2024-08-19 13:45,L-TP2,19783.75,2,78479,656,0.84,0,656,0.84,-7,-0.01,74041.5,74.04,48
765,Entry long,2024-08-19 09:45,ORB Long B (2c),19619.75,2,78479,656,0.84,0,656,0.84,-7,-0.01,74041.5,74.04,48
766,Exit long,2024-08-20 09:15,L-TP2,19816.75,3,119289,-388.5,-0.33,0,259.5,0.22,-388.5,-0.33,73653,73.65,6
766,Entry long,2024-08-20 08:45,ORB Long A (3c),19881.5,3,119289,-388.5,-0.33,0,259.5,0.22,-388.5,-0.33,73653,73.65,6
767,Exit long,2024-08-21 09:10,L-TP2,19855,4,158922,-82,-0.05,0,398,0.25,-82,-0.05,73571,73.57,4
767,Entry long,2024-08-21 08:50,ORB Long A (4c),19865.25,4,158922,-82,-0.05,0,398,0.25,-82,-0.05,73571,73.57,4
768,Exit long,2024-08-21 10:50,L-TP2,19813.25,2,79545,-292,-0.37,0,33,0.04,-292,-0.37,73279,73.28,8
768,Entry long,2024-08-21 10:10,ORB Long B (2c),19886.25,2,79545,-292,-0.37,0,33,0.04,-292,-0.37,73279,73.28,8
769,Exit long,2024-08-21 13:35,L-TP2,19893,4,158898,246,0.15,0,726,0.46,-62,-0.04,73525,73.52,21
769,Entry long,2024-08-21 11:50,ORB Long B+ (4c),19862.25,4,158898,246,0.15,0,726,0.46,-62,-0.04,73525,73.52,21
770,Exit long,2024-08-23 11:00,L-TP2,19706.5,2,79159,-333,-0.42,0,115,0.15,-333,-0.42,73192,73.19,9
770,Entry long,2024-08-23 10:15,ORB Long A (2c),19789.75,2,79159,-333,-0.42,0,115,0.15,-333,-0.42,73192,73.19,9
771,Exit long,2024-08-23 14:00,L-TP2,19706.5,3,118591.5,-352.5,-0.30,0,22.5,0.02,-352.5,-0.30,72839.5,72.84,16
771,Entry long,2024-08-23 12:40,ORB Long A (3c),19765.25,3,118591.5,-352.5,-0.30,0,22.5,0.02,-352.5,-0.30,72839.5,72.84,16
772,Exit short,2024-08-26 09:30,S-TP2,19558.25,2,78921,688,0.87,0,688,0.87,-70,-0.09,73527.5,73.53,9
772,Entry short,2024-08-26 08:45,ORB Short B (2c),19730.25,2,78921,688,0.87,0,688,0.87,-70,-0.09,73527.5,73.53,9
773,Exit long,2024-08-27 10:25,L-TP2,19634.5,2,78200,338,0.43,0,578,0.74,-91,-0.12,73865.5,73.87,19
773,Entry long,2024-08-27 08:50,ORB Long B+ (2c),19550,2,78200,338,0.43,0,578,0.74,-91,-0.12,73865.5,73.87,19
774,Exit long,2024-08-29 09:00,L-TP2,19620.75,3,117697.5,27,0.02,0,414,0.35,-427.5,-0.36,73892.5,73.89,3
774,Entry long,2024-08-29 08:45,ORB Long B+ (3c),19616.25,3,117697.5,27,0.02,0,414,0.35,-427.5,-0.36,73892.5,73.89,3
775,Exit long,2024-08-29 09:55,L-TP2,19632,2,78471,57,0.07,0,297,0.38,-43,-0.05,73949.5,73.95,5
775,Entry long,2024-08-29 09:30,ORB Long B (2c),19617.75,2,78471,57,0.07,0,297,0.38,-43,-0.05,73949.5,73.95,5
776,Exit long,2024-08-29 13:25,L-TP2,19537.25,3,117673.5,-450,-0.38,0,142.5,0.12,-450,-0.38,73499.5,73.50,9
776,Entry long,2024-08-29 12:40,ORB Long A (3c),19612.25,3,117673.5,-450,-0.38,0,142.5,0.12,-450,-0.38,73499.5,73.50,9
777,Exit long,2024-08-30 09:55,L-TP2,19513,3,117498,-420,-0.36,0,270,0.23,-420,-0.36,73079.5,73.08,13
777,Entry long,2024-08-30 08:50,ORB Long A (3c),19583,3,117498,-420,-0.36,0,270,0.23,-420,-0.36,73079.5,73.08,13
778,Exit short,2024-09-05 11:40,S-TP2,18955.25,2,75477,-344,-0.46,0,109,0.14,-344,-0.46,72735.5,72.74,15
778,Entry short,2024-09-05 10:25,ORB Short B+ (2c),18869.25,2,75477,-344,-0.46,0,109,0.14,-344,-0.46,72735.5,72.74,15
779,Exit short,2024-09-06 10:00,S-TP2,18565,2,74983,723,0.96,0,963,1.28,-173,-0.23,73458.5,73.46,13
779,Entry short,2024-09-06 08:55,ORB Short B (2c),18745.75,2,74983,723,0.96,0,963,1.28,-173,-0.23,73458.5,73.46,13
780,Exit short,2024-09-09 10:25,S-TP2,18557.25,2,74332,103,0.14,0,343,0.46,-45,-0.06,73561.5,73.56,11
780,Entry short,2024-09-09 09:30,ORB Short B (2c),18583,2,74332,103,0.14,0,343,0.46,-45,-0.06,73561.5,73.56,11
781,Exit short,2024-09-10 11:20,S-TP2,18649.75,2,74843,244,0.33,0,484,0.65,-319,-0.43,73805.5,73.81,26
781,Entry short,2024-09-10 09:10,ORB Short B+ (2c),18710.75,2,74843,244,0.33,0,484,0.65,-319,-0.43,73805.5,73.81,26
782,Exit short,2024-09-11 09:30,S-TP2,18616.25,2,75182,717,0.95,0,717,0.95,-110,-0.15,74522.5,74.52,8
782,Entry short,2024-09-11 08:50,ORB Short A (2c),18795.5,2,75182,717,0.95,0,717,0.95,-110,-0.15,74522.5,74.52,8
783,Exit long,2024-09-12 13:50,L-TP2,19423.25,2,77244,449,0.58,0,689,0.89,-257,-0.33,74971.5,74.97,56
783,Entry long,2024-09-12 09:10,ORB Long B (2c),19311,2,77244,449,0.58,0,689,0.89,-257,-0.33,74971.5,74.97,56
784,Exit long,2024-09-13 15:25,EOD Close,19522.25,2,78027,62,0.08,0,281,0.36,-375,-0.48,75033.5,75.03,76
784,Entry long,2024-09-13 09:05,ORB Long B (2c),19506.75,2,78027,62,0.08,0,281,0.36,-375,-0.48,75033.5,75.03,76
785,Exit long,2024-09-16 09:30,L-TP2,19361.75,2,77826,-379,-0.49,0,23,0.03,-379,-0.49,74654.5,74.65,4
785,Entry long,2024-09-16 09:10,ORB Long B (2c),19456.5,2,77826,-379,-0.49,0,23,0.03,-379,-0.49,74654.5,74.65,4
786,Exit long,2024-09-17 09:55,L-TP2,19756.5,2,79355,-329,-0.41,0,9,0.01,-329,-0.41,74325.5,74.33,2
786,Entry long,2024-09-17 09:45,ORB Long B (2c),19838.75,2,79355,-329,-0.41,0,9,0.01,-329,-0.41,74325.5,74.33,2
787,Exit long,2024-09-19 13:15,L-TP2,20143,2,80341,231,0.29,0,471,0.59,-145,-0.18,74556.5,74.56,48
787,Entry long,2024-09-19 09:15,ORB Long B (2c),20085.25,2,80341,231,0.29,0,471,0.59,-145,-0.18,74556.5,74.56,48
788,Exit long,2024-09-23 12:00,L-TP2,20031.75,3,120601.5,-411,-0.34,0,159,0.13,-411,-0.34,74145.5,74.15,39
788,Entry long,2024-09-23 08:45,ORB Long A (3c),20100.25,3,120601.5,-411,-0.34,0,159,0.13,-411,-0.34,74145.5,74.15,39
789,Exit short,2024-09-24 09:10,S-TP2,20044.75,2,80369,190,0.24,0,430,0.54,-1,0.00,74335.5,74.34,3
789,Entry short,2024-09-24 08:55,ORB Short C (2c),20092.25,2,80369,190,0.24,0,430,0.54,-1,0.00,74335.5,74.34,3
790,Exit long,2024-09-24 15:25,EOD Close,20187,3,120982.5,139.5,0.12,0,306,0.25,-330,-0.27,74475,74.48,56
790,Entry long,2024-09-24 10:45,ORB Long A (3c),20163.75,3,120982.5,139.5,0.12,0,306,0.25,-330,-0.27,74475,74.48,56
791,Exit long,2024-09-25 12:00,L-TP2,20147.5,2,80929,-339,-0.42,0,162,0.20,-339,-0.42,74136,74.14,37
791,Entry long,2024-09-25 08:55,ORB Long A (2c),20232.25,2,80929,-339,-0.42,0,162,0.20,-339,-0.42,74136,74.14,37
792,Exit short,2024-09-26 09:50,S-TP2,20258.5,1,40834.5,317.5,0.78,0,317.5,0.78,-41.5,-0.10,74453.5,74.45,12
792,Entry short,2024-09-26 08:50,ORB Short C (1c),20417.25,1,40834.5,317.5,0.78,0,317.5,0.78,-41.5,-0.10,74453.5,74.45,12
793,Exit short,2024-09-27 12:00,S-TP2,20270,2,81152,72,0.09,0,312,0.38,-206,-0.25,74525.5,74.53,33
793,Entry short,2024-09-27 09:15,ORB Short C+ (2c),20288,2,81152,72,0.09,0,312,0.38,-206,-0.25,74525.5,74.53,33
794,Exit long,2024-10-02 11:45,L-TP2,20029.5,2,79992,126,0.16,0,366,0.46,-208,-0.26,74651.5,74.65,30
794,Entry long,2024-10-02 09:15,ORB Long B (2c),19998,2,79992,126,0.16,0,366,0.46,-208,-0.26,74651.5,74.65,30
795,Exit long,2024-10-03 09:10,L-TP2,20053.5,3,120069,252,0.21,0,621,0.52,-24,-0.02,74903.5,74.90,4
795,Entry long,2024-10-03 08:50,ORB Long A+ (3c),20011.5,3,120069,252,0.21,0,621,0.52,-24,-0.02,74903.5,74.90,4
796,Exit long,2024-10-03 09:40,L-TP2,19938.5,3,120081,-450,-0.37,0,67.5,0.06,-450,-0.37,74453.5,74.45,2
796,Entry long,2024-10-03 09:30,ORB Long A+ (3c),20013.5,3,120081,-450,-0.37,0,67.5,0.06,-450,-0.37,74453.5,74.45,2
797,Exit long,2024-10-03 09:55,L-TP2,19943.25,3,120109.5,-450,-0.37,0,6,0.00,-450,-0.37,74003.5,74.00,1
797,Entry long,2024-10-03 09:50,ORB Long B+ (3c),20018.25,3,120109.5,-450,-0.37,0,6,0.00,-450,-0.37,74003.5,74.00,1
798,Exit long,2024-10-07 13:00,L-TP2,20107.25,2,80676,-247,-0.31,0,75,0.09,-247,-0.31,73756.5,73.76,45
798,Entry long,2024-10-07 09:15,ORB Long C+ (2c),20169,2,80676,-247,-0.31,0,75,0.09,-247,-0.31,73756.5,73.76,45
799,Exit long,2024-10-08 10:15,L-TP2,20214.25,3,120831,454.5,0.38,0,814.5,0.67,-60,-0.05,74211,74.21,17
799,Entry long,2024-10-08 08:50,ORB Long B+ (3c),20138.5,3,120831,454.5,0.38,0,814.5,0.67,-60,-0.05,74211,74.21,17
800,Exit long,2024-10-09 10:50,L-TP2,20433.75,3,121804.5,798,0.66,0,798,0.66,-42,-0.03,75009,75.01,20
800,Entry long,2024-10-09 09:10,ORB Long A+ (3c),20300.75,3,121804.5,798,0.66,0,798,0.66,-42,-0.03,75009,75.01,20
801,Exit short,2024-10-10 09:00,S-TP2,20386.5,2,81246,-300,-0.37,0,41,0.05,-300,-0.37,74709,74.71,3
801,Entry short,2024-10-10 08:45,ORB Short B (2c),20311.5,2,81246,-300,-0.37,0,41,0.05,-300,-0.37,74709,74.71,3
802,Exit long,2024-10-10 11:30,L-TP2,20448,3,122413.5,274.5,0.22,0,634.5,0.52,-252,-0.21,74983.5,74.98,28
802,Entry long,2024-10-10 09:10,ORB Long A (3c),20402.25,3,122413.5,274.5,0.22,0,634.5,0.52,-252,-0.21,74983.5,74.98,28
803,Exit long,2024-10-14 09:55,L-TP2,20564.5,3,123837,-450,-0.36,0,243,0.20,-450,-0.36,74533.5,74.53,14
803,Entry long,2024-10-14 08:45,ORB Long A (3c),20639.5,3,123837,-450,-0.36,0,243,0.20,-450,-0.36,74533.5,74.53,14
804,Exit long,2024-10-14 15:25,EOD Close,20613,3,123721.5,-43.5,-0.04,0,279,0.23,-171,-0.14,74490,74.49,41
804,Entry long,2024-10-14 12:00,ORB Long B+ (3c),20620.25,3,123721.5,-43.5,-0.04,0,279,0.23,-171,-0.14,74490,74.49,41
805,Exit short,2024-10-15 09:30,S-TP2,20422.25,2,82331,642,0.78,0,642,0.78,-13,-0.02,75132,75.13,4
805,Entry short,2024-10-15 09:10,ORB Short B (2c),20582.75,2,82331,642,0.78,0,642,0.78,-13,-0.02,75132,75.13,4
806,Exit long,2024-10-18 15:25,EOD Close,20489.75,3,123082.5,-144,-0.12,0,109.5,0.09,-429,-0.35,74988,74.99,76
806,Entry long,2024-10-18 09:05,ORB Long A (3c),20513.75,3,123082.5,-144,-0.12,0,109.5,0.09,-429,-0.35,74988,74.99,76
807,Exit long,2024-10-21 09:40,L-TP2,20423,2,81962,-270,-0.33,0,255,0.31,-270,-0.33,74718,74.72,11
807,Entry long,2024-10-21 08:45,ORB Long B (2c),20490.5,2,81962,-270,-0.33,0,255,0.31,-270,-0.33,74718,74.72,11
808,Exit long,2024-10-22 13:30,L-TP2,20542,3,122773.5,478.5,0.39,0,838.5,0.68,-222,-0.18,75196.5,75.20,56
808,Entry long,2024-10-22 08:50,ORB Long A (3c),20462.25,3,122773.5,478.5,0.39,0,838.5,0.68,-222,-0.18,75196.5,75.20,56
809,Exit long,2024-10-24 15:25,EOD Close,20395.25,3,122287.5,84,0.07,0,192,0.16,-321,-0.26,75280.5,75.28,33
809,Entry long,2024-10-24 12:40,ORB Long A (3c),20381.25,3,122287.5,84,0.07,0,192,0.16,-321,-0.26,75280.5,75.28,33
810,Exit long,2024-10-25 09:45,L-TP2,20647.5,3,123687,198,0.16,0,558,0.45,-10.5,-0.01,75478.5,75.48,12
810,Entry long,2024-10-25 08:45,ORB Long A (3c),20614.5,3,123687,198,0.16,0,558,0.45,-10.5,-0.01,75478.5,75.48,12
811,Exit short,2024-10-25 12:50,S-TP2,20562,2,81948,-300,-0.37,0,12,0.01,-300,-0.37,75178.5,75.18,2
811,Entry short,2024-10-25 12:40,ORB Short C (2c),20487,2,81948,-300,-0.37,0,12,0.01,-300,-0.37,75178.5,75.18,2
812,Exit short,2024-10-28 09:40,S-TP2,20613.25,2,82153,-300,-0.37,0,23,0.03,-300,-0.37,74878.5,74.88,10
812,Entry short,2024-10-28 08:50,ORB Short B (2c),20538.25,2,82153,-300,-0.37,0,23,0.03,-300,-0.37,74878.5,74.88,10
813,Exit short,2024-10-28 15:25,EOD Close,20513.5,2,82210,156,0.19,0,266,0.32,-78,-0.09,75034.5,75.03,64
813,Entry short,2024-10-28 10:05,ORB Short C (2c),20552.5,2,82210,156,0.19,0,266,0.32,-78,-0.09,75034.5,75.03,64
814,Exit long,2024-10-29 09:30,L-TP2,20543,3,123192,66,0.05,0,426,0.35,-126,-0.10,75100.5,75.10,6
814,Entry long,2024-10-29 09:00,ORB Long A (3c),20532,3,123192,66,0.05,0,426,0.35,-126,-0.10,75100.5,75.10,6
815,Exit long,2024-10-30 12:30,L-TP2,20603.75,2,82715,-300,-0.36,0,83,0.10,-300,-0.36,74800.5,74.80,39
815,Entry long,2024-10-30 09:15,ORB Long B (2c),20678.75,2,82715,-300,-0.36,0,83,0.10,-300,-0.36,74800.5,74.80,39
816,Exit long,2024-11-06 15:25,EOD Close,20907,3,124876.5,565.5,0.45,0,738,0.59,-163.5,-0.13,75366,75.37,51
816,Entry long,2024-11-06 11:10,ORB Long B+ (3c),20812.75,3,124876.5,565.5,0.45,0,738,0.59,-163.5,-0.13,75366,75.37,51
817,Exit long,2024-11-07 15:25,EOD Close,21230.5,3,126655.5,727.5,0.57,0,865.5,0.68,-136.5,-0.11,76093.5,76.09,78
817,Entry long,2024-11-07 08:55,ORB Long A (3c),21109.25,3,126655.5,727.5,0.57,0,865.5,0.68,-136.5,-0.11,76093.5,76.09,78
818,Exit long,2024-11-08 15:25,EOD Close,21230.25,2,84932,-11,-0.01,0,134,0.16,-99,-0.12,76082.5,76.08,36
818,Entry long,2024-11-08 12:25,ORB Long C+ (2c),21233,2,84932,-11,-0.01,0,134,0.16,-99,-0.12,76082.5,76.08,36
819,Exit short,2024-11-11 12:35,S-TP2,21158.25,2,84781,148,0.17,0,388,0.46,-196,-0.23,76230.5,76.23,46
819,Entry short,2024-11-11 08:45,ORB Short B (2c),21195.25,2,84781,148,0.17,0,388,0.46,-196,-0.23,76230.5,76.23,46
820,Exit long,2024-11-13 13:15,L-TP2,21208.75,3,127173,79.5,0.06,0,439.5,0.35,-157.5,-0.12,76310,76.31,25
820,Entry long,2024-11-13 11:10,ORB Long B (3c),21195.5,3,127173,79.5,0.06,0,439.5,0.35,-157.5,-0.12,76310,76.31,25
821,Exit long,2024-11-22 15:25,EOD Close,20859.75,2,83453,-14,-0.02,0,69,0.08,-272,-0.33,76296,76.30,41
821,Entry long,2024-11-22 12:00,ORB Long B (2c),20863.25,2,83453,-14,-0.02,0,69,0.08,-272,-0.33,76296,76.30,41
822,Exit short,2024-11-25 11:50,S-TP2,20840.25,2,83724,363,0.43,0,603,0.72,-125,-0.15,76659,76.66,36
822,Entry short,2024-11-25 08:50,ORB Short B (2c),20931,2,83724,363,0.43,0,603,0.72,-125,-0.15,76659,76.66,36
823,Exit long,2024-11-26 09:00,L-TP2,20941.5,2,84066,-300,-0.36,0,34,0.04,-300,-0.36,76359,76.36,3
823,Entry long,2024-11-26 08:45,ORB Long B (2c),21016.5,2,84066,-300,-0.36,0,34,0.04,-300,-0.36,76359,76.36,3
824,Exit long,2024-11-29 11:45,EOD Close (Early/Half-Day),20994.5,3,125379,588,0.47,0,678,0.54,-21,-0.02,76947,76.95,35
824,Entry long,2024-11-29 08:50,ORB Long A+ (3c),20896.5,3,125379,588,0.47,0,678,0.54,-21,-0.02,76947,76.95,35
825,Exit long,2024-12-02 12:30,L-TP2,21199.5,3,126894,303,0.24,0,663,0.52,-136.5,-0.11,77250,77.25,45
825,Entry long,2024-12-02 08:45,ORB Long A (3c),21149,3,126894,303,0.24,0,663,0.52,-136.5,-0.11,77250,77.25,45
826,Exit long,2024-12-03 15:25,EOD Close,21324.75,3,127224,724.5,0.57,0,748.5,0.59,-252,-0.20,77974.5,77.97,78
826,Entry long,2024-12-03 08:55,ORB Long A (3c),21204,3,127224,724.5,0.57,0,748.5,0.59,-252,-0.20,77974.5,77.97,78
827,Exit long,2024-12-04 14:35,L-TP2,21533.75,4,171498,772,0.45,0,772,0.45,-174,-0.10,78746.5,78.75,66
827,Entry long,2024-12-04 09:05,ORB Long B+ (4c),21437.25,4,171498,772,0.45,0,772,0.45,-174,-0.10,78746.5,78.75,66
828,Exit long,2024-12-06 15:25,EOD Close,21632.75,3,129552,244.5,0.19,0,465,0.36,-115.5,-0.09,78991,78.99,80
828,Entry long,2024-12-06 08:45,ORB Long A+ (3c),21592,3,129552,244.5,0.19,0,465,0.36,-115.5,-0.09,78991,78.99,80
829,Exit long,2024-12-09 09:25,L-TP2,21582.75,3,129870,-373.5,-0.29,0,24,0.02,-373.5,-0.29,78617.5,78.62,8
829,Entry long,2024-12-09 08:45,ORB Long A+ (3c),21645,3,129870,-373.5,-0.29,0,24,0.02,-373.5,-0.29,78617.5,78.62,8
830,Exit short,2024-12-09 10:20,S-TP2,21497,2,86217,229,0.27,0,469,0.54,-91,-0.11,78846.5,78.85,11
830,Entry short,2024-12-09 09:25,ORB Short B (2c),21554.25,2,86217,229,0.27,0,469,0.54,-91,-0.11,78846.5,78.85,11
831,Exit long,2024-12-10 09:55,L-TP2,21505.25,3,129465,-433.5,-0.33,0,175.5,0.14,-433.5,-0.33,78413,78.41,11
831,Entry long,2024-12-10 09:00,ORB Long A (3c),21577.5,3,129465,-433.5,-0.33,0,175.5,0.14,-433.5,-0.33,78413,78.41,11
832,Exit long,2024-12-11 09:50,L-TP2,21676.25,3,130015.5,42,0.03,0,402,0.31,-12,-0.01,78455,78.46,13
832,Entry long,2024-12-11 08:45,ORB Long B+ (3c),21669.25,3,130015.5,42,0.03,0,402,0.31,-12,-0.01,78455,78.46,13
833,Exit short,2024-12-13 10:15,S-TP2,21726.75,2,86980,73,0.08,0,313,0.36,-128,-0.15,78528,78.53,7
833,Entry short,2024-12-13 09:40,ORB Short C (2c),21745,2,86980,73,0.08,0,313,0.36,-128,-0.15,78528,78.53,7
834,Exit long,2024-12-16 13:15,L-TP2,22133.75,3,131803.5,999,0.76,0,999,0.76,-231,-0.18,79527,79.53,53
834,Entry long,2024-12-16 08:50,ORB Long A (3c),21967.25,3,131803.5,999,0.76,0,999,0.76,-231,-0.18,79527,79.53,53
835,Exit short,2024-12-17 10:10,S-TP2,22354,2,89116,-300,-0.34,0,139,0.16,-300,-0.34,79227,79.23,14
835,Entry short,2024-12-17 09:00,ORB Short C (2c),22279,2,89116,-300,-0.34,0,139,0.16,-300,-0.34,79227,79.23,14
836,Exit long,2024-12-17 11:00,L-TP2,22304.75,3,134278.5,-450,-0.34,0,39,0.03,-450,-0.34,78777,78.78,5
836,Entry long,2024-12-17 10:35,ORB Long B+ (3c),22379.75,3,134278.5,-450,-0.34,0,39,0.03,-450,-0.34,78777,78.78,5
837,Exit long,2024-12-18 13:00,L-TP2,22235,2,89240,-300,-0.34,0,167,0.19,-300,-0.34,78477,78.48,46
837,Entry long,2024-12-18 09:10,ORB Long B (2c),22310,2,89240,-300,-0.34,0,167,0.19,-300,-0.34,78477,78.48,46
838,Exit long,2024-12-23 13:50,L-TP2,21717,2,86726,142,0.16,0,382,0.44,-156,-0.18,78619,78.62,36
838,Entry long,2024-12-23 10:50,ORB Long C+ (2c),21681.5,2,86726,142,0.16,0,382,0.44,-156,-0.18,78619,78.62,36
839,Exit long,2024-12-24 11:45,EOD Close (Early/Half-Day),21977.5,2,87517,393,0.45,0,480,0.55,-32,-0.04,79012,79.01,35
839,Entry long,2024-12-24 08:50,ORB Long A (2c),21879.25,2,87517,393,0.45,0,480,0.55,-32,-0.04,79012,79.01,35
840,Exit long,2024-12-26 11:45,L-TP2,22015,2,88049,11,0.01,0,251,0.29,-148,-0.17,79023,79.02,19
840,Entry long,2024-12-26 10:10,ORB Long C+ (2c),22012.25,2,88049,11,0.01,0,251,0.29,-148,-0.17,79023,79.02,19
841,Exit long,2024-12-26 15:25,EOD Close,21996.5,3,132079.5,-100.5,-0.08,0,286.5,0.22,-204,-0.15,78922.5,78.92,43
841,Entry long,2024-12-26 11:50,ORB Long B+ (3c),22013.25,3,132079.5,-100.5,-0.08,0,286.5,0.22,-204,-0.15,78922.5,78.92,43
842,Exit short,2025-01-02 11:50,S-TP2,21060.75,2,84607,364,0.43,0,674,0.80,-2,0.00,79286.5,79.29,5
842,Entry short,2025-01-02 11:25,ORB Short A (2c),21151.75,2,84607,364,0.43,0,674,0.80,-2,0.00,79286.5,79.29,5
843,Exit long,2025-01-06 12:45,L-TP2,21726,2,87322,-418,-0.48,0,266,0.30,-418,-0.48,78868.5,78.87,48
843,Entry long,2025-01-06 08:45,ORB Long B (2c),21830.5,2,87322,-418,-0.48,0,266,0.30,-418,-0.48,78868.5,78.87,48
844,Exit short,2025-01-08 09:35,S-TP2,21353.5,2,84977,-437,-0.51,0,52,0.06,-437,-0.51,78431.5,78.43,5
844,Entry short,2025-01-08 09:10,ORB Short B+ (2c),21244.25,2,84977,-437,-0.51,0,52,0.06,-437,-0.51,78431.5,78.43,5
845,Exit short,2025-01-08 11:35,S-TP2,21226,2,85137,233,0.27,0,473,0.56,-37,-0.04,78664.5,78.66,4
845,Entry short,2025-01-08 11:15,ORB Short B (2c),21284.25,2,85137,233,0.27,0,473,0.56,-37,-0.04,78664.5,78.66,4
846,Exit short,2025-01-10 09:15,S-TP2,20934.75,2,84140,401,0.48,0,641,0.76,-140,-0.17,79065.5,79.07,6
846,Entry short,2025-01-10 08:45,ORB Short A+ (2c),21035,2,84140,401,0.48,0,641,0.76,-140,-0.17,79065.5,79.07,6
847,Exit short,2025-01-10 10:40,S-TP2,20946,2,84217,433,0.51,0,673,0.80,-275,-0.33,79498.5,79.50,12
847,Entry short,2025-01-10 09:40,ORB Short A (2c),21054.25,2,84217,433,0.51,0,673,0.80,-275,-0.33,79498.5,79.50,12
848,Exit short,2025-01-14 09:10,S-TP2,21094.75,2,84026,-353,-0.42,0,163,0.19,-353,-0.42,79145.5,79.15,4
848,Entry short,2025-01-14 08:50,ORB Short A+ (2c),21006.5,2,84026,-353,-0.42,0,163,0.19,-353,-0.42,79145.5,79.15,4
849,Exit short,2025-01-14 10:20,S-TP2,20935,2,84065,325,0.39,0,565,0.67,-49,-0.06,79470.5,79.47,11
849,Entry short,2025-01-14 09:25,ORB Short A (2c),21016.25,2,84065,325,0.39,0,565,0.67,-49,-0.06,79470.5,79.47,11
850,Exit long,2025-01-17 15:25,EOD Close,21589.5,1,43315,-136,-0.31,0,30,0.07,-171,-0.39,79334.5,79.33,39
850,Entry long,2025-01-17 12:10,ORB Long C (1c),21657.5,1,43315,-136,-0.31,0,30,0.07,-171,-0.39,79334.5,79.33,39
851,Exit long,2025-01-21 15:25,EOD Close,21766.25,2,86880,185,0.21,0,260,0.30,-91,-0.10,79519.5,79.52,44
851,Entry long,2025-01-21 11:45,ORB Long B+ (2c),21720,2,86880,185,0.21,0,260,0.30,-91,-0.10,79519.5,79.52,44
852,Exit long,2025-01-22 12:15,L-TP2,22034,2,87948,188,0.21,0,428,0.49,-46,-0.05,79707.5,79.71,42
852,Entry long,2025-01-22 08:45,ORB Long A (2c),21987,2,87948,188,0.21,0,428,0.49,-46,-0.05,79707.5,79.71,42
853,Exit long,2025-01-23 13:15,L-TP2,21924.25,2,87682,15,0.02,0,255,0.29,-103,-0.12,79722.5,79.72,45
853,Entry long,2025-01-23 09:30,ORB Long C (2c),21920.5,2,87682,15,0.02,0,255,0.29,-103,-0.12,79722.5,79.72,45
854,Exit long,2025-01-24 09:15,L-TP2,22000,3,132381,-381,-0.29,0,87,0.07,-381,-0.29,79341.5,79.34,6
854,Entry long,2025-01-24 08:45,ORB Long B+ (3c),22063.5,3,132381,-381,-0.29,0,87,0.07,-381,-0.29,79341.5,79.34,6
855,Exit long,2025-01-31 10:35,L-TP2,21905.75,2,87428,195,0.22,0,435,0.50,-112,-0.13,79536.5,79.54,21
855,Entry long,2025-01-31 08:50,ORB Long B+ (2c),21857,2,87428,195,0.22,0,435,0.50,-112,-0.13,79536.5,79.54,21
856,Exit short,2025-02-03 09:20,S-TP2,21228,2,84513,-399,-0.47,0,60,0.07,-399,-0.47,79137.5,79.14,2
856,Entry short,2025-02-03 09:10,ORB Short A (2c),21128.25,2,84513,-399,-0.47,0,60,0.07,-399,-0.47,79137.5,79.14,2
857,Exit long,2025-02-05 12:25,L-TP2,21682,2,86368,360,0.42,0,600,0.69,-120,-0.14,79497.5,79.50,34
857,Entry long,2025-02-05 09:35,ORB Long C (2c),21592,2,86368,360,0.42,0,600,0.69,-120,-0.14,79497.5,79.50,34
858,Exit long,2025-02-06 09:25,L-TP2,21789.5,4,174344,-28,-0.02,0,452,0.26,-226,-0.13,79469.5,79.47,8
858,Entry long,2025-02-06 08:45,ORB Long B+ (4c),21793,4,174344,-28,-0.02,0,452,0.26,-226,-0.13,79469.5,79.47,8
859,Exit long,2025-02-06 13:30,L-TP2,21738,2,87228,-276,-0.32,0,139,0.16,-276,-0.32,79193.5,79.19,40
859,Entry long,2025-02-06 10:10,ORB Long B (2c),21807,2,87228,-276,-0.32,0,139,0.16,-276,-0.32,79193.5,79.19,40
860,Exit long,2025-02-10 11:05,L-TP2,21833.75,3,130888.5,114,0.09,0,474,0.36,-9,-0.01,79307.5,79.31,25
860,Entry long,2025-02-10 09:00,ORB Long A (3c),21814.75,3,130888.5,114,0.09,0,474,0.36,-9,-0.01,79307.5,79.31,25
861,Exit long,2025-02-11 15:25,EOD Close,21793.25,2,87204,-31,-0.04,0,281,0.32,-341,-0.39,79276.5,79.28,75
861,Entry long,2025-02-11 09:10,ORB Long B (2c),21801,2,87204,-31,-0.04,0,281,0.32,-341,-0.39,79276.5,79.28,75
862,Exit long,2025-02-12 09:40,L-TP2,21714,2,86702,154,0.18,0,394,0.45,-380,-0.44,79430.5,79.43,11
862,Entry long,2025-02-12 08:45,ORB Long A (2c),21675.5,2,86702,154,0.18,0,394,0.45,-380,-0.44,79430.5,79.43,11
863,Exit long,2025-02-12 13:05,L-TP2,21768.5,2,86725,349,0.40,0,589,0.68,-17,-0.02,79779.5,79.78,31
863,Entry long,2025-02-12 10:30,ORB Long B (2c),21681.25,2,86725,349,0.40,0,589,0.68,-17,-0.02,79779.5,79.78,31
864,Exit long,2025-02-13 15:25,EOD Close,22078.25,2,87893,420,0.48,0,602,0.68,-331,-0.38,80199.5,80.20,74
864,Entry long,2025-02-13 09:15,ORB Long B (2c),21973.25,2,87893,420,0.48,0,602,0.68,-331,-0.38,80199.5,80.20,74
865,Exit long,2025-02-14 15:25,EOD Close,22208.5,4,177158,510,0.29,0,634,0.36,-424,-0.24,80709.5,80.71,76
865,Entry long,2025-02-14 09:05,ORB Long B+ (4c),22144.75,4,177158,510,0.29,0,634,0.36,-424,-0.24,80709.5,80.71,76
866,Exit long,2025-02-17 11:45,EOD Close (Early/Half-Day),22238.5,3,133471.5,-40.5,-0.03,0,42,0.03,-138,-0.10,80669,80.67,21
866,Entry long,2025-02-17 10:00,ORB Long B (3c),22245.25,3,133471.5,-40.5,-0.03,0,42,0.03,-138,-0.10,80669,80.67,21
867,Exit short,2025-02-19 09:30,S-TP2,22178,2,88664,-48,-0.05,0,192,0.22,-105,-0.12,80621,80.62,9
867,Entry short,2025-02-19 08:45,ORB Short C (2c),22166,2,88664,-48,-0.05,0,192,0.22,-105,-0.12,80621,80.62,9
868,Exit long,2025-02-19 15:25,EOD Close,22223.75,2,88949,-54,-0.06,0,250,0.28,-170,-0.19,80567,80.57,57
868,Entry long,2025-02-19 10:40,ORB Long B (2c),22237.25,2,88949,-54,-0.06,0,250,0.28,-170,-0.19,80567,80.57,57
869,Exit short,2025-02-25 08:55,S-TP2,21271,3,127722,96,0.08,0,456,0.36,-55.5,-0.04,80663,80.66,2
869,Entry short,2025-02-25 08:45,ORB Short A+ (3c),21287,3,127722,96,0.08,0,456,0.36,-55.5,-0.04,80663,80.66,2
870,Exit long,2025-02-26 10:55,L-TP2,21349.75,2,85109,290,0.34,0,530,0.62,-70,-0.08,80953,80.95,26
870,Entry long,2025-02-26 08:45,ORB Long B (2c),21277.25,2,85109,290,0.34,0,530,0.62,-70,-0.08,80953,80.95,26
871,Exit short,2025-02-26 13:20,S-TP2,21124.75,3,127029,280.5,0.22,0,640.5,0.50,-201,-0.16,81233.5,81.23,11
871,Entry short,2025-02-26 12:25,ORB Short A (3c),21171.5,3,127029,280.5,0.22,0,640.5,0.50,-201,-0.16,81233.5,81.23,11
872,Exit short,2025-03-03 09:00,S-TP2,20780,2,83765,645,0.77,0,645,0.77,-91,-0.11,81878.5,81.88,3
872,Entry short,2025-03-03 08:45,ORB Short B+ (2c),20941.25,2,83765,645,0.77,0,645,0.77,-91,-0.11,81878.5,81.88,3
873,Exit short,2025-03-03 12:20,S-TP2,20764.25,2,83730,673,0.80,0,913,1.09,-210,-0.25,82551.5,82.55,33
873,Entry short,2025-03-03 09:35,ORB Short B (2c),20932.5,2,83730,673,0.80,0,913,1.09,-210,-0.25,82551.5,82.55,33
874,Exit short,2025-03-04 09:25,S-TP2,20135.75,2,80924,381,0.47,0,621,0.77,-101,-0.12,82932.5,82.93,6
874,Entry short,2025-03-04 08:55,ORB Short A+ (2c),20231,2,80924,381,0.47,0,621,0.77,-101,-0.12,82932.5,82.93,6
875,Exit short,2025-03-05 11:00,S-TP2,20396.75,2,81182,-405,-0.50,0,322,0.40,-405,-0.50,82527.5,82.53,10
875,Entry short,2025-03-05 10:10,ORB Short B+ (2c),20295.5,2,81182,-405,-0.50,0,322,0.40,-405,-0.50,82527.5,82.53,10
876,Exit short,2025-03-06 11:55,S-TP2,20150.5,2,80749,147,0.18,0,387,0.48,-179,-0.22,82674.5,82.67,11
876,Entry short,2025-03-06 11:00,ORB Short B (2c),20187.25,2,80749,147,0.18,0,387,0.48,-179,-0.22,82674.5,82.67,11
877,Exit short,2025-03-07 10:55,S-TP2,19826,2,80084,780,0.97,0,1020,1.27,-56,-0.07,83454.5,83.45,12
877,Entry short,2025-03-07 09:55,ORB Short B (2c),20021,2,80084,780,0.97,0,1020,1.27,-56,-0.07,83454.5,83.45,12
878,Exit short,2025-03-10 09:25,S-TP2,19714.25,2,79061,204,0.26,0,444,0.56,-249,-0.31,83658.5,83.66,7
878,Entry short,2025-03-10 08:50,ORB Short A (2c),19765.25,2,79061,204,0.26,0,444,0.56,-249,-0.31,83658.5,83.66,7
879,Exit short,2025-03-11 09:05,S-TP2,19510.75,2,77537,-506,-0.65,0,24,0.03,-506,-0.65,83152.5,83.15,1
879,Entry short,2025-03-11 09:00,ORB Short A (2c),19384.25,2,77537,-506,-0.65,0,24,0.03,-506,-0.65,83152.5,83.15,1
880,Exit short,2025-03-11 12:40,S-TP2,19261,2,77498,454,0.59,0,694,0.90,-236,-0.30,83606.5,83.61,19
880,Entry short,2025-03-11 11:05,ORB Short B+ (2c),19374.5,2,77498,454,0.59,0,694,0.90,-236,-0.30,83606.5,83.61,19
881,Exit short,2025-03-13 10:40,S-TP2,19343.5,2,77781,407,0.52,0,675,0.87,-187,-0.24,84013.5,84.01,13
881,Entry short,2025-03-13 09:35,ORB Short B (2c),19445.25,2,77781,407,0.52,0,675,0.87,-187,-0.24,84013.5,84.01,13
882,Exit short,2025-03-17 12:35,S-TP2,19802.75,1,39336.5,-269,-0.68,0,79.5,0.20,-269,-0.68,83744.5,83.74,31
882,Entry short,2025-03-17 10:00,ORB Short B (1c),19668.25,1,39336.5,-269,-0.68,0,79.5,0.20,-269,-0.68,83744.5,83.74,31
883,Exit short,2025-03-18 15:25,EOD Close,19712,1,39406,-18,-0.05,0,197.5,0.50,-161,-0.41,83726.5,83.73,79
883,Entry short,2025-03-18 08:50,ORB Short B+ (1c),19703,1,39406,-18,-0.05,0,197.5,0.50,-161,-0.41,83726.5,83.73,79
884,Exit short,2025-03-28 09:25,S-TP2,19652.25,2,79354,745,0.94,0,745,0.94,-19,-0.02,84471.5,84.47,5
884,Entry short,2025-03-28 09:00,ORB Short A (2c),19838.5,2,79354,745,0.94,0,745,0.94,-19,-0.02,84471.5,84.47,5
885,Exit short,2025-04-01 09:35,S-TP2,19400,2,77197,-403,-0.52,0,152,0.20,-403,-0.52,84068.5,84.07,5
885,Entry short,2025-04-01 09:10,ORB Short A (2c),19299.25,2,77197,-403,-0.52,0,152,0.20,-403,-0.52,84068.5,84.07,5
886,Exit short,2025-04-03 10:10,S-TP2,18780.25,2,75638,517,0.68,0,757,1.00,-194,-0.26,84585.5,84.59,13
886,Entry short,2025-04-03 09:05,ORB Short A+ (2c),18909.5,2,75638,517,0.68,0,757,1.00,-194,-0.26,84585.5,84.59,13
887,Exit short,2025-04-03 12:35,S-TP2,18883,2,75608,76,0.10,0,316,0.42,-247,-0.33,84661.5,84.66,13
887,Entry short,2025-04-03 11:30,ORB Short A (2c),18902,2,75608,76,0.10,0,316,0.42,-247,-0.33,84661.5,84.66,13
888,Exit short,2025-04-04 09:50,S-TP2,17774,2,72006,910,1.26,0,1385,1.92,-277,-0.38,85571.5,85.57,8
888,Entry short,2025-04-04 09:10,ORB Short B+ (2c),18001.5,2,72006,910,1.26,0,1385,1.92,-277,-0.38,85571.5,85.57,8
889,Exit short,2025-04-04 10:10,S-TP2,18090.5,2,71889,-473,-0.66,0,44,0.06,-473,-0.66,85098.5,85.10,1
889,Entry short,2025-04-04 10:05,ORB Short B+ (2c),17972.25,2,71889,-473,-0.66,0,44,0.06,-473,-0.66,85098.5,85.10,1
890,Exit short,2025-04-08 11:25,S-TP2,17905.25,1,36035,224.5,0.62,0,352.5,0.98,-112.5,-0.31,85323,85.32,8
890,Entry short,2025-04-08 10:45,ORB Short C+ (1c),18017.5,1,36035,224.5,0.62,0,352.5,0.98,-112.5,-0.31,85323,85.32,8
891,Exit short,2025-04-10 10:35,S-TP2,18473.25,1,37323.5,377,1.01,0,497,1.33,-279,-0.75,85700,85.70,20
891,Entry short,2025-04-10 08:55,ORB Short A (1c),18661.75,1,37323.5,377,1.01,0,497,1.33,-279,-0.75,85700,85.70,20
892,Exit short,2025-04-11 09:40,S-TP2,18479,1,36608,-350,-0.96,0,68,0.19,-350,-0.96,85350,85.35,3
892,Entry short,2025-04-11 09:25,ORB Short B (1c),18304,1,36608,-350,-0.96,0,68,0.19,-350,-0.96,85350,85.35,3
893,Exit short,2025-04-11 10:35,S-TP2,18524.25,1,36698.5,-350,-0.95,0,11.5,0.03,-350,-0.95,85000,85.00,3
893,Entry short,2025-04-11 10:20,ORB Short B (1c),18349.25,1,36698.5,-350,-0.95,0,11.5,0.03,-350,-0.95,85000,85.00,3
894,Exit short,2025-04-14 11:10,S-TP2,18805.75,1,37893,281.5,0.74,0,416,1.10,-92.5,-0.24,85281.5,85.28,9
894,Entry short,2025-04-14 10:25,ORB Short B (1c),18946.5,1,37893,281.5,0.74,0,416,1.10,-92.5,-0.24,85281.5,85.28,9
895,Exit short,2025-04-16 10:20,S-TP2,18679,2,74216,-500,-0.67,0,177,0.24,-500,-0.67,84781.5,84.78,18
895,Entry short,2025-04-16 08:50,ORB Short B+ (2c),18554,2,74216,-500,-0.67,0,177,0.24,-500,-0.67,84781.5,84.78,18
896,Exit short,2025-04-16 12:45,S-TP2,18375.75,2,74258,755,1.02,0,755,1.02,-129,-0.17,85536.5,85.54,14
896,Entry short,2025-04-16 11:35,ORB Short B (2c),18564.5,2,74258,755,1.02,0,755,1.02,-129,-0.17,85536.5,85.54,14
897,Exit short,2025-04-17 13:10,S-TP2,18509.5,1,36718,-301,-0.82,0,195.5,0.53,-301,-0.82,85235.5,85.24,46
897,Entry short,2025-04-17 09:20,ORB Short B (1c),18359,1,36718,-301,-0.82,0,195.5,0.53,-301,-0.82,85235.5,85.24,46
898,Exit short,2025-04-21 09:35,S-TP2,17957.75,2,72222,391,0.54,0,631,0.87,-18,-0.02,85626.5,85.63,9
898,Entry short,2025-04-21 08:50,ORB Short A (2c),18055.5,2,72222,391,0.54,0,631,0.87,-18,-0.02,85626.5,85.63,9
899,Exit long,2025-04-22 10:35,L-TP2,18326,1,36483.5,168.5,0.46,0,288.5,0.79,-85,-0.23,85795,85.80,22
899,Entry long,2025-04-22 08:45,ORB Long B (1c),18241.75,1,36483.5,168.5,0.46,0,288.5,0.79,-85,-0.23,85795,85.80,22
900,Exit long,2025-04-25 09:20,L-TP2,19256.25,2,77504,-479,-0.62,0,119,0.15,-479,-0.62,85316,85.32,3
900,Entry long,2025-04-25 09:05,ORB Long B (2c),19376,2,77504,-479,-0.62,0,119,0.15,-479,-0.62,85316,85.32,3
901,Exit long,2025-04-25 12:35,L-TP2,19494.5,2,77495,483,0.62,0,723,0.93,-259,-0.33,85799,85.80,29
901,Entry long,2025-04-25 10:10,ORB Long B (2c),19373.75,2,77495,483,0.62,0,723,0.93,-259,-0.33,85799,85.80,29
902,Exit short,2025-04-28 10:35,S-TP2,19372,1,38929.5,185.5,0.48,0,305.5,0.78,-149.5,-0.38,85984.5,85.98,20
902,Entry short,2025-04-28 08:55,ORB Short B (1c),19464.75,1,38929.5,185.5,0.48,0,305.5,0.78,-149.5,-0.38,85984.5,85.98,20
903,Exit long,2025-04-29 13:05,L-TP2,19683.75,2,78061,674,0.86,0,674,0.86,-184,-0.24,86658.5,86.66,52
903,Entry long,2025-04-29 08:45,ORB Long B+ (2c),19515.25,2,78061,674,0.86,0,674,0.86,-184,-0.24,86658.5,86.66,52
904,Exit long,2025-05-01 14:55,L-TP2,19888.5,2,79999,-445,-0.56,0,502,0.63,-445,-0.56,86213.5,86.21,66
904,Entry long,2025-05-01 09:25,ORB Long B (2c),19999.75,2,79999,-445,-0.56,0,502,0.63,-445,-0.56,86213.5,86.21,66
905,Exit long,2025-05-02 12:10,L-TP2,20206,2,80526,298,0.37,0,538,0.67,-80,-0.10,86511.5,86.51,37
905,Entry long,2025-05-02 09:05,ORB Long B (2c),20131.5,2,80526,298,0.37,0,538,0.67,-80,-0.10,86511.5,86.51,37
906,Exit long,2025-05-05 14:00,L-TP2,20131.25,3,120358.5,429,0.36,0,789,0.66,-304.5,-0.25,86940.5,86.94,61
906,Entry long,2025-05-05 08:55,ORB Long B+ (3c),20059.75,3,120358.5,429,0.36,0,789,0.66,-304.5,-0.25,86940.5,86.94,61
907,Exit long,2025-05-06 10:50,L-TP2,19893,2,79468,104,0.13,0,344,0.43,0,0.00,87044.5,87.04,19
907,Entry long,2025-05-06 09:15,ORB Long B (2c),19867,2,79468,104,0.13,0,344,0.43,0,0.00,87044.5,87.04,19
908,Exit short,2025-05-07 13:05,S-TP2,19745.75,1,39698.5,207,0.52,0,207,0.52,-152.5,-0.38,87251.5,87.25,39
908,Entry short,2025-05-07 09:50,ORB Short C (1c),19849.25,1,39698.5,207,0.52,0,207,0.52,-152.5,-0.38,87251.5,87.25,39
909,Exit short,2025-05-08 10:00,S-TP2,20038,2,80306,154,0.19,0,394,0.49,-193,-0.24,87405.5,87.41,15
909,Entry short,2025-05-08 08:45,ORB Short B (2c),20076.5,2,80306,154,0.19,0,394,0.49,-193,-0.24,87405.5,87.41,15
910,Exit long,2025-05-08 10:45,L-TP2,20311.75,2,80772,475,0.59,0,475,0.59,-44,-0.05,87880.5,87.88,3
910,Entry long,2025-05-08 10:30,ORB Long A (2c),20193,2,80772,475,0.59,0,475,0.59,-44,-0.05,87880.5,87.88,3
911,Exit long,2025-05-12 15:25,EOD Close,20953,2,83714,98,0.12,0,270,0.32,-284,-0.34,87978.5,87.98,40
911,Entry long,2025-05-12 12:05,ORB Long B+ (2c),20928.5,2,83714,98,0.12,0,270,0.32,-284,-0.34,87978.5,87.98,40
912,Exit long,2025-05-13 10:25,L-TP2,21278.75,2,84443,672,0.80,0,672,0.80,-33,-0.04,88650.5,88.65,19
912,Entry long,2025-05-13 08:50,ORB Long A+ (2c),21110.75,2,84443,672,0.80,0,672,0.80,-33,-0.04,88650.5,88.65,19
913,Exit long,2025-05-14 12:20,L-TP2,21314,2,85647,-391,-0.46,0,29,0.03,-391,-0.46,88259.5,88.26,10
913,Entry long,2025-05-14 11:30,ORB Long B+ (2c),21411.75,2,85647,-391,-0.46,0,29,0.03,-391,-0.46,88259.5,88.26,10
914,Exit long,2025-05-15 12:55,L-TP2,21469.75,2,85445,434,0.51,0,674,0.79,-31,-0.04,88693.5,88.69,35
914,Entry long,2025-05-15 10:00,ORB Long B (2c),21361.25,2,85445,434,0.51,0,674,0.79,-31,-0.04,88693.5,88.69,35
915,Exit long,2025-05-16 15:25,EOD Close,21501.75,3,128833.5,177,0.14,0,244.5,0.19,-226.5,-0.18,88870.5,88.87,35
915,Entry long,2025-05-16 12:30,ORB Long B+ (3c),21472.25,3,128833.5,177,0.14,0,244.5,0.19,-226.5,-0.18,88870.5,88.87,35
916,Exit long,2025-05-19 13:10,L-TP2,21485.5,2,85451,491,0.57,0,731,0.86,-86,-0.10,89361.5,89.36,53
916,Entry long,2025-05-19 08:45,ORB Long B+ (2c),21362.75,2,85451,491,0.57,0,731,0.86,-86,-0.10,89361.5,89.36,53
917,Exit long,2025-05-20 10:00,L-TP2,21390.5,3,128673,-330,-0.26,0,34.5,0.03,-330,-0.26,89031.5,89.03,4
917,Entry long,2025-05-20 09:40,ORB Long B (3c),21445.5,3,128673,-330,-0.26,0,34.5,0.03,-330,-0.26,89031.5,89.03,4
918,Exit long,2025-05-20 13:20,L-TP2,21390.5,2,85833,-271,-0.32,0,62,0.07,-271,-0.32,88760.5,88.76,21
918,Entry long,2025-05-20 11:35,ORB Long B (2c),21458.25,2,85833,-271,-0.32,0,62,0.07,-271,-0.32,88760.5,88.76,21
919,Exit long,2025-05-21 11:05,L-TP2,21546,2,85528,656,0.77,0,656,0.77,-79,-0.09,89416.5,89.42,28
919,Entry long,2025-05-21 08:45,ORB Long A (2c),21382,2,85528,656,0.77,0,656,0.77,-79,-0.09,89416.5,89.42,28
920,Exit long,2025-05-22 09:10,L-TP2,21270.25,2,84945,136,0.16,0,376,0.44,-36,-0.04,89552.5,89.55,4
920,Entry long,2025-05-22 08:50,ORB Long A (2c),21236.25,2,84945,136,0.16,0,376,0.44,-36,-0.04,89552.5,89.55,4
921,Exit long,2025-05-22 11:25,L-TP2,21264.75,2,84899,160,0.19,0,400,0.47,-233,-0.27,89712.5,89.71,20
921,Entry long,2025-05-22 09:45,ORB Long B (2c),21224.75,2,84899,160,0.19,0,400,0.47,-233,-0.27,89712.5,89.71,20
922,Exit long,2025-05-22 14:40,L-TP2,21277.75,2,84914,197,0.23,0,437,0.51,-4,0.00,89909.5,89.91,29
922,Entry long,2025-05-22 12:15,ORB Long B (2c),21228.5,2,84914,197,0.23,0,437,0.51,-4,0.00,89909.5,89.91,29
923,Exit long,2025-05-23 10:15,L-TP2,20886.25,2,83891,-346,-0.41,0,71,0.08,-346,-0.41,89563.5,89.56,11
923,Entry long,2025-05-23 09:20,ORB Long B (2c),20972.75,2,83891,-346,-0.41,0,71,0.08,-346,-0.41,89563.5,89.56,11
924,Exit long,2025-05-23 13:20,L-TP2,21023.75,2,83903,192,0.23,0,432,0.51,-159,-0.19,89755.5,89.76,24
924,Entry long,2025-05-23 11:20,ORB Long B (2c),20975.75,2,83903,192,0.23,0,432,0.51,-159,-0.19,89755.5,89.76,24
925,Exit long,2025-05-27 11:35,L-TP2,21450.75,2,85181,622,0.73,0,622,0.73,-13,-0.02,90377.5,90.38,32
925,Entry long,2025-05-27 08:55,ORB Long A (2c),21295.25,2,85181,622,0.73,0,622,0.73,-13,-0.02,90377.5,90.38,32
926,Exit short,2025-05-28 13:55,S-TP2,21461.5,1,42965,42,0.10,0,162,0.38,-44.5,-0.10,90419.5,90.42,62
926,Entry short,2025-05-28 08:45,ORB Short C (1c),21482.5,1,42965,42,0.10,0,162,0.38,-44.5,-0.10,90419.5,90.42,62
927,Exit short,2025-05-29 09:25,S-TP2,21440.25,1,42983.5,103,0.24,0,223,0.52,-132,-0.31,90522.5,90.52,8
927,Entry short,2025-05-29 08:45,ORB Short C (1c),21491.75,1,42983.5,103,0.24,0,223,0.52,-132,-0.31,90522.5,90.52,8
928,Exit long,2025-05-30 10:40,L-TP2,21301.75,2,85579,-372,-0.43,0,2,0.00,-372,-0.43,90150.5,90.15,13
928,Entry long,2025-05-30 09:35,ORB Long A (2c),21394.75,2,85579,-372,-0.43,0,2,0.00,-372,-0.43,90150.5,90.15,13
929,Exit long,2025-06-02 15:25,EOD Close,21565,2,85834,426,0.50,0,473,0.55,-136,-0.16,90576.5,90.58,41
929,Entry long,2025-06-02 12:00,ORB Long B (2c),21458.5,2,85834,426,0.50,0,473,0.55,-136,-0.16,90576.5,90.58,41
930,Exit long,2025-06-03 13:00,L-TP2,21699.75,2,86463,336,0.39,0,576,0.67,-233,-0.27,90912.5,90.91,48
930,Entry long,2025-06-03 09:00,ORB Long A (2c),21615.75,2,86463,336,0.39,0,576,0.67,-233,-0.27,90912.5,90.91,48
931,Exit short,2025-06-05 09:35,S-TP2,21808.5,2,86895,-339,-0.39,0,92,0.11,-339,-0.39,90573.5,90.57,8
931,Entry short,2025-06-05 08:55,ORB Short B (2c),21723.75,2,86895,-339,-0.39,0,92,0.11,-339,-0.39,90573.5,90.57,8
932,Exit long,2025-06-05 11:10,L-TP2,21876.25,2,87430,75,0.09,0,315,0.36,-52,-0.06,90648.5,90.65,15
932,Entry long,2025-06-05 09:55,ORB Long A (2c),21857.5,2,87430,75,0.09,0,315,0.36,-52,-0.06,90648.5,90.65,15
933,Exit short,2025-06-05 13:15,S-TP2,21668.25,2,86891,218,0.25,0,465,0.54,-268,-0.31,90866.5,90.87,18
933,Entry short,2025-06-05 11:45,ORB Short B (2c),21722.75,2,86891,218,0.25,0,465,0.54,-268,-0.31,90866.5,90.87,18
934,Exit long,2025-06-06 09:25,L-TP2,21771.25,2,87431,-346,-0.40,0,22,0.03,-346,-0.40,90520.5,90.52,8
934,Entry long,2025-06-06 08:45,ORB Long A (2c),21857.75,2,87431,-346,-0.40,0,22,0.03,-346,-0.40,90520.5,90.52,8
935,Exit long,2025-06-09 09:55,L-TP2,21832.5,3,130893,102,0.08,0,462,0.35,-192,-0.15,90622.5,90.62,13
935,Entry long,2025-06-09 08:50,ORB Long A (3c),21815.5,3,130893,102,0.08,0,462,0.35,-192,-0.15,90622.5,90.62,13
936,Exit short,2025-06-10 10:50,S-TP2,21863.75,1,43556,-171.5,-0.39,0,11,0.03,-171.5,-0.39,90451,90.45,4
936,Entry short,2025-06-10 10:30,ORB Short C (1c),21778,1,43556,-171.5,-0.39,0,11,0.03,-171.5,-0.39,90451,90.45,4
937,Exit long,2025-06-10 14:40,L-TP2,21932.25,3,131365.5,228,0.17,0,588,0.45,-439.5,-0.33,90679,90.68,44
937,Entry long,2025-06-10 11:00,ORB Long B+ (3c),21894.25,3,131365.5,228,0.17,0,588,0.45,-439.5,-0.33,90679,90.68,44
938,Exit short,2025-06-11 09:20,S-TP2,22024.75,2,87815,-284,-0.32,0,8,0.01,-284,-0.32,90395,90.40,7
938,Entry short,2025-06-11 08:45,ORB Short C (2c),21953.75,2,87815,-284,-0.32,0,8,0.01,-284,-0.32,90395,90.40,7
939,Exit long,2025-06-11 11:05,L-TP2,21960,3,132189,-429,-0.32,0,211.5,0.16,-429,-0.32,89966,89.97,21
939,Entry long,2025-06-11 09:20,ORB Long B+ (3c),22031.5,3,132189,-429,-0.32,0,211.5,0.16,-429,-0.32,89966,89.97,21
940,Exit long,2025-06-12 10:15,L-TP2,21917.5,3,131319,186,0.14,0,546,0.42,-280.5,-0.21,90152,90.15,18
940,Entry long,2025-06-12 08:45,ORB Long A+ (3c),21886.5,3,131319,186,0.14,0,546,0.42,-280.5,-0.21,90152,90.15,18
941,Exit long,2025-06-13 13:15,L-TP2,21716,2,87192,-328,-0.38,0,231,0.26,-328,-0.38,89824,89.82,34
941,Entry long,2025-06-13 10:25,ORB Long B (2c),21798,2,87192,-328,-0.38,0,231,0.26,-328,-0.38,89824,89.82,34
942,Exit long,2025-06-16 10:55,L-TP2,22164.5,2,88425,233,0.26,0,473,0.53,-40,-0.05,90057,90.06,26
942,Entry long,2025-06-16 08:45,ORB Long A+ (2c),22106.25,2,88425,233,0.26,0,473,0.53,-40,-0.05,90057,90.06,26
943,Exit long,2025-06-17 11:55,L-TP2,22039.25,2,88485,-328,-0.37,0,61,0.07,-328,-0.37,89729,89.73,33
943,Entry long,2025-06-17 09:10,ORB Long A (2c),22121.25,2,88485,-328,-0.37,0,61,0.07,-328,-0.37,89729,89.73,33
944,Exit short,2025-06-17 13:55,S-TP2,21968,1,44028.5,92.5,0.21,0,212.5,0.48,-70.5,-0.16,89821.5,89.82,18
944,Entry short,2025-06-17 12:25,ORB Short C (1c),22014.25,1,44028.5,92.5,0.21,0,212.5,0.48,-70.5,-0.16,89821.5,89.82,18
945,Exit long,2025-06-18 10:40,L-TP2,22038.75,3,132015,217.5,0.16,0,577.5,0.44,-132,-0.10,90039,90.04,23
945,Entry long,2025-06-18 08:45,ORB Long A (3c),22002.5,3,132015,217.5,0.16,0,577.5,0.44,-132,-0.10,90039,90.04,23
946,Exit long,2025-06-23 09:55,L-TP2,21958,3,131424,324,0.25,0,684,0.52,-66,-0.05,90363,90.36,14
946,Entry long,2025-06-23 08:45,ORB Long A (3c),21904,3,131424,324,0.25,0,684,0.52,-66,-0.05,90363,90.36,14
947,Exit long,2025-06-23 12:35,L-TP2,22077.75,2,87582,729,0.83,0,729,0.83,-106,-0.12,91092,91.09,7
947,Entry long,2025-06-23 12:00,ORB Long B (2c),21895.5,2,87582,729,0.83,0,729,0.83,-106,-0.12,91092,91.09,7
948,Exit long,2025-06-24 15:25,EOD Close,22406,3,134019,417,0.31,0,667.5,0.50,-219,-0.16,91509,91.51,69
948,Entry long,2025-06-24 09:40,ORB Long B+ (3c),22336.5,3,134019,417,0.31,0,667.5,0.50,-219,-0.16,91509,91.51,69
949,Exit long,2025-06-26 15:25,EOD Close,22666.75,2,90287,380,0.42,0,484,0.54,-88,-0.10,91889,91.89,73
949,Entry long,2025-06-26 09:20,ORB Long B (2c),22571.75,2,90287,380,0.42,0,484,0.54,-88,-0.10,91889,91.89,73
950,Exit long,2025-06-27 13:15,L-TP2,22682,2,90975,-247,-0.27,0,320,0.35,-247,-0.27,91642,91.64,53
950,Entry long,2025-06-27 08:50,ORB Long B (2c),22743.75,2,90975,-247,-0.27,0,320,0.35,-247,-0.27,91642,91.64,53
951,Exit long,2025-07-02 10:00,L-TP2,22833.75,3,136263,739.5,0.54,0,739.5,0.54,-46.5,-0.03,92381.5,92.38,15
951,Entry long,2025-07-02 08:45,ORB Long A+ (3c),22710.5,3,136263,739.5,0.54,0,739.5,0.54,-46.5,-0.03,92381.5,92.38,15
952,Exit long,2025-07-03 11:45,EOD Close (Early/Half-Day),23057,3,137964,378,0.27,0,643.5,0.47,-34.5,-0.03,92759.5,92.76,35
952,Entry long,2025-07-03 08:50,ORB Long A+ (3c),22994,3,137964,378,0.27,0,643.5,0.47,-34.5,-0.03,92759.5,92.76,35
953,Exit short,2025-07-08 11:20,S-TP2,22944,2,91525,-251,-0.27,0,161,0.18,-251,-0.27,92508.5,92.51,29
953,Entry short,2025-07-08 08:55,ORB Short B (2c),22881.25,2,91525,-251,-0.27,0,161,0.18,-251,-0.27,92508.5,92.51,29
954,Exit long,2025-07-08 11:35,L-TP2,22889,3,137682,-348,-0.25,0,94.5,0.07,-348,-0.25,92160.5,92.16,3
954,Entry long,2025-07-08 11:20,ORB Long A (3c),22947,3,137682,-348,-0.25,0,94.5,0.07,-348,-0.25,92160.5,92.16,3
955,Exit long,2025-07-09 09:30,L-TP2,23010.5,3,138513,-450,-0.32,0,154.5,0.11,-450,-0.32,91710.5,91.71,9
955,Entry long,2025-07-09 08:45,ORB Long A (3c),23085.5,3,138513,-450,-0.32,0,154.5,0.11,-450,-0.32,91710.5,91.71,9
956,Exit short,2025-07-10 09:15,S-TP2,22961,2,91974,130,0.14,0,370,0.40,-68,-0.07,91840.5,91.84,6
956,Entry short,2025-07-10 08:45,ORB Short B (2c),22993.5,2,91974,130,0.14,0,370,0.40,-68,-0.07,91840.5,91.84,6
957,Exit long,2025-07-11 15:25,EOD Close,22936,3,137784,-168,-0.12,0,346.5,0.25,-331.5,-0.24,91672.5,91.67,78
957,Entry long,2025-07-11 08:55,ORB Long B+ (3c),22964,3,137784,-168,-0.12,0,346.5,0.25,-331.5,-0.24,91672.5,91.67,78
958,Exit long,2025-07-14 15:25,EOD Close,23024,2,91968,128,0.14,0,303,0.33,-29,-0.03,91800.5,91.80,66
958,Entry long,2025-07-14 09:55,ORB Long B (2c),22992,2,91968,128,0.14,0,303,0.33,-29,-0.03,91800.5,91.80,66
959,Exit short,2025-07-15 10:45,S-TP2,23174.5,2,92398,-300,-0.32,0,1,0.00,-300,-0.32,91500.5,91.50,10
959,Entry short,2025-07-15 09:55,ORB Short C (2c),23099.5,2,92398,-300,-0.32,0,1,0.00,-300,-0.32,91500.5,91.50,10
960,Exit short,2025-07-15 13:00,S-TP2,23173.5,2,92394,-300,-0.32,0,48,0.05,-300,-0.32,91200.5,91.20,13
960,Entry short,2025-07-15 11:55,ORB Short B (2c),23098.5,2,92394,-300,-0.32,0,48,0.05,-300,-0.32,91200.5,91.20,13
961,Exit long,2025-07-17 15:25,EOD Close,23265.5,3,138816,777,0.56,0,870,0.63,-129,-0.09,91977.5,91.98,80
961,Entry long,2025-07-17 08:45,ORB Long B+ (3c),23136,3,138816,777,0.56,0,870,0.63,-129,-0.09,91977.5,91.98,80
962,Exit long,2025-07-21 15:25,EOD Close,23340.25,3,140271,-229.5,-0.16,0,279,0.20,-301.5,-0.21,91748,91.75,80
962,Entry long,2025-07-21 08:45,ORB Long A (3c),23378.5,3,140271,-229.5,-0.16,0,279,0.20,-301.5,-0.21,91748,91.75,80
963,Exit short,2025-07-23 10:50,S-TP2,23240.75,2,92663,-300,-0.32,0,93,0.10,-300,-0.32,91448,91.45,23
963,Entry short,2025-07-23 08:55,ORB Short B (2c),23165.75,2,92663,-300,-0.32,0,93,0.10,-300,-0.32,91448,91.45,23
964,Exit long,2025-07-24 15:25,EOD Close,23392,3,140469,-117,-0.08,0,81,0.06,-268.5,-0.19,91331,91.33,39
964,Entry long,2025-07-24 12:10,ORB Long A (3c),23411.5,3,140469,-117,-0.08,0,81,0.06,-268.5,-0.19,91331,91.33,39
965,Exit long,2025-07-25 14:55,L-TP2,23417,4,187072,264,0.14,0,744,0.40,-90,-0.05,91595,91.60,74
965,Entry long,2025-07-25 08:45,ORB Long B+ (4c),23384,4,187072,264,0.14,0,744,0.40,-90,-0.05,91595,91.60,74
966,Exit long,2025-07-30 13:40,L-TP2,23529.75,3,141093,85.5,0.06,0,445.5,0.32,-243,-0.17,91680.5,91.68,52
966,Entry long,2025-07-30 09:20,ORB Long A+ (3c),23515.5,3,141093,85.5,0.06,0,445.5,0.32,-243,-0.17,91680.5,91.68,52
967,Exit long,2025-08-05 09:15,L-TP2,23306.5,3,140289,-450,-0.32,0,67.5,0.05,-450,-0.32,91230.5,91.23,6
967,Entry long,2025-08-05 08:45,ORB Long B+ (3c),23381.5,3,140289,-450,-0.32,0,67.5,0.05,-450,-0.32,91230.5,91.23,6
968,Exit long,2025-08-06 11:35,L-TP2,23388,2,92917,635,0.68,0,635,0.68,-260,-0.28,91865.5,91.87,33
968,Entry long,2025-08-06 08:50,ORB Long B (2c),23229.25,2,92917,635,0.68,0,635,0.68,-260,-0.28,91865.5,91.87,33
969,Exit long,2025-08-07 09:10,L-TP2,23582.75,3,141927,-430.5,-0.30,0,100.5,0.07,-430.5,-0.30,91435,91.44,3
969,Entry long,2025-08-07 08:55,ORB Long B+ (3c),23654.5,3,141927,-430.5,-0.30,0,100.5,0.07,-430.5,-0.30,91435,91.44,3
970,Exit long,2025-08-08 15:25,EOD Close,23752.75,3,141771,745.5,0.53,0,819,0.58,-99,-0.07,92180.5,92.18,80
970,Entry long,2025-08-08 08:45,ORB Long A+ (3c),23628.5,3,141771,745.5,0.53,0,819,0.58,-99,-0.07,92180.5,92.18,80
971,Exit long,2025-08-11 13:00,L-TP2,23681,3,142470,-384,-0.27,0,357,0.25,-384,-0.27,91796.5,91.80,49
971,Entry long,2025-08-11 08:55,ORB Long A (3c),23745,3,142470,-384,-0.27,0,357,0.25,-384,-0.27,91796.5,91.80,49
972,Exit long,2025-08-12 15:25,EOD Close,23937.75,3,142860,766.5,0.54,0,835.5,0.58,0,0.00,92563,92.56,64
972,Entry long,2025-08-12 10:05,ORB Long B+ (3c),23810,3,142860,766.5,0.54,0,835.5,0.58,0,0.00,92563,92.56,64
973,Exit long,2025-08-14 09:55,L-TP2,23945.5,3,143584.5,88.5,0.06,0,448.5,0.31,-198,-0.14,92651.5,92.65,14
973,Entry long,2025-08-14 08:45,ORB Long A (3c),23930.75,3,143584.5,88.5,0.06,0,448.5,0.31,-198,-0.14,92651.5,92.65,14
974,Exit long,2025-08-14 15:25,EOD Close,23882.25,3,143553,-259.5,-0.18,0,325.5,0.23,-366,-0.25,92392,92.39,55
974,Entry long,2025-08-14 10:50,ORB Long B+ (3c),23925.5,3,143553,-259.5,-0.18,0,325.5,0.23,-366,-0.25,92392,92.39,55
975,Exit long,2025-08-25 13:20,L-TP2,23556.75,2,94078,149,0.16,0,389,0.41,-60,-0.06,92541,92.54,53
975,Entry long,2025-08-25 08:55,ORB Long B (2c),23519.5,2,94078,149,0.16,0,389,0.41,-60,-0.06,92541,92.54,53
976,Exit long,2025-08-26 15:25,EOD Close,23606.75,2,94162,265,0.28,0,282,0.30,-246,-0.26,92806,92.81,73
976,Entry long,2025-08-26 09:20,ORB Long C+ (2c),23540.5,2,94162,265,0.28,0,282,0.30,-246,-0.26,92806,92.81,73
977,Exit long,2025-08-27 11:20,L-TP2,23571.75,2,94266,21,0.02,0,261,0.28,-4,0.00,92827,92.83,26
977,Entry long,2025-08-27 09:10,ORB Long C+ (2c),23566.5,2,94266,21,0.02,0,261,0.28,-4,0.00,92827,92.83,26
978,Exit long,2025-08-28 15:25,EOD Close,23763.5,3,142527,54,0.04,0,295.5,0.21,-193.5,-0.14,92881,92.88,48
978,Entry long,2025-08-28 11:25,ORB Long B+ (3c),23754.5,3,142527,54,0.04,0,295.5,0.21,-193.5,-0.14,92881,92.88,48
979,Exit short,2025-08-29 09:20,S-TP2,23488,2,94173,221,0.23,0,461,0.49,-130,-0.14,93102,93.10,7
979,Entry short,2025-08-29 08:45,ORB Short B (2c),23543.25,2,94173,221,0.23,0,461,0.49,-130,-0.14,93102,93.10,7
980,Exit long,2025-09-04 15:25,EOD Close,23691.25,2,94206,559,0.59,0,630,0.67,-155,-0.16,93661,93.66,55
980,Entry long,2025-09-04 10:50,ORB Long B (2c),23551.5,2,94206,559,0.59,0,630,0.67,-155,-0.16,93661,93.66,55
981,Exit short,2025-09-05 09:35,S-TP2,23628.25,2,95183,670,0.70,0,670,0.70,-29,-0.03,94331,94.33,6
981,Entry short,2025-09-05 09:05,ORB Short C+ (2c),23795.75,2,95183,670,0.70,0,670,0.70,-29,-0.03,94331,94.33,6
982,Exit long,2025-09-08 12:50,L-TP2,23772,3,143095.5,-463.5,-0.32,0,232.5,0.16,-463.5,-0.32,93867.5,93.87,49
982,Entry long,2025-09-08 08:45,ORB Long A (3c),23849.25,3,143095.5,-463.5,-0.32,0,232.5,0.16,-463.5,-0.32,93867.5,93.87,49
983,Exit long,2025-09-11 15:25,EOD Close,24012,3,144024,48,0.03,0,268.5,0.19,-55.5,-0.04,93915.5,93.92,66
983,Entry long,2025-09-11 09:55,ORB Long B+ (3c),24004,3,144024,48,0.03,0,268.5,0.19,-55.5,-0.04,93915.5,93.92,66
984,Exit long,2025-09-12 14:35,L-TP2,24099,3,144429,165,0.11,0,525,0.36,-42,-0.03,94080.5,94.08,63
984,Entry long,2025-09-12 09:20,ORB Long A (3c),24071.5,3,144429,165,0.11,0,525,0.36,-42,-0.03,94080.5,94.08,63
985,Exit long,2025-09-15 15:25,EOD Close,24289.75,4,193828,490,0.25,0,698,0.36,-60,-0.03,94570.5,94.57,80
985,Entry long,2025-09-15 08:45,ORB Long A (4c),24228.5,4,193828,490,0.25,0,698,0.36,-60,-0.03,94570.5,94.57,80
986,Exit long,2025-09-18 09:50,L-TP2,24749,3,148333.5,160.5,0.11,0,520.5,0.35,-9,-0.01,94731,94.73,10
986,Entry long,2025-09-18 09:00,ORB Long A (3c),24722.25,3,148333.5,160.5,0.11,0,520.5,0.35,-9,-0.01,94731,94.73,10
987,Exit long,2025-09-19 15:25,EOD Close,24869,3,148771.5,442.5,0.30,0,556.5,0.37,-34.5,-0.02,95173.5,95.17,53
987,Entry long,2025-09-19 11:00,ORB Long B+ (3c),24795.25,3,148771.5,442.5,0.30,0,556.5,0.37,-34.5,-0.02,95173.5,95.17,53
988,Exit short,2025-09-23 12:45,S-TP2,24839.25,2,99761,404,0.40,0,644,0.65,-139,-0.14,95577.5,95.58,46
988,Entry short,2025-09-23 08:55,ORB Short B (2c),24940.25,2,99761,404,0.40,0,644,0.65,-139,-0.14,95577.5,95.58,46
989,Exit long,2025-09-25 11:20,L-TP2,24637,2,98424,124,0.13,0,364,0.37,-89,-0.09,95701.5,95.70,25
989,Entry long,2025-09-25 09:15,ORB Long C+ (2c),24606,2,98424,124,0.13,0,364,0.37,-89,-0.09,95701.5,95.70,25
990,Exit long,2025-09-29 10:15,L-TP2,24872.25,3,149683.5,-450,-0.30,0,166.5,0.11,-450,-0.30,95251.5,95.25,18
990,Entry long,2025-09-29 08:45,ORB Long B+ (3c),24947.25,3,149683.5,-450,-0.30,0,166.5,0.11,-450,-0.30,95251.5,95.25,18
991,Exit long,2025-09-30 10:25,L-TP2,24767.5,2,99370,-300,-0.30,0,86,0.09,-300,-0.30,94951.5,94.95,6
991,Entry long,2025-09-30 09:55,ORB Long B (2c),24842.5,2,99370,-300,-0.30,0,86,0.09,-300,-0.30,94951.5,94.95,6
992,Exit long,2025-10-01 13:05,L-TP2,25011,3,149146.5,919.5,0.62,0,919.5,0.62,-21,-0.01,95871,95.87,46
992,Entry long,2025-10-01 09:15,ORB Long A (3c),24857.75,3,149146.5,919.5,0.62,0,919.5,0.62,-21,-0.01,95871,95.87,46
993,Exit long,2025-10-06 15:25,EOD Close,25179.25,3,151348.5,-273,-0.18,0,169.5,0.11,-303,-0.20,95598,95.60,37
993,Entry long,2025-10-06 12:20,ORB Long A+ (3c),25224.75,3,151348.5,-273,-0.18,0,169.5,0.11,-303,-0.20,95598,95.60,37
994,Exit long,2025-10-08 14:55,L-TP2,25333.75,3,150967.5,1035,0.69,0,1035,0.69,-111,-0.07,96633,96.63,74
994,Entry long,2025-10-08 08:45,ORB Long A+ (3c),25161.25,3,150967.5,1035,0.69,0,1035,0.69,-111,-0.07,96633,96.63,74
995,Exit short,2025-10-09 13:15,S-TP2,25220.75,2,101007,124,0.12,0,364,0.36,-92,-0.09,96757,96.76,46
995,Entry short,2025-10-09 09:25,ORB Short C (2c),25251.75,2,101007,124,0.12,0,364,0.36,-92,-0.09,96757,96.76,46
996,Exit long,2025-10-13 09:20,L-TP2,24809.5,2,99553,-315,-0.32,0,102,0.10,-315,-0.32,96442,96.44,5
996,Entry long,2025-10-13 08:55,ORB Long B (2c),24888.25,2,99553,-315,-0.32,0,102,0.10,-315,-0.32,96442,96.44,5
997,Exit long,2025-10-13 09:50,L-TP2,24774.25,2,99412,-315,-0.32,0,142,0.14,-315,-0.32,96127,96.13,4
997,Entry long,2025-10-13 09:30,ORB Long B (2c),24853,2,99412,-315,-0.32,0,142,0.14,-315,-0.32,96127,96.13,4
998,Exit long,2025-10-13 12:15,L-TP2,24898.5,2,99462,132,0.13,0,372,0.37,-54,-0.05,96259,96.26,24
998,Entry long,2025-10-13 10:15,ORB Long B (2c),24865.5,2,99462,132,0.13,0,372,0.37,-54,-0.05,96259,96.26,24
999,Exit long,2025-10-15 10:45,L-TP2,24924.75,2,100057,-358,-0.36,0,414,0.41,-358,-0.36,95901,95.90,22
999,Entry long,2025-10-15 08:55,ORB Long A (2c),25014.25,2,100057,-358,-0.36,0,414,0.41,-358,-0.36,95901,95.90,22
1000,Exit short,2025-10-15 12:10,S-TP2,24740.75,1,49809,327.5,0.66,0,327.5,0.66,-178,-0.36,96228.5,96.23,16
1000,Entry short,2025-10-15 10:50,ORB Short C (1c),24904.5,1,49809,327.5,0.66,0,327.5,0.66,-178,-0.36,96228.5,96.23,16
1001,Exit long,2025-10-16 10:25,L-TP2,25036,2,100438,-294,-0.29,0,281,0.28,-294,-0.29,95934.5,95.93,11
1001,Entry long,2025-10-16 09:30,ORB Long B (2c),25109.5,2,100438,-294,-0.29,0,281,0.28,-294,-0.29,95934.5,95.93,11
1002,Exit long,2025-10-20 15:00,L-TP2,25295,2,100922,258,0.26,0,498,0.49,-114,-0.11,96192.5,96.19,74
1002,Entry long,2025-10-20 08:50,ORB Long A (2c),25230.5,2,100922,258,0.26,0,498,0.49,-114,-0.11,96192.5,96.19,74
1003,Exit long,2025-10-21 15:00,L-TP2,25233,3,151851,-453,-0.30,0,234,0.15,-453,-0.30,95739.5,95.74,51
1003,Entry long,2025-10-21 10:45,ORB Long B+ (3c),25308.5,3,151851,-453,-0.30,0,234,0.15,-453,-0.30,95739.5,95.74,51
1004,Exit long,2025-10-22 09:25,L-TP2,25178.75,2,101123,-408,-0.40,0,7,0.01,-408,-0.40,95331.5,95.33,7
1004,Entry long,2025-10-22 08:50,ORB Long A+ (2c),25280.75,2,101123,-408,-0.40,0,7,0.01,-408,-0.40,95331.5,95.33,7
1005,Exit short,2025-10-22 10:40,S-TP2,25063,2,100501,249,0.25,0,489,0.49,-266,-0.26,95580.5,95.58,15
1005,Entry short,2025-10-22 09:25,ORB Short B (2c),25125.25,2,100501,249,0.25,0,489,0.49,-266,-0.26,95580.5,95.58,15
1006,Exit long,2025-10-23 12:35,L-TP2,25264.5,2,100549,509,0.51,0,509,0.51,-214,-0.21,96089.5,96.09,46
1006,Entry long,2025-10-23 08:45,ORB Long A+ (2c),25137.25,2,100549,509,0.51,0,509,0.51,-214,-0.21,96089.5,96.09,46
1007,Exit long,2025-10-24 15:25,EOD Close,25518.25,2,102129,-56,-0.05,0,147,0.14,-399,-0.39,96033.5,96.03,76
1007,Entry long,2025-10-24 09:05,ORB Long A (2c),25532.25,2,102129,-56,-0.05,0,147,0.14,-399,-0.39,96033.5,96.03,76
1008,Exit long,2025-10-27 15:25,EOD Close,25996,3,155197.5,778.5,0.50,0,792,0.51,-265.5,-0.17,96812,96.81,77
1008,Entry long,2025-10-27 09:00,ORB Long A (3c),25866.25,3,155197.5,778.5,0.50,0,792,0.51,-265.5,-0.17,96812,96.81,77
1009,Exit long,2025-10-28 14:50,L-TP2,26172,3,156654,378,0.24,0,738,0.47,-109.5,-0.07,97190,97.19,40
1009,Entry long,2025-10-28 11:30,ORB Long A (3c),26109,3,156654,378,0.24,0,738,0.47,-109.5,-0.07,97190,97.19,40
1010,Exit short,2025-10-31 11:25,S-TP2,26015.5,1,52205.5,174.5,0.33,0,294.5,0.56,-160.5,-0.31,97364.5,97.36,30
1010,Entry short,2025-10-31 08:55,ORB Short C (1c),26102.75,1,52205.5,174.5,0.33,0,294.5,0.56,-160.5,-0.31,97364.5,97.36,30
1011,Exit long,2025-11-10 09:55,L-TP2,25538.5,2,102560,-406,-0.40,0,106,0.10,-406,-0.40,96958.5,96.96,11
1011,Entry long,2025-11-10 09:00,ORB Long A+ (2c),25640,2,102560,-406,-0.40,0,106,0.10,-406,-0.40,96958.5,96.96,11
1012,Exit short,2025-11-10 11:50,S-TP2,25625,1,51047,-203,-0.40,0,142.5,0.28,-203,-0.40,96755.5,96.76,23
1012,Entry short,2025-11-10 09:55,ORB Short C (1c),25523.5,1,51047,-203,-0.40,0,142.5,0.28,-203,-0.40,96755.5,96.76,23
1013,Exit long,2025-11-10 15:25,EOD Close,25729.5,2,102562,356,0.35,0,478,0.47,-48,-0.05,97111.5,97.11,41
1013,Entry long,2025-11-10 12:00,ORB Long A (2c),25640.5,2,102562,356,0.35,0,478,0.47,-48,-0.05,97111.5,97.11,41
1014,Exit long,2025-11-11 15:25,EOD Close,25666,2,102630,34,0.03,0,153,0.15,-201,-0.20,97145.5,97.15,38
1014,Entry long,2025-11-11 12:15,ORB Long B (2c),25657.5,2,102630,34,0.03,0,153,0.15,-201,-0.20,97145.5,97.15,38
1015,Exit short,2025-11-18 09:05,S-TP2,24494.25,2,98494,517,0.52,0,774,0.79,-83,-0.08,97662.5,97.66,4
1015,Entry short,2025-11-18 08:45,ORB Short A+ (2c),24623.5,2,98494,517,0.52,0,774,0.79,-83,-0.08,97662.5,97.66,4
1016,Exit short,2025-11-18 11:20,S-TP2,24633.25,3,147876,76.5,0.05,0,436.5,0.30,-310.5,-0.21,97739,97.74,10
1016,Entry short,2025-11-18 10:30,ORB Short A (3c),24646,3,147876,76.5,0.05,0,436.5,0.30,-310.5,-0.21,97739,97.74,10
1017,Exit short,2025-11-19 12:35,S-TP2,24694.75,2,98287,-492,-0.50,0,255,0.26,-492,-0.50,97247,97.25,13
1017,Entry short,2025-11-19 11:30,ORB Short B+ (2c),24571.75,2,98287,-492,-0.50,0,255,0.26,-492,-0.50,97247,97.25,13
1018,Exit short,2025-11-20 10:15,S-TP2,24963.75,1,50197.5,270,0.54,0,270,0.54,-27.5,-0.05,97517,97.52,3
1018,Entry short,2025-11-20 10:00,ORB Short C (1c),25098.75,1,50197.5,270,0.54,0,270,0.54,-27.5,-0.05,97517,97.52,3
1019,Exit short,2025-11-21 09:40,S-TP2,23987.25,1,48279,304.5,0.63,0,424.5,0.88,-169.5,-0.35,97821.5,97.82,8
1019,Entry short,2025-11-21 09:00,ORB Short A (1c),24139.5,1,48279,304.5,0.63,0,424.5,0.88,-169.5,-0.35,97821.5,97.82,8
1020,Exit short,2025-11-25 09:40,S-TP2,24832.5,1,49376,-289,-0.59,0,49,0.10,-289,-0.59,97532.5,97.53,8
1020,Entry short,2025-11-25 09:00,ORB Short A+ (1c),24688,1,49376,-289,-0.59,0,49,0.10,-289,-0.59,97532.5,97.53,8
1021,Exit long,2025-11-28 11:45,EOD Close (Early/Half-Day),25405.75,1,50869,-57.5,-0.11,0,11,0.02,-134,-0.26,97475,97.48,20
1021,Entry long,2025-11-28 10:05,ORB Long C (1c),25434.5,1,50869,-57.5,-0.11,0,11,0.02,-134,-0.26,97475,97.48,20
1022,Exit long,2025-12-01 13:10,L-TP2,25435.75,2,101385,358,0.35,0,598,0.59,-320,-0.32,97833,97.83,52
1022,Entry long,2025-12-01 08:50,ORB Long A (2c),25346.25,2,101385,358,0.35,0,598,0.59,-320,-0.32,97833,97.83,52
1023,Exit long,2025-12-02 10:20,L-TP2,25507.75,2,102540,-509,-0.50,0,140,0.14,-509,-0.50,97324,97.32,16
1023,Entry long,2025-12-02 09:00,ORB Long A (2c),25635,2,102540,-509,-0.50,0,140,0.14,-509,-0.50,97324,97.32,16
1024,Exit long,2025-12-03 15:25,EOD Close,25641.5,2,102287,279,0.27,0,456,0.45,-295,-0.29,97603,97.60,77
1024,Entry long,2025-12-03 09:00,ORB Long A+ (2c),25571.75,2,102287,279,0.27,0,456,0.45,-295,-0.29,97603,97.60,77
1025,Exit long,2025-12-05 10:30,L-TP2,25675.5,2,103179,-477,-0.46,0,292,0.28,-477,-0.46,97126,97.13,20
1025,Entry long,2025-12-05 08:50,ORB Long A+ (2c),25794.75,2,103179,-477,-0.46,0,292,0.28,-477,-0.46,97126,97.13,20
1026,Exit long,2025-12-09 15:25,EOD Close,25680.5,2,102628,94,0.09,0,326,0.32,-86,-0.08,97220,97.22,72
1026,Entry long,2025-12-09 09:25,ORB Long B (2c),25657,2,102628,94,0.09,0,326,0.32,-86,-0.08,97220,97.22,72
1027,Exit long,2025-12-10 14:10,L-TP2,25851.5,2,102671,735,0.72,0,735,0.72,-355,-0.35,97955,97.96,28
1027,Entry long,2025-12-10 11:50,ORB Long B (2c),25667.75,2,102671,735,0.72,0,735,0.72,-355,-0.35,97955,97.96,28
1028,Exit long,2025-12-11 15:25,EOD Close,25819.5,2,102654,624,0.61,0,711,0.69,-134,-0.13,98579,98.58,34
1028,Entry long,2025-12-11 12:35,ORB Long A (2c),25663.5,2,102654,624,0.61,0,711,0.69,-134,-0.13,98579,98.58,34
1029,Exit long,2025-12-23 15:25,EOD Close,25816,2,102958,306,0.30,0,331,0.32,-46,-0.04,98885,98.89,65
1029,Entry long,2025-12-23 10:00,ORB Long B (2c),25739.5,2,102958,306,0.30,0,331,0.32,-46,-0.04,98885,98.89,65
1030,Exit long,2025-12-24 11:45,EOD Close (Early/Half-Day),25874.5,3,154966.5,280.5,0.18,0,363,0.23,-142.5,-0.09,99165.5,99.17,31
1030,Entry long,2025-12-24 09:10,ORB Long B (3c),25827.75,3,154966.5,280.5,0.18,0,363,0.23,-142.5,-0.09,99165.5,99.17,31
1031,Exit long,2025-12-30 10:40,L-TP2,25734,2,102945,-9,-0.01,0,231,0.22,-232,-0.23,99156.5,99.16,23
1031,Entry long,2025-12-30 08:45,ORB Long B (2c),25736.25,2,102945,-9,-0.01,0,231,0.22,-232,-0.23,99156.5,99.16,23
1032,Exit long,2025-12-30 14:55,L-TP2,25675.5,2,102942,-240,-0.23,0,34,0.03,-240,-0.23,98916.5,98.92,32
1032,Entry long,2025-12-30 12:15,ORB Long B (2c),25735.5,2,102942,-240,-0.23,0,34,0.03,-240,-0.23,98916.5,98.92,32
1033,Exit long,2026-01-02 09:10,L-TP2,25678,3,154530,-462,-0.30,0,291,0.19,-462,-0.30,98454.5,98.45,5
1033,Entry long,2026-01-02 08:45,ORB Long A+ (3c),25755,3,154530,-462,-0.30,0,291,0.19,-462,-0.30,98454.5,98.45,5
1034,Exit short,2026-01-02 09:30,S-TP2,25517.25,2,102416,347,0.34,0,587,0.57,-9,-0.01,98801.5,98.80,4
1034,Entry short,2026-01-02 09:10,ORB Short B (2c),25604,2,102416,347,0.34,0,587,0.57,-9,-0.01,98801.5,98.80,4
1035,Exit long,2026-01-05 11:30,L-TP2,25609.25,3,154123.5,-468,-0.30,0,124.5,0.08,-468,-0.30,98333.5,98.33,17
1035,Entry long,2026-01-05 10:05,ORB Long B+ (3c),25687.25,3,154123.5,-468,-0.30,0,124.5,0.08,-468,-0.30,98333.5,98.33,17
1036,Exit long,2026-01-06 15:25,EOD Close,25822.75,3,154260,676.5,0.44,0,766.5,0.50,-426,-0.28,99010,99.01,80
1036,Entry long,2026-01-06 08:45,ORB Long B+ (3c),25710,3,154260,676.5,0.44,0,766.5,0.50,-426,-0.28,99010,99.01,80
1037,Exit long,2026-01-07 12:20,L-TP2,25938,3,155196,432,0.28,0,792,0.51,-342,-0.22,99442,99.44,35
1037,Entry long,2026-01-07 09:25,ORB Long A (3c),25866,3,155196,432,0.28,0,792,0.51,-342,-0.22,99442,99.44,35
1038,Exit long,2026-01-09 09:40,L-TP2,25819,2,103199,77,0.07,0,317,0.31,-7,-0.01,99519,99.52,4
1038,Entry long,2026-01-09 09:20,ORB Long B (2c),25799.75,2,103199,77,0.07,0,317,0.31,-7,-0.01,99519,99.52,4
1039,Exit long,2026-01-09 14:20,L-TP2,25981.75,3,154870.5,1020,0.66,0,1020,0.66,-6,0.00,100539,100.54,53
1039,Entry long,2026-01-09 09:55,ORB Long B+ (3c),25811.75,3,154870.5,1020,0.66,0,1020,0.66,-6,0.00,100539,100.54,53
1040,Exit long,2026-01-12 14:50,L-TP2,25960.5,3,155361,402,0.26,0,762,0.49,-180,-0.12,100941,100.94,72
1040,Entry long,2026-01-12 08:50,ORB Long B+ (3c),25893.5,3,155361,402,0.26,0,762,0.49,-180,-0.12,100941,100.94,72
1041,Exit short,2026-01-13 09:35,S-TP2,25871.75,2,103721,234,0.23,0,474,0.46,-110,-0.11,101175,101.18,7
1041,Entry short,2026-01-13 09:00,ORB Short C (2c),25930.25,2,103721,234,0.23,0,474,0.46,-110,-0.11,101175,101.18,7
1042,Exit short,2026-01-20 15:10,S-TP2,25159,3,151362,408,0.27,0,768,0.51,-64.5,-0.04,101583,101.58,32
1042,Entry short,2026-01-20 12:30,ORB Short B+ (3c),25227,3,151362,408,0.27,0,768,0.51,-64.5,-0.04,101583,101.58,32
1043,Exit long,2026-01-21 09:30,L-TP2,25413.75,2,100944,711,0.70,0,711,0.70,-30,-0.03,102294,102.29,9
1043,Entry long,2026-01-21 08:45,ORB Long B (2c),25236,2,100944,711,0.70,0,711,0.70,-30,-0.03,102294,102.29,9
1044,Exit long,2026-01-26 14:00,L-TP2,25872.75,2,103352,139,0.13,0,379,0.37,-140,-0.14,102433,102.43,61
1044,Entry long,2026-01-26 08:55,ORB Long B (2c),25838,2,103352,139,0.13,0,379,0.37,-140,-0.14,102433,102.43,61
1045,Exit long,2026-01-27 15:25,EOD Close,26095.25,2,104150,231,0.22,0,308,0.30,-62,-0.06,102664,102.66,79
1045,Entry long,2026-01-27 08:50,ORB Long A+ (2c),26037.5,2,104150,231,0.22,0,308,0.30,-62,-0.06,102664,102.66,79
1046,Exit short,2026-02-04 10:10,S-TP2,25112.25,2,100798,349,0.35,0,589,0.58,-425,-0.42,103013,103.01,15
1046,Entry short,2026-02-04 08:55,ORB Short A (2c),25199.5,2,100798,349,0.35,0,589,0.58,-425,-0.42,103013,103.01,15
1047,Exit long,2026-02-06 09:00,L-TP2,24807.5,2,99726,-496,-0.50,0,210,0.21,-496,-0.50,102517,102.52,3
1047,Entry long,2026-02-06 08:45,ORB Long B (2c),24931.5,2,99726,-496,-0.50,0,210,0.21,-496,-0.50,102517,102.52,3
1048,Exit short,2026-02-11 09:20,S-TP2,25102.25,2,101220,811,0.80,0,811,0.80,-151,-0.15,103328,103.33,5
1048,Entry short,2026-02-11 08:55,ORB Short B+ (2c),25305,2,101220,811,0.80,0,811,0.80,-151,-0.15,103328,103.33,5
1049,Exit short,2026-02-16 11:45,EOD Close (Early/Half-Day),24759,2,98839,-197,-0.20,0,157,0.16,-222,-0.22,103131,103.13,28
1049,Entry short,2026-02-16 09:25,ORB Short C (2c),24709.75,2,98839,-197,-0.20,0,157,0.16,-222,-0.22,103131,103.13,28
1050,Exit short,2026-02-23 10:20,S-TP2,24727.75,2,99466,555,0.56,0,795,0.80,-253,-0.25,103686,103.69,16
1050,Entry short,2026-02-23 09:00,ORB Short A+ (2c),24866.5,2,99466,555,0.56,0,795,0.80,-253,-0.25,103686,103.69,16
1051,Exit short,2026-03-03 09:30,S-TP2,24410.75,2,98007,364,0.37,0,604,0.62,-261,-0.27,104050,104.05,9
1051,Entry short,2026-03-03 08:45,ORB Short A+ (2c),24501.75,2,98007,364,0.37,0,604,0.62,-261,-0.27,104050,104.05,9
1052,Exit long,2026-03-05 09:20,L-TP2,25028.25,2,100571,-458,-0.46,0,262,0.26,-458,-0.46,103592,103.59,6
1052,Entry long,2026-03-05 08:50,ORB Long B (2c),25142.75,2,100571,-458,-0.46,0,262,0.26,-458,-0.46,103592,103.59,6
1053,Exit long,2026-03-11 09:20,L-TP2,25035,1,50245,-175,-0.35,0,53.5,0.11,-175,-0.35,103417,103.42,4
1053,Entry long,2026-03-11 09:00,ORB Long C+ (1c),25122.5,1,50245,-175,-0.35,0,53.5,0.11,-175,-0.35,103417,103.42,4
1054,Exit short,2026-03-12 09:35,S-TP2,24572.75,2,98946,655,0.66,0,655,0.66,-122,-0.12,104072,104.07,10
1054,Entry short,2026-03-12 08:45,ORB Short A (2c),24736.5,2,98946,655,0.66,0,655,0.66,-122,-0.12,104072,104.07,10
1055,Exit short,2026-03-13 10:05,S-TP2,24521.5,2,98381,295,0.30,0,535,0.54,-10,-0.01,104367,104.37,5
1055,Entry short,2026-03-13 09:40,ORB Short B (2c),24595.25,2,98381,295,0.30,0,535,0.54,-10,-0.01,104367,104.37,5
1056,Exit short,2026-03-20 12:35,S-TP2,24172,2,97454,766,0.79,0,766,0.79,-31,-0.03,105133,105.13,45
1056,Entry short,2026-03-20 08:50,ORB Short A+ (2c),24363.5,2,97454,766,0.79,0,766,0.79,-31,-0.03,105133,105.13,45
1057,Exit short,2026-03-25 10:20,S-TP2,24347.25,2,97673,284,0.29,0,524,0.54,-404,-0.41,105417,105.42,19
1057,Entry short,2026-03-25 08:45,ORB Short A (2c),24418.25,2,97673,284,0.29,0,524,0.54,-404,-0.41,105417,105.42,19
1058,Exit short,2026-03-25 15:25,EOD Close,24352.25,2,97519,110,0.11,0,271,0.28,-456,-0.47,105527,105.53,58
1058,Entry short,2026-03-25 10:35,ORB Short B+ (2c),24379.75,2,97519,110,0.11,0,271,0.28,-456,-0.47,105527,105.53,58
1059,Exit short,2026-03-26 12:50,S-TP2,23897.25,2,96253,664,0.69,0,664,0.69,-256,-0.27,106191,106.19,28
1059,Entry short,2026-03-26 10:30,ORB Short B+ (2c),24063.25,2,96253,664,0.69,0,664,0.69,-256,-0.27,106191,106.19,28
1060,Exit short,2026-03-27 13:40,S-TP2,23387,2,94101,553,0.59,0,793,0.84,-343,-0.36,106744,106.74,58
1060,Entry short,2026-03-27 08:50,ORB Short A+ (2c),23525.25,2,94101,553,0.59,0,793,0.84,-343,-0.36,106744,106.74,58
1061,Exit short,2026-03-30 12:40,S-TP2,23229,2,93308,392,0.42,0,632,0.68,-81,-0.09,107136,107.14,20
1061,Entry short,2026-03-30 11:00,ORB Short B+ (2c),23327,2,93308,392,0.42,0,632,0.68,-81,-0.09,107136,107.14,20
1062,Exit long,2026-04-06 12:10,L-TP2,24247.5,2,97523,-533,-0.55,0,289,0.30,-533,-0.55,106603,106.60,40
1062,Entry long,2026-04-06 08:50,ORB Long A (2c),24380.75,2,97523,-533,-0.55,0,289,0.30,-533,-0.55,106603,106.60,40
1063,Exit long,2026-04-09 11:15,L-TP2,25204.5,2,100489,329,0.33,0,569,0.57,-131,-0.13,106932,106.93,9
1063,Entry long,2026-04-09 10:30,ORB Long A (2c),25122.25,2,100489,329,0.33,0,569,0.57,-131,-0.13,106932,106.93,9
1064,Exit long,2026-04-10 10:40,L-TP2,25290,2,101554,-394,-0.39,0,2,0.00,-394,-0.39,106538,106.54,4
1064,Entry long,2026-04-10 10:20,ORB Long B (2c),25388.5,2,101554,-394,-0.39,0,2,0.00,-394,-0.39,106538,106.54,4
1065,Exit long,2026-04-13 11:25,L-TP2,25379.25,2,101084,433,0.43,0,433,0.43,-168,-0.17,106971,106.97,32
1065,Entry long,2026-04-13 08:45,ORB Long B+ (2c),25271,2,101084,433,0.43,0,433,0.43,-168,-0.17,106971,106.97,32
1066,Exit long,2026-04-14 12:15,L-TP2,25941,2,103034,730,0.71,0,730,0.71,-65,-0.06,107701,107.70,38
1066,Entry long,2026-04-14 09:05,ORB Long A+ (2c),25758.5,2,103034,730,0.71,0,730,0.71,-65,-0.06,107701,107.70,38
1067,Exit long,2026-04-15 11:15,L-TP2,26233.75,2,104276,659,0.63,0,659,0.63,-87,-0.08,108360,108.36,28
1067,Entry long,2026-04-15 08:55,ORB Long A (2c),26069,2,104276,659,0.63,0,659,0.63,-87,-0.08,108360,108.36,28
1068,Exit long,2026-04-16 15:25,EOD Close,26458,2,105858,-26,-0.02,0,393,0.37,-438,-0.41,108334,108.33,64
1068,Entry long,2026-04-16 10:05,ORB Long B+ (2c),26464.5,2,105858,-26,-0.02,0,393,0.37,-438,-0.41,108334,108.33,64
1069,Exit long,2026-04-17 10:40,L-TP2,26817.25,2,106926,343,0.32,0,583,0.55,-130,-0.12,108677,108.68,21
1069,Entry long,2026-04-17 08:55,ORB Long A (2c),26731.5,2,106926,343,0.32,0,583,0.55,-130,-0.12,108677,108.68,21
1070,Exit long,2026-04-21 09:55,L-TP2,26736.75,2,107356,-409,-0.38,0,184,0.17,-409,-0.38,108268,108.27,12
1070,Entry long,2026-04-21 08:55,ORB Long A (2c),26839,2,107356,-409,-0.38,0,184,0.17,-409,-0.38,108268,108.27,12
1071,Exit short,2026-04-21 14:45,S-TP2,26611.75,1,53383.5,160,0.30,0,280,0.52,-193,-0.36,108428,108.43,57
1071,Entry short,2026-04-21 10:00,ORB Short C (1c),26691.75,1,53383.5,160,0.30,0,280,0.52,-193,-0.36,108428,108.43,57
1072,Exit long,2026-04-22 12:10,L-TP2,27035.25,2,107690,451,0.42,0,451,0.42,-3,0.00,108879,108.88,36
1072,Entry long,2026-04-22 09:10,ORB Long B (2c),26922.5,2,107690,451,0.42,0,451,0.42,-3,0.00,108879,108.88,36
1073,Exit long,2026-04-23 09:00,L-TP2,26981.25,2,108320,-395,-0.36,0,8,0.01,-395,-0.36,108484,108.48,3
1073,Entry long,2026-04-23 08:45,ORB Long A+ (2c),27080,2,108320,-395,-0.36,0,8,0.01,-395,-0.36,108484,108.48,3
1074,Exit long,2026-04-23 12:05,L-TP2,26975.75,2,108298,-395,-0.36,0,326,0.30,-395,-0.36,108089,108.09,27
1074,Entry long,2026-04-23 09:50,ORB Long A (2c),27074.5,2,108298,-395,-0.36,0,326,0.30,-395,-0.36,108089,108.09,27
1075,Exit short,2026-04-23 12:25,S-TP2,26920,2,107818,138,0.13,0,378,0.35,-52,-0.05,108227,108.23,4
1075,Entry short,2026-04-23 12:05,ORB Short B (2c),26954.5,2,107818,138,0.13,0,378,0.35,-52,-0.05,108227,108.23,4
1076,Exit short,2026-04-24 09:10,S-TP2,27260.25,1,54346,-174.5,-0.32,0,86,0.16,-174.5,-0.32,108052.5,108.05,4
1076,Entry short,2026-04-24 08:50,ORB Short C (1c),27173,1,54346,-174.5,-0.32,0,86,0.16,-174.5,-0.32,108052.5,108.05,4
1077,Exit long,2026-04-24 12:20,L-TP2,27372,2,109045,443,0.41,0,683,0.63,-58,-0.05,108495.5,108.50,31
1077,Entry long,2026-04-24 09:45,ORB Long B+ (2c),27261.25,2,109045,443,0.41,0,683,0.63,-58,-0.05,108495.5,108.50,31
1078,Exit long,2026-04-27 15:25,EOD Close,27424.75,2,109751,-52,-0.05,0,58,0.05,-192,-0.17,108443.5,108.44,35
1078,Entry long,2026-04-27 12:30,ORB Long A (2c),27437.75,2,109751,-52,-0.05,0,58,0.05,-192,-0.17,108443.5,108.44,35
1079,Exit long,2026-04-30 15:00,L-TP2,27564.5,2,109993,265,0.24,0,505,0.46,-33,-0.03,108708.5,108.71,29
1079,Entry long,2026-04-30 12:35,ORB Long B (2c),27498.25,2,109993,265,0.24,0,505,0.46,-33,-0.03,108708.5,108.71,29
1080,Exit long,2026-05-04 10:15,L-TP2,27808.25,2,111586,-353,-0.32,0,178,0.16,-353,-0.32,108355.5,108.36,16
1080,Entry long,2026-05-04 08:55,ORB Long B (2c),27896.5,2,111586,-353,-0.32,0,178,0.16,-353,-0.32,108355.5,108.36,16
1081,Exit long,2026-05-05 15:25,EOD Close,28235.75,2,112431,512,0.46,0,557,0.50,-145,-0.13,108867.5,108.87,73
1081,Entry long,2026-05-05 09:20,ORB Long B+ (2c),28107.75,2,112431,512,0.46,0,557,0.50,-145,-0.13,108867.5,108.87,73
1082,Exit long,2026-05-06 09:05,L-TP2,28402,2,113981,-373,-0.33,0,43,0.04,-373,-0.33,108494.5,108.49,3
1082,Entry long,2026-05-06 08:50,ORB Long A+ (2c),28495.25,2,113981,-373,-0.33,0,43,0.04,-373,-0.33,108494.5,108.49,3
1083,Exit long,2026-05-06 11:45,L-TP2,28541,2,113941,223,0.20,0,463,0.41,-40,-0.04,108717.5,108.72,27
1083,Entry long,2026-05-06 09:30,ORB Long A (2c),28485.25,2,113941,223,0.20,0,463,0.41,-40,-0.04,108717.5,108.72,27
1084,Exit long,2026-05-07 09:55,L-TP2,28933.75,2,115148,587,0.51,0,587,0.51,-67,-0.06,109304.5,109.30,13
1084,Entry long,2026-05-07 08:50,ORB Long B (2c),28787,2,115148,587,0.51,0,587,0.51,-67,-0.06,109304.5,109.30,13
1085,Exit long,2026-05-11 15:10,L-TP2,29332.75,2,117761,-430,-0.37,0,161,0.14,-430,-0.37,108874.5,108.87,53
1085,Entry long,2026-05-11 10:45,ORB Long B+ (2c),29440.25,2,117761,-430,-0.37,0,161,0.14,-430,-0.37,108874.5,108.87,53
1086,Exit short,2026-05-13 09:20,S-TP2,29245.25,2,116543,-438,-0.38,0,161,0.14,-438,-0.38,108436.5,108.44,7
1086,Entry short,2026-05-13 08:45,ORB Short B (2c),29135.75,2,116543,-438,-0.38,0,161,0.14,-438,-0.38,108436.5,108.44,7
1087,Exit long,2026-05-13 12:05,L-TP2,29491,2,117241,723,0.62,0,723,0.62,-115,-0.10,109159.5,109.16,27
1087,Entry long,2026-05-13 09:50,ORB Long A (2c),29310.25,2,117241,723,0.62,0,723,0.62,-115,-0.10,109159.5,109.16,27
1088,Exit long,2026-05-14 08:55,L-TP2,29555.75,2,118664,-441,-0.37,0,75,0.06,-441,-0.37,108718.5,108.72,2
1088,Entry long,2026-05-14 08:45,ORB Long A (2c),29666,2,118664,-441,-0.37,0,75,0.06,-441,-0.37,108718.5,108.72,2
1089,Exit long,2026-05-14 11:25,L-TP2,29723.75,2,118542,353,0.30,0,593,0.50,-161,-0.14,109071.5,109.07,26
1089,Entry long,2026-05-14 09:15,ORB Long B (2c),29635.5,2,118542,353,0.30,0,593,0.50,-161,-0.14,109071.5,109.07,26
1090,Exit long,2026-05-14 13:00,L-TP2,29692.5,3,177889.5,265.5,0.15,0,625.5,0.35,-69,-0.04,109337,109.34,7
1090,Entry long,2026-05-14 12:25,ORB Long A (3c),29648.25,3,177889.5,265.5,0.15,0,625.5,0.35,-69,-0.04,109337,109.34,7
1091,Exit long,2026-05-19 13:55,L-TP2,28954,2,116277,-461,-0.40,0,228,0.20,-461,-0.40,108876,108.88,22
1091,Entry long,2026-05-19 12:05,ORB Long B (2c),29069.25,2,116277,-461,-0.40,0,228,0.20,-461,-0.40,108876,108.88,22
1092,Exit long,2026-05-20 10:15,L-TP2,29322.5,2,116670,620,0.53,0,912,0.78,-203,-0.17,109496,109.50,12
1092,Entry long,2026-05-20 09:15,ORB Long A (2c),29167.5,2,116670,620,0.53,0,912,0.78,-203,-0.17,109496,109.50,12
1093,Exit long,2026-05-21 09:20,L-TP2,29174,2,117179,-483,-0.41,0,176,0.15,-483,-0.41,109013,109.01,6
1093,Entry long,2026-05-21 08:50,ORB Long B+ (2c),29294.75,2,117179,-483,-0.41,0,176,0.15,-483,-0.41,109013,109.01,6
1094,Exit long,2026-05-21 12:20,L-TP2,29444.75,2,117180,599,0.51,0,599,0.51,-352,-0.30,109612,109.61,19
1094,Entry long,2026-05-21 10:45,ORB Long B (2c),29295,2,117180,599,0.51,0,599,0.51,-352,-0.30,109612,109.61,19
1095,Exit long,2026-05-22 13:35,L-TP2,29629.75,2,118946,-427,-0.36,0,45,0.04,-427,-0.36,109185,109.19,14
1095,Entry long,2026-05-22 12:25,ORB Long A (2c),29736.5,2,118946,-427,-0.36,0,45,0.04,-427,-0.36,109185,109.19,14
1096,Exit long,2026-05-26 09:55,L-TP2,30059,2,119894,342,0.29,0,582,0.49,-240,-0.20,109527,109.53,14
1096,Entry long,2026-05-26 08:45,ORB Long A+ (2c),29973.5,2,119894,342,0.29,0,582,0.49,-240,-0.20,109527,109.53,14
1097,Exit long,2026-05-26 15:25,EOD Close,30061.25,3,179773.5,594,0.33,0,898.5,0.50,-217.5,-0.12,110121,110.12,53
1097,Entry long,2026-05-26 11:00,ORB Long A (3c),29962.25,3,179773.5,594,0.33,0,898.5,0.50,-217.5,-0.12,110121,110.12,53
1098,Exit short,2026-05-28 09:10,S-TP2,30051,1,59863.5,-238.5,-0.40,0,23,0.04,-238.5,-0.40,109882.5,109.88,5
1098,Entry short,2026-05-28 08:45,ORB Short C (1c),29931.75,1,59863.5,-238.5,-0.40,0,23,0.04,-238.5,-0.40,109882.5,109.88,5
1099,Exit long,2026-05-28 13:45,L-TP2,30282,2,120645,483,0.40,0,723,0.60,-392,-0.32,110365.5,110.37,55
1099,Entry long,2026-05-28 09:10,ORB Long A (2c),30161.25,2,120645,483,0.40,0,723,0.60,-392,-0.32,110365.5,110.37,55
1100,Exit long,2026-05-29 09:25,L-TP2,30365.5,2,121946,-484,-0.40,0,197,0.16,-484,-0.40,109881.5,109.88,8
1100,Entry long,2026-05-29 08:45,ORB Long A (2c),30486.5,2,121946,-484,-0.40,0,197,0.16,-484,-0.40,109881.5,109.88,8
1101,Exit long,2026-06-01 13:10,L-TP2,30632,2,121851,677,0.56,0,917,0.75,-51,-0.04,110558.5,110.56,35
1101,Entry long,2026-06-01 10:15,ORB Long A (2c),30462.75,2,121851,677,0.56,0,917,0.75,-51,-0.04,110558.5,110.56,35
1102,Exit long,2026-06-02 15:25,EOD Close,30737.75,2,122416,535,0.44,0,638,0.52,-309,-0.25,111093.5,111.09,78
1102,Entry long,2026-06-02 08:55,ORB Long A+ (2c),30604,2,122416,535,0.44,0,638,0.52,-309,-0.25,111093.5,111.09,78
1103,Exit long,2026-06-04 10:45,L-TP2,30409,2,121479,157,0.13,0,397,0.33,-4,0.00,111250.5,111.25,9
1103,Entry long,2026-06-04 10:00,ORB Long A (2c),30369.75,2,121479,157,0.13,0,397,0.33,-4,0.00,111250.5,111.25,9
1104,Exit short,2026-06-10 14:00,S-TP2,28635.25,1,57497.5,227,0.39,0,358.5,0.62,-296,-0.51,111477.5,111.48,46
1104,Entry short,2026-06-10 10:10,ORB Short B+ (1c),28748.75,1,57497.5,227,0.39,0,358.5,0.62,-296,-0.51,111477.5,111.48,46
1105,Exit short,2026-06-11 10:10,S-TP2,28783.5,1,57298.5,-268.5,-0.47,0,143.5,0.25,-268.5,-0.47,111209,111.21,3
1105,Entry short,2026-06-11 09:55,ORB Short B (1c),28649.25,1,57298.5,-268.5,-0.47,0,143.5,0.25,-268.5,-0.47,111209,111.21,3
1106,Exit long,2026-06-12 10:30,L-TP2,29699.25,1,59024.5,374,0.63,0,494,0.84,-319.5,-0.54,111583,111.58,13
1106,Entry long,2026-06-12 09:25,ORB Long C (1c),29512.25,1,59024.5,374,0.63,0,494,0.84,-319.5,-0.54,111583,111.58,13
1107,Exit long,2026-06-12 12:10,L-TP2,29693.5,1,59044,343,0.58,0,463,0.78,-86.5,-0.15,111926,111.93,13
1107,Entry long,2026-06-12 11:05,ORB Long C (1c),29522,1,59044,343,0.58,0,463,0.78,-86.5,-0.15,111926,111.93,13
1108,Exit long,2026-06-15 15:25,EOD Close,30849,1,61561,137,0.22,0,276,0.45,-220.5,-0.36,112063,112.06,80
1108,Entry long,2026-06-15 08:45,ORB Long B+ (1c),30780.5,1,61561,137,0.22,0,276,0.45,-220.5,-0.36,112063,112.06,80
1109,Exit long,2026-06-16 09:15,L-TP2,30750.75,2,123446,-443,-0.36,0,110,0.09,-443,-0.36,111620,111.62,6
1109,Entry long,2026-06-16 08:45,ORB Long B+ (2c),30861.5,2,123446,-443,-0.36,0,110,0.09,-443,-0.36,111620,111.62,6
1110,Exit long,2026-06-17 09:40,L-TP2,30398,1,61081.5,-285.5,-0.47,0,5,0.01,-285.5,-0.47,111334.5,111.33,4
1110,Entry long,2026-06-17 09:20,ORB Long B (1c),30540.75,1,61081.5,-285.5,-0.47,0,5,0.01,-285.5,-0.47,111334.5,111.33,4
1111,Exit long,2026-06-18 15:25,EOD Close,30730.25,1,61247.5,213,0.35,0,319,0.52,-321,-0.52,111547.5,111.55,73
1111,Entry long,2026-06-18 09:20,ORB Long B (1c),30623.75,1,61247.5,213,0.35,0,319,0.52,-321,-0.52,111547.5,111.55,73
1112,Exit long,2026-06-22 09:25,L-TP2,30762.5,1,61875,-350,-0.57,0,60.5,0.10,-350,-0.57,111197.5,111.20,6
1112,Entry long,2026-06-22 08:55,ORB Long B (1c),30937.5,1,61875,-350,-0.57,0,60.5,0.10,-350,-0.57,111197.5,111.20,6
1113,Exit short,2026-06-29 09:15,S-TP2,29387.75,1,59085.5,310,0.52,0,537.5,0.91,-23.5,-0.04,111507.5,111.51,3
1113,Entry short,2026-06-29 09:00,ORB Short A+ (1c),29542.75,1,59085.5,310,0.52,0,537.5,0.91,-23.5,-0.04,111507.5,111.51,3
1114,Exit long,2026-06-30 13:05,L-TP2,30503,1,60587,419,0.69,0,539,0.89,-38.5,-0.06,111926.5,111.93,51
1114,Entry long,2026-06-30 08:50,ORB Long A (1c),30293.5,1,60587,419,0.69,0,539,0.89,-38.5,-0.06,111926.5,111.93,51
1115,Exit long,2026-07-02 09:25,L-TP2,30059,1,60468,-350,-0.58,0,118,0.20,-350,-0.58,111576.5,111.58,7
1115,Entry long,2026-07-02 08:50,ORB Long A (1c),30234,1,60468,-350,-0.58,0,118,0.20,-350,-0.58,111576.5,111.58,7
1116,Exit short,2026-07-07 09:30,S-TP2,29319.5,1,58910.5,271.5,0.46,0,391.5,0.66,-100,-0.17,111848,111.85,8
1116,Entry short,2026-07-07 08:50,ORB Short A (1c),29455.25,1,58910.5,271.5,0.46,0,391.5,0.66,-100,-0.17,111848,111.85,8
1117,Exit short,2026-07-08 11:40,S-TP2,29348.75,1,58347.5,-350,-0.60,0,279.5,0.48,-350,-0.60,111498,111.50,23
1117,Entry short,2026-07-08 09:45,ORB Short B+ (1c),29173.75,1,58347.5,-350,-0.60,0,279.5,0.48,-350,-0.60,111498,111.50,23
1118,Exit long,2026-07-10 09:30,L-TP2,29796.5,1,59883,-290,-0.48,0,54,0.09,-290,-0.48,111208,111.21,9
1118,Entry long,2026-07-10 08:45,ORB Long B (1c),29941.5,1,59883,-290,-0.48,0,54,0.09,-290,-0.48,111208,111.21,9
1119,Exit long,2026-07-10 15:25,EOD Close,30055,1,59898,212,0.35,0,255.5,0.43,-230.5,-0.38,111420,111.42,61
1119,Entry long,2026-07-10 10:20,ORB Long B (1c),29949,1,59898,212,0.35,0,255.5,0.43,-230.5,-0.38,111420,111.42,61
1120,Exit short,2026-07-13 09:30,S-TP2,29710.25,1,59081,-339.5,-0.57,0,94.5,0.16,-339.5,-0.57,111080.5,111.08,8
1120,Entry short,2026-07-13 08:50,ORB Short A+ (1c),29540.5,1,59081,-339.5,-0.57,0,94.5,0.16,-339.5,-0.57,111080.5,111.08,8
1121,Exit short,2026-07-13 15:25,EOD Close,29437,1,59024,150,0.25,0,251,0.43,-138,-0.23,111230.5,111.23,47
1121,Entry short,2026-07-13 11:30,ORB Short A (1c),29512,1,59024,150,0.25,0,251,0.43,-138,-0.23,111230.5,111.23,47
1122,Exit short,2026-07-16 09:05,S-TP2,29431,1,58545.5,-316.5,-0.54,0,30,0.05,-316.5,-0.54,110914,110.91,4
1122,Entry short,2026-07-16 08:45,ORB Short A (1c),29272.75,1,58545.5,-316.5,-0.54,0,30,0.05,-316.5,-0.54,110914,110.91,4
1123,Exit short,2026-07-16 14:50,S-TP2,29139,1,58586.5,308.5,0.53,0,428.5,0.73,-118.5,-0.20,111222.5,111.22,44
1123,Entry short,2026-07-16 11:10,ORB Short B+ (1c),29293.25,1,58586.5,308.5,0.53,0,428.5,0.73,-118.5,-0.20,111222.5,111.22,44
1124,Exit short,2026-07-23 10:20,S-TP2,28542.75,1,57289.5,204,0.36,0,324,0.57,-52.5,-0.09,111426.5,111.43,8
1124,Entry short,2026-07-23 09:40,ORB Short B (1c),28644.75,1,57289.5,204,0.36,0,324,0.57,-52.5,-0.09,111426.5,111.43,8
1125,Exit short,2026-07-23 14:20,S-TP2,28561,2,114548,304,0.27,0,544,0.47,-162,-0.14,111730.5,111.73,31
1125,Entry short,2026-07-23 11:45,ORB Short B+ (2c),28637,2,114548,304,0.27,0,544,0.47,-162,-0.14,111730.5,111.73,31
1126,Exit short,2026-07-24 13:45,S-TP2,28319,1,56871.5,233.5,0.41,0,353.5,0.62,-217,-0.38,111964,111.96,20
1126,Entry short,2026-07-24 12:05,ORB Short A (1c),28435.75,1,56871.5,233.5,0.41,0,353.5,0.62,-217,-0.38,111964,111.96,20
1127,Exit short,2026-07-28 09:45,S-TP2,27842.25,1,55393.5,-291,-0.53,0,187,0.34,-291,-0.53,111673,111.67,11
1127,Entry short,2026-07-28 08:50,ORB Short A (1c),27696.75,1,55393.5,-291,-0.53,0,187,0.34,-291,-0.53,111673,111.67,11
1128,Exit long,2026-08-04 12:55,L-TP2,29838.25,1,58919,757.5,1.29,0,877.5,1.49,-69,-0.12,112430.5,112.43,50
1128,Entry long,2026-08-04 08:45,ORB Long A (1c),29459.5,1,58919,757.5,1.29,0,877.5,1.49,-69,-0.12,112430.5,112.43,50
1129,Exit long,2026-08-07 11:30,L-TP2,29683,1,59653.5,-287.5,-0.48,0,56.5,0.09,-287.5,-0.48,112143,112.14,13
1129,Entry long,2026-08-07 10:25,ORB Long B (1c),29826.75,1,59653.5,-287.5,-0.48,0,56.5,0.09,-287.5,-0.48,112143,112.14,13
1130,Exit long,2026-08-10 15:25,EOD Close,29751.25,1,59749,-246.5,-0.41,0,51,0.09,-303.5,-0.51,111896.5,111.90,76
1130,Entry long,2026-08-10 09:05,ORB Long B (1c),29874.5,1,59749,-246.5,-0.41,0,51,0.09,-303.5,-0.51,111896.5,111.90,76
1131,Exit short,2026-08-11 15:25,EOD Close,29674.5,1,59321.5,-27.5,-0.05,0,254.5,0.43,-288.5,-0.49,111869,111.87,80
1131,Entry short,2026-08-11 08:45,ORB Short B (1c),29660.75,1,59321.5,-27.5,-0.05,0,254.5,0.43,-288.5,-0.49,111869,111.87,80
1132,Exit short,2026-08-12 15:25,EOD Close,29819.5,1,59698.5,59.5,0.10,0,70.5,0.12,-159,-0.27,111928.5,111.93,61
1132,Entry short,2026-08-12 10:20,ORB Short C (1c),29849.25,1,59698.5,59.5,0.10,0,70.5,0.12,-159,-0.27,111928.5,111.93,61
1133,Exit long,2026-08-17 12:05,L-TP2,30165.25,2,121078,-417,-0.34,0,69,0.06,-417,-0.34,111511.5,111.51,25
1133,Entry long,2026-08-17 10:00,ORB Long B (2c),30269.5,2,121078,-417,-0.34,0,69,0.06,-417,-0.34,111511.5,111.51,25
1134,Exit short,2026-08-24 09:30,S-TP2,29080.5,2,115903,-419,-0.36,0,89,0.08,-419,-0.36,111092.5,111.09,6
1134,Entry short,2026-08-24 09:00,ORB Short A (2c),28975.75,2,115903,-419,-0.36,0,89,0.08,-419,-0.36,111092.5,111.09,6
1135,Exit long,2026-08-27 15:10,L-TP2,29647.5,2,118371,219,0.19,0,459,0.39,-328,-0.28,111311.5,111.31,70
1135,Entry long,2026-08-27 09:20,ORB Long B (2c),29592.75,2,118371,219,0.19,0,459,0.39,-328,-0.28,111311.5,111.31,70
1136,Exit long,2026-08-28 10:45,L-TP2,29643.25,2,118937,-364,-0.31,0,310,0.26,-364,-0.31,110947.5,110.95,13
1136,Entry long,2026-08-28 09:40,ORB Long B (2c),29734.25,2,118937,-364,-0.31,0,310,0.26,-364,-0.31,110947.5,110.95,13
1137,Exit short,2026-09-02 09:10,S-TP2,29119,2,116118,-358,-0.31,0,49,0.04,-358,-0.31,110589.5,110.59,4
1137,Entry short,2026-09-02 08:50,ORB Short B+ (2c),29029.5,2,116118,-358,-0.31,0,49,0.04,-358,-0.31,110589.5,110.59,4
1138,Exit long,2026-09-04 09:25,L-TP2,29564.5,1,59319.5,-190.5,-0.32,0,64.5,0.11,-190.5,-0.32,110399,110.40,7
1138,Entry long,2026-09-04 08:50,ORB Long C+ (1c),29659.75,1,59319.5,-190.5,-0.32,0,64.5,0.11,-190.5,-0.32,110399,110.40,7
1139,Exit long,2026-09-17 15:25,EOD Close,29715.25,1,59481.5,-51,-0.09,0,105,0.18,-74,-0.12,110348,110.35,56
1139,Entry long,2026-09-17 10:45,ORB Long C (1c),29740.75,1,59481.5,-51,-0.09,0,105,0.18,-74,-0.12,110348,110.35,56
1140,Exit long,2026-09-21 09:30,L-TP2,30533.75,2,121435,700,0.58,0,700,0.58,-28,-0.02,111048,111.05,9
1140,Entry long,2026-09-21 08:45,ORB Long A (2c),30358.75,2,121435,700,0.58,0,700,0.58,-28,-0.02,111048,111.05,9
1141,Exit long,2026-09-22 15:20,L-TP2,31006,2,123766,258,0.21,0,498,0.40,-232,-0.19,111306,111.31,78
1141,Entry long,2026-09-22 08:50,ORB Long A (2c),30941.5,2,123766,258,0.21,0,498,0.40,-232,-0.19,111306,111.31,78
1142,Exit short,2026-09-23 09:15,S-TP2,30695.5,2,123518,736,0.60,0,736,0.60,-36,-0.03,112042,112.04,6
1142,Entry short,2026-09-23 08:45,ORB Short B (2c),30879.5,2,123518,736,0.60,0,736,0.60,-36,-0.03,112042,112.04,6
1143,Exit long,2026-09-24 10:05,L-TP2,30524.5,2,122522,-424,-0.35,0,55,0.04,-424,-0.35,111618,111.62,8
1143,Entry long,2026-09-24 09:25,ORB Long A (2c),30630.5,2,122522,-424,-0.35,0,55,0.04,-424,-0.35,111618,111.62,8
1144,Exit long,2026-09-25 09:00,L-TP2,30805.5,2,123643,-421,-0.34,0,62,0.05,-421,-0.34,111197,111.20,2
1144,Entry long,2026-09-25 08:50,ORB Long A+ (2c),30910.75,2,123643,-421,-0.34,0,62,0.05,-421,-0.34,111197,111.20,2
1145,Exit short,2026-09-25 10:00,S-TP2,30846.5,2,122965,-421,-0.34,0,229,0.19,-421,-0.34,110776,110.78,10
1145,Entry short,2026-09-25 09:10,ORB Short B (2c),30741.25,2,122965,-421,-0.34,0,229,0.19,-421,-0.34,110776,110.78,10
1146,Exit short,2026-09-25 10:55,S-TP2,30857.25,1,61504,-210.5,-0.34,0,42,0.07,-210.5,-0.34,110565.5,110.57,3
1146,Entry short,2026-09-25 10:40,ORB Short C (1c),30752,1,61504,-210.5,-0.34,0,42,0.07,-210.5,-0.34,110565.5,110.57,3
1147,Exit long,2026-09-30 14:50,L-TP2,30730.25,2,123364,-443,-0.36,0,260,0.21,-443,-0.36,110122.5,110.12,71
1147,Entry long,2026-09-30 08:55,ORB Long A+ (2c),30841,2,123364,-443,-0.36,0,260,0.21,-443,-0.36,110122.5,110.12,71
1148,Exit long,2026-10-02 10:10,L-TP2,31072.5,2,124739,-449,-0.36,0,392,0.31,-449,-0.36,109673.5,109.67,15
1148,Entry long,2026-10-02 08:55,ORB Long A (2c),31184.75,2,124739,-449,-0.36,0,392,0.31,-449,-0.36,109673.5,109.67,15
1149,Exit long,2026-10-05 14:50,L-TP2,31311,2,124924,320,0.26,0,560,0.45,-157,-0.13,109993.5,109.99,66
1149,Entry long,2026-10-05 09:20,ORB Long B (2c),31231,2,124924,320,0.26,0,560,0.45,-157,-0.13,109993.5,109.99,66
1150,Exit long,2026-10-06 15:25,EOD Close,31493,2,126311,-339,-0.27,0,155,0.12,-441,-0.35,109654.5,109.65,76
1150,Entry long,2026-10-06 09:05,ORB Long A (2c),31577.75,2,126311,-339,-0.27,0,155,0.12,-441,-0.35,109654.5,109.65,76
1151,Exit long,2026-10-08 09:40,L-TP2,31310,1,62561.5,58.5,0.09,0,178.5,0.29,-2.5,0.00,109713,109.71,5
1151,Entry long,2026-10-08 09:15,ORB Long C+ (1c),31280.75,1,62561.5,58.5,0.09,0,178.5,0.29,-2.5,0.00,109713,109.71,5