Trade number,Type,Date and time,Signal,Price USD,Size (qty),Size (value),Net PnL USD,Return %,Commission USD,Favorable excursion USD,Favorable excursion %,Adverse excursion USD,Adverse excursion %,Cumulative PnL USD,Cumulative PnL %,Duration (bars)
1,Exit long,2019-06-18 15:30,EOD Close,7678.5,2,30811,-97,-0.31,0,76,0.25,-179,-0.58,-97,-0.01,78
1,Entry long,2019-06-18 08:45,ORB Long B (2c),7702.75,2,30811,-97,-0.31,0,76,0.25,-179,-0.58,-97,-0.01,78
2,Exit short,2019-06-26 15:30,EOD Close,7647.5,1,15328.5,33.5,0.22,0,42,0.27,-8.5,-0.06,-63.5,-0.01,34
2,Entry short,2019-06-26 12:25,ORB Short C (1c),7664.25,1,15328.5,33.5,0.22,0,42,0.27,-8.5,-0.06,-63.5,-0.01,34
3,Exit long,2019-08-01 12:25,L-TP2,7954.5,2,31713,105,0.33,0,345,1.09,-6,-0.02,41.5,0.00,42
3,Entry long,2019-08-01 08:55,ORB Long B (2c),7928.25,2,31713,105,0.33,0,345,1.09,-6,-0.02,41.5,0.00,42
4,Exit short,2019-08-05 14:20,S-TP2,7421,3,44946,420,0.93,0,780,1.74,-168,-0.37,461.5,0.05,67
4,Entry short,2019-08-05 08:45,ORB Short A (3c),7491,3,44946,420,0.93,0,780,1.74,-168,-0.37,461.5,0.05,67
5,Exit short,2019-08-07 09:10,S-TP2,7463.25,2,29624,-229,-0.77,0,47,0.16,-229,-0.77,232.5,0.02,5
5,Entry short,2019-08-07 08:45,ORB Short A+ (2c),7406,2,29624,-229,-0.77,0,47,0.16,-229,-0.77,232.5,0.02,5
6,Exit short,2019-08-12 11:30,S-TP2,7628.75,3,45484.5,-288,-0.63,0,7.5,0.02,-288,-0.63,-55.5,-0.01,16
6,Entry short,2019-08-12 10:10,ORB Short B+ (3c),7580.75,3,45484.5,-288,-0.63,0,7.5,0.02,-288,-0.63,-55.5,-0.01,16
7,Exit long,2019-09-10 15:30,EOD Close,7820.25,2,31213,68,0.22,0,70,0.22,-170,-0.54,12.5,0.00,47
7,Entry long,2019-09-10 11:20,ORB Long B+ (2c),7803.25,2,31213,68,0.22,0,70,0.22,-170,-0.54,12.5,0.00,47
8,Exit short,2019-10-02 15:30,EOD Close,7547.5,2,30384,194,0.64,0,282,0.93,-94,-0.31,206.5,0.02,75
8,Entry short,2019-10-02 09:00,ORB Short A (2c),7596,2,30384,194,0.64,0,282,0.93,-94,-0.31,206.5,0.02,75
9,Exit long,2020-01-03 15:30,EOD Close,8806.5,2,35387,-161,-0.45,0,58,0.16,-163,-0.46,45.5,0.00,51
9,Entry long,2020-01-03 11:00,ORB Long A (2c),8846.75,2,35387,-161,-0.45,0,58,0.16,-163,-0.46,45.5,0.00,51
10,Exit long,2020-01-06 15:30,EOD Close,8853.25,2,35134,279,0.79,0,356,1.01,-8,-0.02,324.5,0.03,78
10,Entry long,2020-01-06 08:45,ORB Long B+ (2c),8783.5,2,35134,279,0.79,0,356,1.01,-8,-0.02,324.5,0.03,78
11,Exit long,2020-01-23 15:30,EOD Close,9248.75,2,36810,185,0.50,0,202,0.55,-107,-0.29,509.5,0.05,73
11,Entry long,2020-01-23 09:10,ORB Long B (2c),9202.5,2,36810,185,0.50,0,202,0.55,-107,-0.29,509.5,0.05,73
12,Exit short,2020-01-31 14:40,S-TP2,8966,1,18228,296,1.62,0,296,1.62,-37.5,-0.21,805.5,0.08,70
12,Entry short,2020-01-31 08:50,ORB Short C (1c),9114,1,18228,296,1.62,0,296,1.62,-37.5,-0.21,805.5,0.08,70
13,Exit long,2020-02-03 15:30,EOD Close,9105.75,2,36427,-4,-0.01,0,196,0.54,-73,-0.20,801.5,0.08,78
13,Entry long,2020-02-03 08:45,ORB Long B+ (2c),9106.75,2,36427,-4,-0.01,0,196,0.54,-73,-0.20,801.5,0.08,78
14,Exit long,2020-02-06 15:30,EOD Close,9456.75,2,37657,170,0.45,0,171,0.45,-96,-0.25,971.5,0.10,76
14,Entry long,2020-02-06 08:55,ORB Long B+ (2c),9414.25,2,37657,170,0.45,0,171,0.45,-96,-0.25,971.5,0.10,76
15,Exit long,2020-02-10 15:30,EOD Close,9524,2,37750,346,0.92,0,377,1.00,-22,-0.06,1317.5,0.13,77
15,Entry long,2020-02-10 08:50,ORB Long A+ (2c),9437.5,2,37750,346,0.92,0,377,1.00,-22,-0.06,1317.5,0.13,77
16,Exit short,2020-02-25 09:40,S-TP2,9077,2,36475,167,0.46,0,407,1.12,-116,-0.32,1484.5,0.15,11
16,Entry short,2020-02-25 08:45,ORB Short A+ (2c),9118.75,2,36475,167,0.46,0,407,1.12,-116,-0.32,1484.5,0.15,11
17,Exit short,2020-02-26 15:30,EOD Close,8863.5,2,35505,51,0.14,0,240,0.68,-215,-0.61,1535.5,0.15,33
17,Entry short,2020-02-26 12:30,ORB Short B+ (2c),8876.25,2,35505,51,0.14,0,240,0.68,-215,-0.61,1535.5,0.15,33
18,Exit short,2020-02-27 09:35,S-TP2,8583.25,2,34517,184,0.53,0,437,1.27,-20,-0.06,1719.5,0.17,4
18,Entry short,2020-02-27 09:15,ORB Short B (2c),8629.25,2,34517,184,0.53,0,437,1.27,-20,-0.06,1719.5,0.17,4
19,Exit short,2020-03-02 09:40,S-TP2,8539.5,2,33858,-300,-0.89,0,85,0.25,-300,-0.89,1419.5,0.14,7
19,Entry short,2020-03-02 09:05,ORB Short A+ (2c),8464.5,2,33858,-300,-0.89,0,85,0.25,-300,-0.89,1419.5,0.14,7
20,Exit short,2020-03-03 09:00,S-TP2,8841,2,35064,-300,-0.86,0,85,0.24,-300,-0.86,1119.5,0.11,2
20,Entry short,2020-03-03 08:50,ORB Short A (2c),8766,2,35064,-300,-0.86,0,85,0.24,-300,-0.86,1119.5,0.11,2
21,Exit short,2020-03-03 10:30,S-TP2,8765,2,35168,108,0.31,0,348,0.99,-180,-0.51,1227.5,0.12,4
21,Entry short,2020-03-03 10:10,ORB Short B (2c),8792,2,35168,108,0.31,0,348,0.99,-180,-0.51,1227.5,0.12,4
22,Exit short,2020-03-03 12:30,S-TP2,8697,2,35108,320,0.91,0,560,1.60,-161,-0.46,1547.5,0.15,13
22,Entry short,2020-03-03 11:25,ORB Short B (2c),8777,2,35108,320,0.91,0,560,1.60,-161,-0.46,1547.5,0.15,13
23,Exit short,2020-03-04 09:10,S-TP2,8747.5,2,34690,-300,-0.86,0,28,0.08,-300,-0.86,1247.5,0.12,4
23,Entry short,2020-03-04 08:50,ORB Short A (2c),8672.5,2,34690,-300,-0.86,0,28,0.08,-300,-0.86,1247.5,0.12,4
24,Exit short,2020-03-05 14:30,S-TP2,8670.75,2,34737,54,0.16,0,294,0.85,-245,-0.71,1301.5,0.13,34
24,Entry short,2020-03-05 11:40,ORB Short B (2c),8684.25,2,34737,54,0.16,0,294,0.85,-245,-0.71,1301.5,0.13,34
25,Exit short,2020-03-10 10:35,S-TP2,7941.5,1,16223,340,2.10,0,340,2.10,-52,-0.32,1641.5,0.16,10
25,Entry short,2020-03-10 09:45,ORB Short A (1c),8111.5,1,16223,340,2.10,0,340,2.10,-52,-0.32,1641.5,0.16,10
26,Exit short,2020-03-10 13:10,S-TP2,8070.75,2,32469,186,0.57,0,426,1.31,-124,-0.38,1827.5,0.18,9
26,Entry short,2020-03-10 12:25,ORB Short A (2c),8117.25,2,32469,186,0.57,0,426,1.31,-124,-0.38,1827.5,0.18,9
27,Exit short,2020-03-11 13:40,S-TP2,8022.25,1,16251,206.5,1.27,0,326.5,2.01,-103.5,-0.64,2034,0.20,49
27,Entry short,2020-03-11 09:35,ORB Short B+ (1c),8125.5,1,16251,206.5,1.27,0,326.5,2.01,-103.5,-0.64,2034,0.20,49
28,Exit short,2020-03-12 11:15,S-TP2,7385.5,1,14843,72,0.49,0,192,1.29,-22.5,-0.15,2106,0.21,8
28,Entry short,2020-03-12 10:35,ORB Short B (1c),7421.5,1,14843,72,0.49,0,192,1.29,-22.5,-0.15,2106,0.21,8
29,Exit long,2020-03-19 09:15,L-TP2,7304.5,1,14452,157,1.09,0,336.5,2.33,-84,-0.58,2263,0.23,4
29,Entry long,2020-03-19 08:55,ORB Long B (1c),7226,1,14452,157,1.09,0,336.5,2.33,-84,-0.58,2263,0.23,4
30,Exit short,2020-03-20 11:30,S-TP2,7192.25,1,14605.5,221,1.51,0,341,2.33,-142.5,-0.98,2484,0.25,14
30,Entry short,2020-03-20 10:20,ORB Short A+ (1c),7302.75,1,14605.5,221,1.51,0,341,2.33,-142.5,-0.98,2484,0.25,14
31,Exit short,2020-03-23 11:40,S-TP2,6972.25,1,13651.5,-293,-2.15,0,132,0.97,-293,-2.15,2191,0.22,15
31,Entry short,2020-03-23 10:25,ORB Short B+ (1c),6825.75,1,13651.5,-293,-2.15,0,132,0.97,-293,-2.15,2191,0.22,15
32,Exit short,2020-03-25 11:45,S-TP2,7624.25,1,14944.5,-304,-2.03,0,199.5,1.33,-304,-2.03,1887,0.19,34
32,Entry short,2020-03-25 08:55,ORB Short A (1c),7472.25,1,14944.5,-304,-2.03,0,199.5,1.33,-304,-2.03,1887,0.19,34
33,Exit short,2020-04-01 14:40,S-TP2,7407.5,2,30216,586,1.94,0,586,1.94,-59,-0.20,2473,0.25,39
33,Entry short,2020-04-01 11:25,ORB Short B+ (2c),7554,2,30216,586,1.94,0,586,1.94,-59,-0.20,2473,0.25,39
34,Exit short,2020-04-03 13:50,S-TP2,7483.5,1,15135.5,168.5,1.11,0,288.5,1.91,-16,-0.11,2641.5,0.26,53
34,Entry short,2020-04-03 09:25,ORB Short B (1c),7567.75,1,15135.5,168.5,1.11,0,288.5,1.91,-16,-0.11,2641.5,0.26,53
35,Exit long,2020-04-06 11:55,L-TP2,7936.25,1,15689,183.5,1.17,0,183.5,1.17,-29,-0.18,2825,0.28,37
35,Entry long,2020-04-06 08:50,ORB Long B (1c),7844.5,1,15689,183.5,1.17,0,183.5,1.17,-29,-0.18,2825,0.28,37
36,Exit long,2020-04-08 14:35,L-TP2,8173.75,2,32664,31,0.09,0,271,0.83,-184,-0.56,2856,0.29,50
36,Entry long,2020-04-08 10:25,ORB Long B (2c),8166,2,32664,31,0.09,0,271,0.83,-184,-0.56,2856,0.29,50
37,Exit long,2020-04-14 15:30,EOD Close,8687.5,1,17121.5,253.5,1.48,0,295.5,1.73,-37.5,-0.22,3109.5,0.31,78
37,Entry long,2020-04-14 08:45,ORB Long A+ (1c),8560.75,1,17121.5,253.5,1.48,0,295.5,1.73,-37.5,-0.22,3109.5,0.31,78
38,Exit long,2020-04-16 11:05,L-TP2,8725.5,2,34798,104,0.30,0,344,0.99,-84,-0.24,3213.5,0.32,16
38,Entry long,2020-04-16 09:45,ORB Long B (2c),8699.5,2,34798,104,0.30,0,344,0.99,-84,-0.24,3213.5,0.32,16
39,Exit long,2020-04-20 12:20,L-TP2,8786,2,35153,-9,-0.03,0,231,0.66,-29,-0.08,3204.5,0.32,35
39,Entry long,2020-04-20 09:25,ORB Long B (2c),8788.25,2,35153,-9,-0.03,0,231,0.66,-29,-0.08,3204.5,0.32,35
40,Exit long,2020-04-20 14:05,L-TP2,8729.5,2,35185,-267,-0.76,0,129,0.37,-267,-0.76,2937.5,0.29,20
40,Entry long,2020-04-20 12:25,ORB Long B+ (2c),8796.25,2,35185,-267,-0.76,0,129,0.37,-267,-0.76,2937.5,0.29,20
41,Exit long,2020-04-22 15:00,L-TP2,8639.25,2,34406,151,0.44,0,391,1.14,-52,-0.15,3088.5,0.31,52
41,Entry long,2020-04-22 10:40,ORB Long B (2c),8601.5,2,34406,151,0.44,0,391,1.14,-52,-0.15,3088.5,0.31,52
42,Exit long,2020-04-23 11:45,L-TP2,8671.75,2,34987,-300,-0.86,0,161,0.46,-300,-0.86,2788.5,0.28,30
42,Entry long,2020-04-23 09:15,ORB Long A (2c),8746.75,2,34987,-300,-0.86,0,161,0.46,-300,-0.86,2788.5,0.28,30
43,Exit short,2020-04-23 15:30,EOD Close,8591,1,17298,116,0.67,0,117.5,0.68,-117.5,-0.68,2904.5,0.29,31
43,Entry short,2020-04-23 12:40,ORB Short C (1c),8649,1,17298,116,0.67,0,117.5,0.68,-117.5,-0.68,2904.5,0.29,31
44,Exit long,2020-04-24 15:30,EOD Close,8767,1,17355.5,178.5,1.03,0,252.5,1.45,-22.5,-0.13,3083,0.31,46
44,Entry long,2020-04-24 11:25,ORB Long C+ (1c),8677.75,1,17355.5,178.5,1.03,0,252.5,1.45,-22.5,-0.13,3083,0.31,46
45,Exit short,2020-04-28 09:55,S-TP2,8694.5,2,35320,542,1.53,0,542,1.53,-36,-0.10,3625,0.36,12
45,Entry short,2020-04-28 08:55,ORB Short B (2c),8830,2,35320,542,1.53,0,542,1.53,-36,-0.10,3625,0.36,12
46,Exit long,2020-04-29 13:10,L-TP2,8928.5,2,35523,191,0.54,0,431,1.21,-57,-0.16,3816,0.38,53
46,Entry long,2020-04-29 08:45,ORB Long A+ (2c),8880.75,2,35523,191,0.54,0,431,1.21,-57,-0.16,3816,0.38,53
47,Exit long,2020-05-01 10:30,L-TP2,8780.75,2,35423,-300,-0.85,0,91,0.26,-300,-0.85,3516,0.35,18
47,Entry long,2020-05-01 09:00,ORB Long A+ (2c),8855.75,2,35423,-300,-0.85,0,91,0.26,-300,-0.85,3516,0.35,18
48,Exit long,2020-05-05 14:35,L-TP2,8895,2,35794,-214,-0.60,0,285,0.80,-214,-0.60,3302,0.33,70
48,Entry long,2020-05-05 08:45,ORB Long A (2c),8948.5,2,35794,-214,-0.60,0,285,0.80,-214,-0.60,3302,0.33,70
49,Exit short,2020-05-06 09:45,S-TP2,9029.5,1,17931,-128,-0.71,0,60,0.33,-128,-0.71,3174,0.32,9
49,Entry short,2020-05-06 09:00,ORB Short C+ (1c),8965.5,1,17931,-128,-0.71,0,60,0.33,-128,-0.71,3174,0.32,9
50,Exit long,2020-05-06 14:45,L-TP2,8972.25,2,36141,-252,-0.70,0,85,0.24,-252,-0.70,2922,0.29,60
50,Entry long,2020-05-06 09:45,ORB Long A (2c),9035.25,2,36141,-252,-0.70,0,85,0.24,-252,-0.70,2922,0.29,60
51,Exit short,2020-05-07 10:45,S-TP2,9107.5,1,18069.5,-145.5,-0.81,0,8.5,0.05,-145.5,-0.81,2776.5,0.28,12
51,Entry short,2020-05-07 09:45,ORB Short C (1c),9034.75,1,18069.5,-145.5,-0.81,0,8.5,0.05,-145.5,-0.81,2776.5,0.28,12
52,Exit long,2020-05-07 15:30,EOD Close,9113,2,36438,14,0.04,0,66,0.18,-176,-0.48,2790.5,0.28,46
52,Entry long,2020-05-07 11:25,ORB Long A (2c),9109.5,2,36438,14,0.04,0,66,0.18,-176,-0.48,2790.5,0.28,46
53,Exit long,2020-05-08 15:30,EOD Close,9215.75,2,36709,154,0.42,0,185,0.50,-107,-0.29,2944.5,0.29,72
53,Entry long,2020-05-08 09:15,ORB Long A (2c),9177.25,2,36709,154,0.42,0,185,0.50,-107,-0.29,2944.5,0.29,72
54,Exit long,2020-05-11 15:00,L-TP2,9278.75,2,36867,248,0.67,0,488,1.32,-76,-0.21,3192.5,0.32,74
54,Entry long,2020-05-11 08:50,ORB Long A (2c),9216.75,2,36867,248,0.67,0,488,1.32,-76,-0.21,3192.5,0.32,74
55,Exit long,2020-05-13 10:20,L-TP2,9076.75,2,36607,-300,-0.82,0,203,0.55,-300,-0.82,2892.5,0.29,16
55,Entry long,2020-05-13 09:00,ORB Long B+ (2c),9151.75,2,36607,-300,-0.82,0,203,0.55,-300,-0.82,2892.5,0.29,16
56,Exit long,2020-05-14 15:30,EOD Close,9082.5,2,35916,414,1.15,0,504,1.40,-171,-0.48,3306.5,0.33,40
56,Entry long,2020-05-14 11:55,ORB Long B (2c),8979,2,35916,414,1.15,0,504,1.40,-171,-0.48,3306.5,0.33,40
57,Exit long,2020-05-19 14:50,L-TP2,9313.5,2,37488,-234,-0.62,0,179,0.48,-234,-0.62,3072.5,0.31,71
57,Entry long,2020-05-19 08:55,ORB Long A (2c),9372,2,37488,-234,-0.62,0,179,0.48,-234,-0.62,3072.5,0.31,71
58,Exit long,2020-05-22 15:30,EOD Close,9412.75,2,37521,130,0.35,0,153,0.41,-175,-0.47,3202.5,0.32,77
58,Entry long,2020-05-22 08:50,ORB Long A+ (2c),9380.25,2,37521,130,0.35,0,153,0.41,-175,-0.47,3202.5,0.32,77
59,Exit long,2020-05-28 13:55,L-TP2,9505.5,2,37870,152,0.40,0,392,1.04,-92,-0.24,3354.5,0.34,57
59,Entry long,2020-05-28 09:10,ORB Long B (2c),9467.5,2,37870,152,0.40,0,392,1.04,-92,-0.24,3354.5,0.34,57
60,Exit long,2020-06-01 15:30,EOD Close,9595.5,2,38245,137,0.36,0,179,0.47,-103,-0.27,3491.5,0.35,75
60,Entry long,2020-06-01 09:00,ORB Long A+ (2c),9561.25,2,38245,137,0.36,0,179,0.47,-103,-0.27,3491.5,0.35,75
61,Exit long,2020-06-05 15:30,EOD Close,9803.5,1,19537.5,69.5,0.36,0,156,0.80,-65,-0.33,3561,0.36,78
61,Entry long,2020-06-05 08:45,ORB Long C (1c),9768.75,1,19537.5,69.5,0.36,0,156,0.80,-65,-0.33,3561,0.36,78
62,Exit long,2020-06-09 15:05,L-TP2,9947.5,2,39620,170,0.43,0,410,1.03,-119,-0.30,3731,0.37,75
62,Entry long,2020-06-09 08:50,ORB Long A (2c),9905,2,39620,170,0.43,0,410,1.03,-119,-0.30,3731,0.37,75
63,Exit long,2020-06-11 09:55,L-TP2,9896.75,2,39887,-300,-0.75,0,37,0.09,-300,-0.75,3431,0.34,5
63,Entry long,2020-06-11 09:30,ORB Long B (2c),9971.75,2,39887,-300,-0.75,0,37,0.09,-300,-0.75,3431,0.34,5
64,Exit long,2020-06-15 13:00,L-TP2,9746.75,2,38389,598,1.56,0,598,1.56,-162,-0.42,4029,0.40,49
64,Entry long,2020-06-15 08:55,ORB Long A (2c),9597.25,2,38389,598,1.56,0,598,1.56,-162,-0.42,4029,0.40,49
65,Exit long,2020-06-25 15:30,EOD Close,10079.25,1,20065,93.5,0.47,0,149.5,0.75,-133,-0.66,4122.5,0.41,48
65,Entry long,2020-06-25 11:15,ORB Long C (1c),10032.5,1,20065,93.5,0.47,0,149.5,0.75,-133,-0.66,4122.5,0.41,48
66,Exit long,2020-06-30 12:15,L-TP2,10043,2,40060,112,0.28,0,352,0.88,-10,-0.02,4234.5,0.42,41
66,Entry long,2020-06-30 08:50,ORB Long A (2c),10015,2,40060,112,0.28,0,352,0.88,-10,-0.02,4234.5,0.42,41
67,Exit long,2020-07-01 15:30,EOD Close,10265,2,40823,237,0.58,0,413,1.01,-48,-0.12,4471.5,0.45,70
67,Entry long,2020-07-01 09:25,ORB Long B (2c),10205.75,2,40823,237,0.58,0,413,1.01,-48,-0.12,4471.5,0.45,70
68,Exit long,2020-07-07 11:10,L-TP2,10634.5,2,42508,30,0.07,0,270,0.64,-121,-0.28,4501.5,0.45,29
68,Entry long,2020-07-07 08:45,ORB Long A (2c),10627,2,42508,30,0.07,0,270,0.64,-121,-0.28,4501.5,0.45,29
69,Exit long,2020-07-07 14:05,L-TP2,10556.75,2,42482,-255,-0.60,0,55,0.13,-255,-0.60,4246.5,0.42,20
69,Entry long,2020-07-07 12:25,ORB Long B+ (2c),10620.5,2,42482,-255,-0.60,0,55,0.13,-255,-0.60,4246.5,0.42,20
70,Exit long,2020-07-08 10:15,L-TP2,10566.5,2,42509,-243,-0.57,0,53,0.12,-243,-0.57,4003.5,0.40,16
70,Entry long,2020-07-08 08:55,ORB Long A (2c),10627.25,2,42509,-243,-0.57,0,53,0.12,-243,-0.57,4003.5,0.40,16
71,Exit long,2020-07-08 13:00,L-TP2,10566.5,2,42505,-239,-0.56,0,7,0.02,-239,-0.56,3764.5,0.38,13
71,Entry long,2020-07-08 11:55,ORB Long B+ (2c),10626.25,2,42505,-239,-0.56,0,7,0.02,-239,-0.56,3764.5,0.38,13
72,Exit long,2020-07-10 15:30,EOD Close,10842.5,2,43005,365,0.85,0,377,0.88,-20,-0.05,4129.5,0.41,38
72,Entry long,2020-07-10 12:05,ORB Long B+ (2c),10751.25,2,43005,365,0.85,0,377,0.88,-20,-0.05,4129.5,0.41,38
73,Exit long,2020-07-13 13:00,L-TP2,10929.5,2,43995,-277,-0.63,0,238,0.54,-277,-0.63,3852.5,0.39,43
73,Entry long,2020-07-13 09:25,ORB Long A (2c),10998.75,2,43995,-277,-0.63,0,238,0.54,-277,-0.63,3852.5,0.39,43
74,Exit short,2020-07-15 11:20,S-TP2,10611.5,1,21303.5,80.5,0.38,0,200.5,0.94,-54,-0.25,3933,0.39,16
74,Entry short,2020-07-15 10:00,ORB Short C (1c),10651.75,1,21303.5,80.5,0.38,0,200.5,0.94,-54,-0.25,3933,0.39,16
75,Exit long,2020-07-16 15:00,L-TP2,10537.5,1,21220,-145,-0.68,0,72,0.34,-145,-0.68,3788,0.38,34
75,Entry long,2020-07-16 12:10,ORB Long C+ (1c),10610,1,21220,-145,-0.68,0,72,0.34,-145,-0.68,3788,0.38,34
76,Exit long,2020-07-20 12:00,L-TP2,10833.75,2,42787,548,1.28,0,548,1.28,-23,-0.05,4336,0.43,36
76,Entry long,2020-07-20 09:00,ORB Long A (2c),10696.75,2,42787,548,1.28,0,548,1.28,-23,-0.05,4336,0.43,36
77,Exit long,2020-07-22 09:45,L-TP2,10820.5,2,43535,-253,-0.58,0,62,0.14,-253,-0.58,4083,0.41,11
77,Entry long,2020-07-22 08:50,ORB Long A (2c),10883.75,2,43535,-253,-0.58,0,62,0.14,-253,-0.58,4083,0.41,11
78,Exit long,2020-07-23 09:10,L-TP2,10798.75,2,43444,-249,-0.57,0,42,0.10,-249,-0.57,3834,0.38,5
78,Entry long,2020-07-23 08:45,ORB Long B+ (2c),10861,2,43444,-249,-0.57,0,42,0.10,-249,-0.57,3834,0.38,5
79,Exit long,2020-07-27 10:25,L-TP2,10540.75,2,42463,-300,-0.71,0,80,0.19,-300,-0.71,3534,0.35,20
79,Entry long,2020-07-27 08:45,ORB Long A (2c),10615.75,2,42463,-300,-0.71,0,80,0.19,-300,-0.71,3534,0.35,20
80,Exit long,2020-07-27 15:30,EOD Close,10675,2,42450,250,0.59,0,278,0.65,-43,-0.10,3784,0.38,34
80,Entry long,2020-07-27 12:25,ORB Long B+ (2c),10612.5,2,42450,250,0.59,0,278,0.65,-43,-0.10,3784,0.38,34
81,Exit long,2020-07-30 15:05,L-TP2,10783.75,2,42552,583,1.37,0,583,1.37,-16,-0.04,4367,0.44,55
81,Entry long,2020-07-30 10:30,ORB Long B (2c),10638,2,42552,583,1.37,0,583,1.37,-16,-0.04,4367,0.44,55
82,Exit long,2020-08-03 15:30,EOD Close,11041.75,2,44202,-35,-0.08,0,90,0.20,-237,-0.54,4332,0.43,75
82,Entry long,2020-08-03 09:00,ORB Long A (2c),11050.5,2,44202,-35,-0.08,0,90,0.20,-237,-0.54,4332,0.43,75
83,Exit long,2020-08-12 13:00,L-TP2,11183.75,2,44124,611,1.38,0,611,1.38,-52,-0.12,4943,0.49,51
83,Entry long,2020-08-12 08:45,ORB Long A+ (2c),11031,2,44124,611,1.38,0,611,1.38,-52,-0.12,4943,0.49,51
84,Exit long,2020-08-13 13:20,L-TP2,11164,2,44952,-296,-0.66,0,111,0.25,-296,-0.66,4647,0.46,46
84,Entry long,2020-08-13 09:30,ORB Long B (2c),11238,2,44952,-296,-0.66,0,111,0.25,-296,-0.66,4647,0.46,46
85,Exit short,2020-08-14 15:30,EOD Close,11142.75,2,44584,13,0.03,0,200,0.45,-164,-0.37,4660,0.47,78
85,Entry short,2020-08-14 08:45,ORB Short B (2c),11146,2,44584,13,0.03,0,200,0.45,-164,-0.37,4660,0.47,78
86,Exit long,2020-08-18 15:30,EOD Close,11406.25,2,45537,88,0.19,0,123,0.27,-74,-0.16,4748,0.47,32
86,Entry long,2020-08-18 12:35,ORB Long B+ (2c),11384.25,2,45537,88,0.19,0,123,0.27,-74,-0.16,4748,0.47,32
87,Exit short,2020-08-19 10:00,S-TP2,11415,2,45390,-270,-0.59,0,59,0.13,-270,-0.59,4478,0.45,15
87,Entry short,2020-08-19 08:45,ORB Short B (2c),11347.5,2,45390,-270,-0.59,0,59,0.13,-270,-0.59,4478,0.45,15
88,Exit long,2020-08-19 13:15,L-TP2,11366.75,2,45671,-204,-0.45,0,80,0.18,-204,-0.45,4274,0.43,33
88,Entry long,2020-08-19 10:30,ORB Long A (2c),11417.75,2,45671,-204,-0.45,0,80,0.18,-204,-0.45,4274,0.43,33
89,Exit long,2020-08-20 14:40,L-TP2,11483.75,2,45395,540,1.19,0,540,1.19,-27,-0.06,4814,0.48,71
89,Entry long,2020-08-20 08:45,ORB Long A (2c),11348.75,2,45395,540,1.19,0,540,1.19,-27,-0.06,4814,0.48,71
90,Exit long,2020-08-25 15:30,EOD Close,11732.75,2,46554,377,0.81,0,384,0.82,-165,-0.35,5191,0.52,72
90,Entry long,2020-08-25 09:15,ORB Long A (2c),11638.5,2,46554,377,0.81,0,384,0.82,-165,-0.35,5191,0.52,72
91,Exit long,2020-08-27 11:20,L-TP2,11951.25,1,24052.5,-150,-0.62,0,40,0.17,-150,-0.62,5041,0.50,16
91,Entry long,2020-08-27 10:00,ORB Long C+ (1c),12026.25,1,24052.5,-150,-0.62,0,40,0.17,-150,-0.62,5041,0.50,16
92,Exit long,2020-08-31 10:25,L-TP2,12041,3,72256.5,-10.5,-0.01,0,349.5,0.48,-126,-0.17,5030.5,0.50,20
92,Entry long,2020-08-31 08:45,ORB Long A (3c),12042.75,3,72256.5,-10.5,-0.01,0,349.5,0.48,-126,-0.17,5030.5,0.50,20
93,Exit long,2020-08-31 14:55,L-TP2,12105,2,48236,184,0.38,0,424,0.88,-8,-0.02,5214.5,0.52,52
93,Entry long,2020-08-31 10:35,ORB Long B+ (2c),12059,2,48236,184,0.38,0,424,0.88,-8,-0.02,5214.5,0.52,52
94,Exit long,2020-09-01 15:30,EOD Close,12321.25,2,48918,367,0.75,0,376,0.77,-118,-0.24,5581.5,0.56,75
94,Entry long,2020-09-01 09:00,ORB Long A (2c),12229.5,2,48918,367,0.75,0,376,0.77,-118,-0.24,5581.5,0.56,75
95,Exit short,2020-09-11 09:20,S-TP2,11219.25,2,44556,-321,-0.72,0,160,0.36,-321,-0.72,5260.5,0.53,5
95,Entry short,2020-09-11 08:55,ORB Short A (2c),11139,2,44556,-321,-0.72,0,160,0.36,-321,-0.72,5260.5,0.53,5
96,Exit short,2020-09-11 09:45,S-TP2,11240.75,2,44642,-321,-0.72,0,14,0.03,-321,-0.72,4939.5,0.49,2
96,Entry short,2020-09-11 09:35,ORB Short B (2c),11160.5,2,44642,-321,-0.72,0,14,0.03,-321,-0.72,4939.5,0.49,2
97,Exit short,2020-09-11 12:30,S-TP2,10954,2,44578,762,1.71,0,762,1.71,-119,-0.27,5701.5,0.57,24
97,Entry short,2020-09-11 10:30,ORB Short B+ (2c),11144.5,2,44578,762,1.71,0,762,1.71,-119,-0.27,5701.5,0.57,24
98,Exit short,2020-09-17 12:30,S-TP2,11016,1,21856,-176,-0.81,0,29.5,0.13,-176,-0.81,5525.5,0.55,9
98,Entry short,2020-09-17 11:45,ORB Short A (1c),10928,1,21856,-176,-0.81,0,29.5,0.13,-176,-0.81,5525.5,0.55,9
99,Exit short,2020-09-18 10:45,S-TP2,10951.75,1,22081,177.5,0.80,0,297.5,1.35,-131,-0.59,5703,0.57,24
99,Entry short,2020-09-18 08:45,ORB Short A+ (1c),11040.5,1,22081,177.5,0.80,0,297.5,1.35,-131,-0.59,5703,0.57,24
100,Exit short,2020-09-21 10:05,S-TP2,10761.5,1,21330.5,-192.5,-0.90,0,17,0.08,-192.5,-0.90,5510.5,0.55,6
100,Entry short,2020-09-21 09:35,ORB Short B (1c),10665.25,1,21330.5,-192.5,-0.90,0,17,0.08,-192.5,-0.90,5510.5,0.55,6
101,Exit short,2020-09-22 12:40,S-TP2,11074.5,1,21952,-197,-0.90,0,108.5,0.49,-197,-0.90,5313.5,0.53,47
101,Entry short,2020-09-22 08:45,ORB Short A+ (1c),10976,1,21952,-197,-0.90,0,108.5,0.49,-197,-0.90,5313.5,0.53,47
102,Exit short,2020-09-23 11:40,S-TP2,11031,2,44350,226,0.51,0,466,1.05,-70,-0.16,5539.5,0.55,34
102,Entry short,2020-09-23 08:50,ORB Short A (2c),11087.5,2,44350,226,0.51,0,466,1.05,-70,-0.16,5539.5,0.55,34
103,Exit long,2020-10-02 10:30,L-TP2,11351.5,1,22853,-150,-0.66,0,84.5,0.37,-150,-0.66,5389.5,0.54,18
103,Entry long,2020-10-02 09:00,ORB Long C (1c),11426.5,1,22853,-150,-0.66,0,84.5,0.37,-150,-0.66,5389.5,0.54,18
104,Exit long,2020-10-05 13:00,L-TP2,11393,2,45545,27,0.06,0,267,0.59,-12,-0.03,5416.5,0.54,48
104,Entry long,2020-10-05 09:00,ORB Long A (2c),11386.25,2,45545,27,0.06,0,267,0.59,-12,-0.03,5416.5,0.54,48
105,Exit long,2020-10-07 15:30,EOD Close,11480.75,2,45749,174,0.38,0,281,0.61,-176,-0.38,5590.5,0.56,57
105,Entry long,2020-10-07 10:30,ORB Long B+ (2c),11437.25,2,45749,174,0.38,0,281,0.61,-176,-0.38,5590.5,0.56,57
106,Exit short,2020-10-08 15:30,EOD Close,11541.25,1,23025.5,-57,-0.25,0,50,0.22,-101,-0.44,5533.5,0.55,78
106,Entry short,2020-10-08 08:45,ORB Short C (1c),11512.75,1,23025.5,-57,-0.25,0,50,0.22,-101,-0.44,5533.5,0.55,78
107,Exit long,2020-10-12 12:25,L-TP2,12133.75,2,47816,719,1.50,0,719,1.50,-3,-0.01,6252.5,0.63,31
107,Entry long,2020-10-12 09:50,ORB Long B+ (2c),11954,2,47816,719,1.50,0,719,1.50,-3,-0.01,6252.5,0.63,31
108,Exit long,2020-10-13 11:10,L-TP2,12091.75,1,24333.5,-150,-0.62,0,29.5,0.12,-150,-0.62,6102.5,0.61,10
108,Entry long,2020-10-13 10:20,ORB Long C+ (1c),12166.75,1,24333.5,-150,-0.62,0,29.5,0.12,-150,-0.62,6102.5,0.61,10
109,Exit short,2020-10-14 11:20,S-TP2,11916.25,2,48214,549,1.14,0,549,1.14,-204,-0.42,6651.5,0.67,23
109,Entry short,2020-10-14 09:25,ORB Short B (2c),12053.5,2,48214,549,1.14,0,549,1.14,-204,-0.42,6651.5,0.67,23
110,Exit long,2020-10-15 09:15,L-TP2,11800.75,2,47503,-300,-0.63,0,17,0.04,-300,-0.63,6351.5,0.64,5
110,Entry long,2020-10-15 08:50,ORB Long A (2c),11875.75,2,47503,-300,-0.63,0,17,0.04,-300,-0.63,6351.5,0.64,5
111,Exit long,2020-10-20 10:00,L-TP2,11632,2,46813,-285,-0.61,0,134,0.29,-285,-0.61,6066.5,0.61,13
111,Entry long,2020-10-20 08:55,ORB Long A+ (2c),11703.25,2,46813,-285,-0.61,0,134,0.29,-285,-0.61,6066.5,0.61,13
112,Exit long,2020-10-20 14:10,L-TP2,11658.5,2,46934,-300,-0.64,0,234,0.50,-300,-0.64,5766.5,0.58,32
112,Entry long,2020-10-20 11:30,ORB Long A+ (2c),11733.5,2,46934,-300,-0.64,0,234,0.50,-300,-0.64,5766.5,0.58,32
113,Exit long,2020-10-21 10:10,L-TP2,11672.75,2,46991,-300,-0.64,0,126,0.27,-300,-0.64,5466.5,0.55,17
113,Entry long,2020-10-21 08:45,ORB Long A (2c),11747.75,2,46991,-300,-0.64,0,126,0.27,-300,-0.64,5466.5,0.55,17
114,Exit short,2020-10-27 09:45,S-TP2,11559.5,2,45982,-256,-0.56,0,25,0.05,-256,-0.56,5210.5,0.52,5
114,Entry short,2020-10-27 09:20,ORB Short B+ (2c),11495.5,2,45982,-256,-0.56,0,25,0.05,-256,-0.56,5210.5,0.52,5
115,Exit long,2020-10-29 10:55,L-TP2,11275.25,2,44985,116,0.26,0,356,0.79,-26,-0.06,5326.5,0.53,25
115,Entry long,2020-10-29 08:50,ORB Long B (2c),11246.25,2,44985,116,0.26,0,356,0.79,-26,-0.06,5326.5,0.53,25
116,Exit short,2020-10-30 10:00,S-TP2,11048,2,44575,383,0.86,0,623,1.40,-182,-0.41,5709.5,0.57,15
116,Entry short,2020-10-30 08:45,ORB Short A (2c),11143.75,2,44575,383,0.86,0,623,1.40,-182,-0.41,5709.5,0.57,15
117,Exit long,2020-11-02 09:35,L-TP2,11124.5,2,44798,-300,-0.67,0,50,0.11,-300,-0.67,5409.5,0.54,9
117,Entry long,2020-11-02 08:50,ORB Long B (2c),11199.5,2,44798,-300,-0.67,0,50,0.11,-300,-0.67,5409.5,0.54,9
118,Exit short,2020-11-02 12:50,S-TP2,10960.5,2,44430,588,1.32,0,588,1.32,-1,0.00,5997.5,0.60,32
118,Entry short,2020-11-02 10:10,ORB Short A (2c),11107.5,2,44430,588,1.32,0,588,1.32,-1,0.00,5997.5,0.60,32
119,Exit long,2020-11-04 09:35,L-TP2,11736,1,23377.5,94.5,0.40,0,214.5,0.92,-12.5,-0.05,6092,0.61,7
119,Entry long,2020-11-04 09:00,ORB Long C+ (1c),11688.75,1,23377.5,94.5,0.40,0,214.5,0.92,-12.5,-0.05,6092,0.61,7
120,Exit long,2020-11-05 11:30,L-TP2,11982.25,2,48229,-300,-0.62,0,206,0.43,-300,-0.62,5792,0.58,33
120,Entry long,2020-11-05 08:45,ORB Long A+ (2c),12057.25,2,48229,-300,-0.62,0,206,0.43,-300,-0.62,5792,0.58,33
121,Exit long,2020-11-05 15:30,EOD Close,12094.75,2,48227,152,0.32,0,221,0.46,-151,-0.31,5944,0.59,31
121,Entry long,2020-11-05 12:40,ORB Long A (2c),12056.75,2,48227,152,0.32,0,221,0.46,-151,-0.31,5944,0.59,31
122,Exit short,2020-11-06 09:15,S-TP2,11974.75,1,23799.5,-150,-0.63,0,23.5,0.10,-150,-0.63,5794,0.58,4
122,Entry short,2020-11-06 08:55,ORB Short C (1c),11899.75,1,23799.5,-150,-0.63,0,23.5,0.10,-150,-0.63,5794,0.58,4
123,Exit long,2020-11-06 15:30,EOD Close,12089.5,2,48199,159,0.33,0,237,0.49,-105,-0.22,5953,0.60,56
123,Entry long,2020-11-06 10:35,ORB Long B+ (2c),12049.75,2,48199,159,0.33,0,237,0.49,-105,-0.22,5953,0.60,56
124,Exit long,2020-11-09 09:35,L-TP2,12179.5,2,49018,-300,-0.61,0,25,0.05,-300,-0.61,5653,0.57,4
124,Entry long,2020-11-09 09:15,ORB Long B+ (2c),12254.5,2,49018,-300,-0.61,0,25,0.05,-300,-0.61,5653,0.57,4
125,Exit long,2020-11-11 15:30,EOD Close,11904.5,2,47297,321,0.68,0,381,0.81,-197,-0.42,5974,0.60,70
125,Entry long,2020-11-11 09:25,ORB Long A (2c),11824.25,2,47297,321,0.68,0,381,0.81,-197,-0.42,5974,0.60,70
126,Exit long,2020-11-16 15:30,EOD Close,12030.5,2,47927,195,0.41,0,226,0.47,-211,-0.44,6169,0.62,74
126,Entry long,2020-11-16 09:05,ORB Long A (2c),11981.75,2,47927,195,0.41,0,226,0.47,-211,-0.44,6169,0.62,74
127,Exit long,2020-11-18 13:15,L-TP2,11943,1,23995,-109,-0.45,0,60.5,0.25,-109,-0.45,6060,0.61,28
127,Entry long,2020-11-18 10:55,ORB Long C+ (1c),11997.5,1,23995,-109,-0.45,0,60.5,0.25,-109,-0.45,6060,0.61,28
128,Exit long,2020-11-19 15:30,EOD Close,11970.75,2,47584,299,0.63,0,416,0.87,-52,-0.11,6359,0.64,78
128,Entry long,2020-11-19 08:45,ORB Long B+ (2c),11896,2,47584,299,0.63,0,416,0.87,-52,-0.11,6359,0.64,78
129,Exit long,2020-11-24 15:30,EOD Close,12089.25,2,47882,475,0.99,0,496,1.04,-28,-0.06,6834,0.68,67
129,Entry long,2020-11-24 09:40,ORB Long B (2c),11970.5,2,47882,475,0.99,0,496,1.04,-28,-0.06,6834,0.68,67
130,Exit long,2020-12-01 11:10,L-TP2,12483.75,2,49553,382,0.77,0,382,0.77,-153,-0.31,7216,0.72,28
130,Entry long,2020-12-01 08:50,ORB Long A (2c),12388.25,2,49553,382,0.77,0,382,0.77,-153,-0.31,7216,0.72,28
131,Exit long,2020-12-02 15:30,EOD Close,12464.25,2,49653,204,0.41,0,247,0.50,-59,-0.12,7420,0.74,72
131,Entry long,2020-12-02 09:15,ORB Long B (2c),12413.25,2,49653,204,0.41,0,247,0.50,-59,-0.12,7420,0.74,72
132,Exit long,2020-12-07 15:30,EOD Close,12590.25,2,50338,23,0.05,0,111,0.22,-150,-0.30,7443,0.74,76
132,Entry long,2020-12-07 08:55,ORB Long A+ (2c),12584.5,2,50338,23,0.05,0,111,0.22,-150,-0.30,7443,0.74,76
133,Exit short,2020-12-08 11:00,S-TP2,12587.5,2,50119,-231,-0.46,0,109,0.22,-231,-0.46,7212,0.72,27
133,Entry short,2020-12-08 08:45,ORB Short B (2c),12529.75,2,50119,-231,-0.46,0,109,0.22,-231,-0.46,7212,0.72,27
134,Exit long,2020-12-08 15:30,EOD Close,12645,2,50388,192,0.38,0,221,0.44,-73,-0.14,7404,0.74,51
134,Entry long,2020-12-08 11:00,ORB Long A (2c),12597,2,50388,192,0.38,0,221,0.44,-73,-0.14,7404,0.74,51
135,Exit long,2020-12-10 10:55,L-TP2,12389,2,49363,193,0.39,0,433,0.88,-2,0.00,7597,0.76,26
135,Entry long,2020-12-10 08:45,ORB Long B (2c),12340.75,2,49363,193,0.39,0,433,0.88,-2,0.00,7597,0.76,26
136,Exit long,2020-12-14 15:30,EOD Close,12467,2,49988,-120,-0.24,0,209,0.42,-207,-0.41,7477,0.75,77
136,Entry long,2020-12-14 08:50,ORB Long A+ (2c),12497,2,49988,-120,-0.24,0,209,0.42,-207,-0.41,7477,0.75,77
137,Exit long,2020-12-16 15:30,EOD Close,12676.5,2,50520,186,0.37,0,299,0.59,-78,-0.15,7663,0.77,67
137,Entry long,2020-12-16 09:40,ORB Long B (2c),12630,2,50520,186,0.37,0,299,0.59,-78,-0.15,7663,0.77,67
138,Exit short,2020-12-18 11:35,S-TP2,12720.25,2,50952,71,0.14,0,311,0.61,-17,-0.03,7734,0.77,34
138,Entry short,2020-12-18 08:45,ORB Short B (2c),12738,2,50952,71,0.14,0,311,0.61,-17,-0.03,7734,0.77,34
139,Exit long,2020-12-21 15:30,EOD Close,12684.75,2,50641,98,0.19,0,171,0.34,-95,-0.19,7832,0.78,38
139,Entry long,2020-12-21 12:05,ORB Long B (2c),12660.25,2,50641,98,0.19,0,171,0.34,-95,-0.19,7832,0.78,38
140,Exit long,2020-12-23 14:55,L-TP2,12668.75,2,50904,-229,-0.45,0,20,0.04,-229,-0.45,7603,0.76,34
140,Entry long,2020-12-23 12:05,ORB Long A+ (2c),12726,2,50904,-229,-0.45,0,20,0.04,-229,-0.45,7603,0.76,34
141,Exit long,2020-12-24 11:45,EOD Close (Early/Half-Day),12698,2,50879,-87,-0.17,0,12,0.02,-222,-0.44,7516,0.75,27
141,Entry long,2020-12-24 09:30,ORB Long A (2c),12719.75,2,50879,-87,-0.17,0,12,0.02,-222,-0.44,7516,0.75,27
142,Exit short,2020-12-30 15:30,EOD Close,12839,2,51440,84,0.16,0,158,0.31,-51,-0.10,7600,0.76,77
142,Entry short,2020-12-30 08:50,ORB Short B (2c),12860,2,51440,84,0.16,0,158,0.31,-51,-0.10,7600,0.76,77
143,Exit long,2021-01-05 15:30,EOD Close,12794,2,51052,124,0.24,0,180,0.35,-299,-0.59,7724,0.77,77
143,Entry long,2021-01-05 08:50,ORB Long A (2c),12763,2,51052,124,0.24,0,180,0.35,-299,-0.59,7724,0.77,77
144,Exit long,2021-01-07 15:30,EOD Close,12934.25,2,51351,386,0.75,0,484,0.94,-24,-0.05,8110,0.81,76
144,Entry long,2021-01-07 08:55,ORB Long B+ (2c),12837.75,2,51351,386,0.75,0,484,0.94,-24,-0.05,8110,0.81,76
145,Exit long,2021-01-08 12:20,L-TP2,12985.75,2,52224,-281,-0.54,0,38,0.07,-281,-0.54,7829,0.78,14
145,Entry long,2021-01-08 11:10,ORB Long B+ (2c),13056,2,52224,-281,-0.54,0,38,0.07,-281,-0.54,7829,0.78,14
146,Exit long,2021-01-11 13:20,L-TP2,12914.5,2,51958,-300,-0.58,0,94,0.18,-300,-0.58,7529,0.75,47
146,Entry long,2021-01-11 09:25,ORB Long A (2c),12989.5,2,51958,-300,-0.58,0,94,0.18,-300,-0.58,7529,0.75,47
147,Exit long,2021-01-13 15:30,EOD Close,12976.75,2,51743,164,0.32,0,269,0.52,-259,-0.50,7693,0.77,77
147,Entry long,2021-01-13 08:50,ORB Long A (2c),12935.75,2,51743,164,0.32,0,269,0.52,-259,-0.50,7693,0.77,77
148,Exit long,2021-01-20 15:30,EOD Close,13300.75,2,52825,378,0.72,0,484,0.92,-4,-0.01,8071,0.81,74
148,Entry long,2021-01-20 09:05,ORB Long A (2c),13206.25,2,52825,378,0.72,0,484,0.92,-4,-0.01,8071,0.81,74
149,Exit long,2021-01-21 15:30,EOD Close,13398.75,2,53459,136,0.25,0,236,0.44,-195,-0.36,8207,0.82,73
149,Entry long,2021-01-21 09:10,ORB Long A (2c),13364.75,2,53459,136,0.25,0,236,0.44,-195,-0.36,8207,0.82,73
150,Exit long,2021-01-26 15:30,EOD Close,13565,2,54056,204,0.38,0,343,0.63,-235,-0.43,8411,0.84,66
150,Entry long,2021-01-26 09:45,ORB Long B (2c),13514,2,54056,204,0.38,0,343,0.63,-235,-0.43,8411,0.84,66
151,Exit long,2021-01-28 13:20,L-TP2,13334,2,53066,270,0.51,0,510,0.96,-250,-0.47,8681,0.87,49
151,Entry long,2021-01-28 09:15,ORB Long B (2c),13266.5,2,53066,270,0.51,0,510,0.96,-250,-0.47,8681,0.87,49
152,Exit long,2021-01-29 09:40,L-TP2,13072.25,2,52589,-300,-0.57,0,39,0.07,-300,-0.57,8381,0.84,4
152,Entry long,2021-01-29 09:20,ORB Long B (2c),13147.25,2,52589,-300,-0.57,0,39,0.07,-300,-0.57,8381,0.84,4
153,Exit long,2021-02-02 15:00,L-TP2,13433.5,2,53659,75,0.14,0,315,0.59,-196,-0.37,8456,0.85,75
153,Entry long,2021-02-02 08:45,ORB Long B+ (2c),13414.75,2,53659,75,0.14,0,315,0.59,-196,-0.37,8456,0.85,75
154,Exit short,2021-02-03 10:35,S-TP2,13451,2,53836,32,0.06,0,272,0.51,-71,-0.13,8488,0.85,17
154,Entry short,2021-02-03 09:10,ORB Short B (2c),13459,2,53836,32,0.06,0,272,0.51,-71,-0.13,8488,0.85,17
155,Exit short,2021-02-03 15:30,EOD Close,13406.25,1,26919.5,107,0.40,0,145.5,0.54,-73.5,-0.27,8595,0.86,45
155,Entry short,2021-02-03 11:30,ORB Short C+ (1c),13459.75,1,26919.5,107,0.40,0,145.5,0.54,-73.5,-0.27,8595,0.86,45
156,Exit long,2021-02-04 15:30,EOD Close,13559.25,2,53947,290,0.54,0,341,0.63,-21,-0.04,8885,0.89,39
156,Entry long,2021-02-04 12:00,ORB Long B+ (2c),13486.75,2,53947,290,0.54,0,341,0.63,-21,-0.04,8885,0.89,39
157,Exit short,2021-02-05 11:15,S-TP2,13593,1,27078,-108,-0.40,0,39.5,0.15,-108,-0.40,8777,0.88,28
157,Entry short,2021-02-05 08:55,ORB Short C (1c),13539,1,27078,-108,-0.40,0,39.5,0.15,-108,-0.40,8777,0.88,28
158,Exit long,2021-02-05 14:10,L-TP2,13578.5,3,81574.5,-103.5,-0.13,0,256.5,0.31,-103.5,-0.13,8673.5,0.87,35
158,Entry long,2021-02-05 11:15,ORB Long B+ (3c),13595.75,3,81574.5,-103.5,-0.13,0,256.5,0.31,-103.5,-0.13,8673.5,0.87,35
159,Exit short,2021-02-10 09:20,S-TP2,13581.5,2,54812,486,0.89,0,486,0.89,-8,-0.01,9159.5,0.92,2
159,Entry short,2021-02-10 09:10,ORB Short B (2c),13703,2,54812,486,0.89,0,486,0.89,-8,-0.01,9159.5,0.92,2
160,Exit long,2021-02-12 15:30,EOD Close,13809.25,2,54828,409,0.75,0,436,0.80,-171,-0.31,9568.5,0.96,73
160,Entry long,2021-02-12 09:10,ORB Long B (2c),13707,2,54828,409,0.75,0,436,0.80,-171,-0.31,9568.5,0.96,73
161,Exit long,2021-02-16 10:05,L-TP2,13811.5,2,55455,-209,-0.38,0,47,0.08,-209,-0.38,9359.5,0.94,8
161,Entry long,2021-02-16 09:25,ORB Long B (2c),13863.75,2,55455,-209,-0.38,0,47,0.08,-209,-0.38,9359.5,0.94,8
162,Exit long,2021-02-18 15:30,EOD Close,13641,2,54301,263,0.48,0,378,0.70,-7,-0.01,9622.5,0.96,36
162,Entry long,2021-02-18 12:15,ORB Long A (2c),13575.25,2,54301,263,0.48,0,378,0.70,-7,-0.01,9622.5,0.96,36
163,Exit short,2021-02-24 09:20,S-TP2,13051.5,2,51906,-300,-0.58,0,74,0.14,-300,-0.58,9322.5,0.93,4
163,Entry short,2021-02-24 09:00,ORB Short B+ (2c),12976.5,2,51906,-300,-0.58,0,74,0.14,-300,-0.58,9322.5,0.93,4
164,Exit short,2021-02-25 09:55,S-TP2,13116.25,2,52685,220,0.42,0,460,0.87,-144,-0.27,9542.5,0.95,11
164,Entry short,2021-02-25 09:00,ORB Short A+ (2c),13171.25,2,52685,220,0.42,0,460,0.87,-144,-0.27,9542.5,0.95,11
165,Exit short,2021-03-02 11:05,S-TP2,13158.75,2,52765,130,0.25,0,370,0.70,-229,-0.43,9672.5,0.97,28
165,Entry short,2021-03-02 08:45,ORB Short A+ (2c),13191.25,2,52765,130,0.25,0,370,0.70,-229,-0.43,9672.5,0.97,28
166,Exit short,2021-03-03 12:15,S-TP2,12858.75,2,51619,184,0.36,0,424,0.82,-262,-0.51,9856.5,0.99,40
166,Entry short,2021-03-03 08:55,ORB Short B+ (2c),12904.75,2,51619,184,0.36,0,424,0.82,-262,-0.51,9856.5,0.99,40
167,Exit short,2021-03-04 09:20,S-TP2,12571.5,2,50459,173,0.34,0,423,0.84,-109,-0.22,10029.5,1.00,7
167,Entry short,2021-03-04 08:45,ORB Short A (2c),12614.75,2,50459,173,0.34,0,423,0.84,-109,-0.22,10029.5,1.00,7
168,Exit short,2021-03-04 12:00,S-TP2,12504,2,50489,473,0.94,0,713,1.41,-16,-0.03,10502.5,1.05,8
168,Entry short,2021-03-04 11:20,ORB Short A (2c),12622.25,2,50489,473,0.94,0,713,1.41,-16,-0.03,10502.5,1.05,8
169,Exit short,2021-03-05 08:55,S-TP2,12423.5,1,24881,34,0.14,0,163.5,0.66,-55.5,-0.22,10536.5,1.05,2
169,Entry short,2021-03-05 08:45,ORB Short A (1c),12440.5,1,24881,34,0.14,0,163.5,0.66,-55.5,-0.22,10536.5,1.05,2
170,Exit short,2021-03-08 13:15,S-TP2,12473.75,1,25016.5,69,0.28,0,189,0.76,-160,-0.64,10605.5,1.06,28
170,Entry short,2021-03-08 10:55,ORB Short B+ (1c),12508.25,1,25016.5,69,0.28,0,189,0.76,-160,-0.64,10605.5,1.06,28
171,Exit short,2021-03-11 09:45,S-TP2,13006.75,1,25846.5,-167,-0.65,0,19.5,0.08,-167,-0.65,10438.5,1.04,6
171,Entry short,2021-03-11 09:15,ORB Short B (1c),12923.25,1,25846.5,-167,-0.65,0,19.5,0.08,-167,-0.65,10438.5,1.04,6
172,Exit short,2021-03-12 10:50,S-TP2,12874,1,25574,-174,-0.68,0,38.5,0.15,-174,-0.68,10264.5,1.03,12
172,Entry short,2021-03-12 09:50,ORB Short B (1c),12787,1,25574,-174,-0.68,0,38.5,0.15,-174,-0.68,10264.5,1.03,12
173,Exit long,2021-03-16 11:10,L-TP2,13227.25,2,52834,75,0.14,0,315,0.60,-73,-0.14,10339.5,1.03,29
173,Entry long,2021-03-16 08:45,ORB Long B (2c),13208.5,2,52834,75,0.14,0,315,0.60,-73,-0.14,10339.5,1.03,29
174,Exit long,2021-03-16 13:25,L-TP2,13132.25,2,52802,-273,-0.52,0,167,0.32,-273,-0.52,10066.5,1.01,23
174,Entry long,2021-03-16 11:30,ORB Long B (2c),13200.5,2,52802,-273,-0.52,0,167,0.32,-273,-0.52,10066.5,1.01,23
175,Exit short,2021-03-19 09:35,S-TP2,12801.25,1,25419.5,-183,-0.72,0,56,0.22,-183,-0.72,9883.5,0.99,7
175,Entry short,2021-03-19 09:00,ORB Short A (1c),12709.75,1,25419.5,-183,-0.72,0,56,0.22,-183,-0.72,9883.5,0.99,7
176,Exit short,2021-03-25 11:25,S-TP2,12757.75,2,50702,-329,-0.65,0,263,0.52,-329,-0.65,9554.5,0.96,20
176,Entry short,2021-03-25 09:45,ORB Short B (2c),12675.5,2,50702,-329,-0.65,0,263,0.52,-329,-0.65,9554.5,0.96,20
177,Exit short,2021-03-29 09:35,S-TP2,12876.25,2,51577,72,0.14,0,312,0.60,-1,0.00,9626.5,0.96,9
177,Entry short,2021-03-29 08:50,ORB Short B+ (2c),12894.25,2,51577,72,0.14,0,312,0.60,-1,0.00,9626.5,0.96,9
178,Exit short,2021-03-30 09:40,S-TP2,12870,2,51180,-300,-0.59,0,73,0.14,-300,-0.59,9326.5,0.93,5
178,Entry short,2021-03-30 09:15,ORB Short A+ (2c),12795,2,51180,-300,-0.59,0,73,0.14,-300,-0.59,9326.5,0.93,5
179,Exit long,2021-04-01 15:30,EOD Close,13328.75,2,53224,91,0.17,0,93,0.17,-184,-0.35,9417.5,0.94,74
179,Entry long,2021-04-01 09:05,ORB Long A (2c),13306,2,53224,91,0.17,0,93,0.17,-184,-0.35,9417.5,0.94,74
180,Exit long,2021-04-06 12:05,L-TP2,13594.25,2,54360,17,0.03,0,257,0.47,-104,-0.19,9434.5,0.94,39
180,Entry long,2021-04-06 08:50,ORB Long A (2c),13590,2,54360,17,0.03,0,257,0.47,-104,-0.19,9434.5,0.94,39
181,Exit long,2021-04-07 14:25,L-TP2,13581.25,2,54281,44,0.08,0,284,0.52,-42,-0.08,9478.5,0.95,68
181,Entry long,2021-04-07 08:45,ORB Long A+ (2c),13570.25,2,54281,44,0.08,0,284,0.52,-42,-0.08,9478.5,0.95,68
182,Exit long,2021-04-13 15:30,EOD Close,13981,2,55773,151,0.27,0,202,0.36,-237,-0.42,9629.5,0.96,77
182,Entry long,2021-04-13 08:50,ORB Long B+ (2c),13943.25,2,55773,151,0.27,0,202,0.36,-237,-0.42,9629.5,0.96,77
183,Exit long,2021-04-15 15:30,EOD Close,14007,2,55955,73,0.13,0,182,0.33,-182,-0.33,9702.5,0.97,70
183,Entry long,2021-04-15 09:25,ORB Long A (2c),13988.75,2,55955,73,0.13,0,182,0.33,-182,-0.33,9702.5,0.97,70
184,Exit short,2021-04-19 15:30,EOD Close,13892,2,55696,128,0.23,0,412,0.74,-99,-0.18,9830.5,0.98,74
184,Entry short,2021-04-19 09:05,ORB Short B (2c),13924,2,55696,128,0.23,0,412,0.74,-99,-0.18,9830.5,0.98,74
185,Exit long,2021-04-20 09:40,L-TP2,13852,2,55637,-229,-0.41,0,82,0.15,-229,-0.41,9601.5,0.96,11
185,Entry long,2021-04-20 08:45,ORB Long A+ (2c),13909.25,2,55637,-229,-0.41,0,82,0.15,-229,-0.41,9601.5,0.96,11
186,Exit long,2021-04-21 14:50,L-TP2,13917.5,2,55104,566,1.03,0,566,1.03,-66,-0.12,10167.5,1.02,73
186,Entry long,2021-04-21 08:45,ORB Long A+ (2c),13776,2,55104,566,1.03,0,566,1.03,-66,-0.12,10167.5,1.02,73
187,Exit long,2021-04-23 10:45,L-TP2,13927.75,2,55316,395,0.71,0,395,0.71,-36,-0.07,10562.5,1.06,23
187,Entry long,2021-04-23 08:50,ORB Long A (2c),13829,2,55316,395,0.71,0,395,0.71,-36,-0.07,10562.5,1.06,23
188,Exit short,2021-04-27 11:00,S-TP2,13972.75,2,55876,-15,-0.03,0,225,0.40,-15,-0.03,10547.5,1.05,27
188,Entry short,2021-04-27 08:45,ORB Short B (2c),13969,2,55876,-15,-0.03,0,225,0.40,-15,-0.03,10547.5,1.05,27
189,Exit long,2021-04-28 11:00,L-TP2,13885.5,2,55777,-235,-0.42,0,146,0.26,-235,-0.42,10312.5,1.03,27
189,Entry long,2021-04-28 08:45,ORB Long B+ (2c),13944.25,2,55777,-235,-0.42,0,146,0.26,-235,-0.42,10312.5,1.03,27
190,Exit short,2021-04-29 10:10,S-TP2,13943.25,2,55914,141,0.25,0,381,0.68,-17,-0.03,10453.5,1.05,16
190,Entry short,2021-04-29 08:50,ORB Short B (2c),13978.5,2,55914,141,0.25,0,381,0.68,-17,-0.03,10453.5,1.05,16
191,Exit long,2021-04-30 12:50,L-TP2,13840.25,2,55626,-265,-0.48,0,202,0.36,-265,-0.48,10188.5,1.02,47
191,Entry long,2021-04-30 08:55,ORB Long A+ (2c),13906.5,2,55626,-265,-0.48,0,202,0.36,-265,-0.48,10188.5,1.02,47
192,Exit long,2021-05-03 09:50,L-TP2,13854.75,2,55717,-298,-0.53,0,73,0.13,-298,-0.53,9890.5,0.99,8
192,Entry long,2021-05-03 09:10,ORB Long B (2c),13929.25,2,55717,-298,-0.53,0,73,0.13,-298,-0.53,9890.5,0.99,8
193,Exit short,2021-05-05 09:30,S-TP2,13589,2,54383,27,0.05,0,267,0.49,-38,-0.07,9917.5,0.99,7
193,Entry short,2021-05-05 08:55,ORB Short A+ (2c),13595.75,2,54383,27,0.05,0,267,0.49,-38,-0.07,9917.5,0.99,7
194,Exit short,2021-05-05 15:30,EOD Close,13490.25,2,54378,417,0.77,0,528,0.97,-13,-0.02,10334.5,1.03,45
194,Entry short,2021-05-05 11:30,ORB Short A (2c),13594.5,2,54378,417,0.77,0,528,0.97,-13,-0.02,10334.5,1.03,45
195,Exit short,2021-05-06 10:25,S-TP2,13490,2,53660,-300,-0.56,0,104,0.19,-300,-0.56,10034.5,1.00,16
195,Entry short,2021-05-06 09:05,ORB Short B+ (2c),13415,2,53660,-300,-0.56,0,104,0.19,-300,-0.56,10034.5,1.00,16
196,Exit short,2021-05-10 15:30,EOD Close,13346.75,2,54091,704,1.30,0,767,1.42,-127,-0.23,10738.5,1.07,77
196,Entry short,2021-05-10 08:50,ORB Short B+ (2c),13522.75,2,54091,704,1.30,0,767,1.42,-127,-0.23,10738.5,1.07,77
197,Exit short,2021-05-12 11:25,S-TP2,13039.75,2,52424,265,0.51,0,505,0.96,-64,-0.12,11003.5,1.10,24
197,Entry short,2021-05-12 09:25,ORB Short A (2c),13106,2,52424,265,0.51,0,505,0.96,-64,-0.12,11003.5,1.10,24
198,Exit short,2021-05-13 11:30,S-TP2,13139.25,2,52257,-300,-0.57,0,25,0.05,-300,-0.57,10703.5,1.07,10
198,Entry short,2021-05-13 10:40,ORB Short B (2c),13064.25,2,52257,-300,-0.57,0,25,0.05,-300,-0.57,10703.5,1.07,10
199,Exit short,2021-05-17 13:30,S-TP2,13242.5,2,53020,50,0.09,0,290,0.55,-293,-0.55,10753.5,1.08,54
199,Entry short,2021-05-17 09:00,ORB Short A+ (2c),13255,2,53020,50,0.09,0,290,0.55,-293,-0.55,10753.5,1.08,54
200,Exit long,2021-05-24 15:30,EOD Close,13650.75,2,54357,246,0.45,0,388,0.71,-20,-0.04,10999.5,1.10,75
200,Entry long,2021-05-24 09:00,ORB Long A (2c),13589.25,2,54357,246,0.45,0,388,0.71,-20,-0.04,10999.5,1.10,75
201,Exit short,2021-06-08 11:15,S-TP2,13802,2,55409,201,0.36,0,441,0.80,-10,-0.02,11200.5,1.12,29
201,Entry short,2021-06-08 08:50,ORB Short B (2c),13852.25,2,55409,201,0.36,0,441,0.80,-10,-0.02,11200.5,1.12,29
202,Exit long,2021-06-10 09:45,L-TP2,13867.25,2,55769,-300,-0.54,0,91,0.16,-300,-0.54,10900.5,1.09,12
202,Entry long,2021-06-10 08:45,ORB Long A (2c),13942.25,2,55769,-300,-0.54,0,91,0.16,-300,-0.54,10900.5,1.09,12
203,Exit long,2021-06-10 15:30,EOD Close,13966,2,55694,170,0.31,0,198,0.36,-40,-0.07,11070.5,1.11,51
203,Entry long,2021-06-10 11:00,ORB Long B+ (2c),13923.5,2,55694,170,0.31,0,198,0.36,-40,-0.07,11070.5,1.11,51
204,Exit long,2021-06-14 15:30,EOD Close,14120,2,56156,324,0.58,0,378,0.67,-202,-0.36,11394.5,1.14,78
204,Entry long,2021-06-14 08:45,ORB Long A (2c),14039,2,56156,324,0.58,0,378,0.67,-202,-0.36,11394.5,1.14,78
205,Exit short,2021-06-15 15:30,EOD Close,14034.25,1,28119.5,51,0.18,0,118.5,0.42,-30.5,-0.11,11445.5,1.14,70
205,Entry short,2021-06-15 09:25,ORB Short C+ (1c),14059.75,1,28119.5,51,0.18,0,118.5,0.42,-30.5,-0.11,11445.5,1.14,70
206,Exit long,2021-06-17 10:30,L-TP2,14183.75,2,56082,653,1.16,0,653,1.16,-40,-0.07,12098.5,1.21,20
206,Entry long,2021-06-17 08:50,ORB Long A (2c),14020.5,2,56082,653,1.16,0,653,1.16,-40,-0.07,12098.5,1.21,20
207,Exit long,2021-06-21 15:30,EOD Close,14134.5,2,56326,212,0.38,0,250,0.44,-8,-0.01,12310.5,1.23,68
207,Entry long,2021-06-21 09:35,ORB Long B (2c),14081.5,2,56326,212,0.38,0,250,0.44,-8,-0.01,12310.5,1.23,68
208,Exit long,2021-06-22 15:30,EOD Close,14278.25,2,56749,364,0.64,0,368,0.65,-1,0.00,12674.5,1.27,62
208,Entry long,2021-06-22 10:05,ORB Long B+ (2c),14187.25,2,56749,364,0.64,0,368,0.65,-1,0.00,12674.5,1.27,62
209,Exit long,2021-06-23 10:00,L-TP2,14253.75,2,57222,-207,-0.36,0,45,0.08,-207,-0.36,12467.5,1.25,13
209,Entry long,2021-06-23 08:55,ORB Long B+ (2c),14305.5,2,57222,-207,-0.36,0,45,0.08,-207,-0.36,12467.5,1.25,13
210,Exit long,2021-06-28 15:25,EOD Close,14506,2,57868,156,0.27,0,210,0.36,-48,-0.08,12623.5,1.26,76
210,Entry long,2021-06-28 09:05,ORB Long B (2c),14467,2,57868,156,0.27,0,210,0.36,-48,-0.08,12623.5,1.26,76
211,Exit long,2021-06-29 15:25,EOD Close,14583,2,58102,230,0.40,0,236,0.41,-132,-0.23,12853.5,1.29,68
211,Entry long,2021-06-29 09:45,ORB Long B (2c),14525.5,2,58102,230,0.40,0,236,0.41,-132,-0.23,12853.5,1.29,68
212,Exit short,2021-07-01 15:25,EOD Close,14536.75,1,29019.5,-54,-0.19,0,78,0.27,-87,-0.30,12799.5,1.28,64
212,Entry short,2021-07-01 10:05,ORB Short C (1c),14509.75,1,29019.5,-54,-0.19,0,78,0.27,-87,-0.30,12799.5,1.28,64
213,Exit long,2021-07-08 10:00,L-TP2,14569.25,2,58577,-300,-0.51,0,53,0.09,-300,-0.51,12499.5,1.25,7
213,Entry long,2021-07-08 09:25,ORB Long B (2c),14644.25,2,58577,-300,-0.51,0,53,0.09,-300,-0.51,12499.5,1.25,7
214,Exit long,2021-07-08 13:20,L-TP2,14696.5,1,29290,103,0.35,0,223,0.76,-59.5,-0.20,12602.5,1.26,35
214,Entry long,2021-07-08 10:25,ORB Long C+ (1c),14645,1,29290,103,0.35,0,223,0.76,-59.5,-0.20,12602.5,1.26,35
215,Exit long,2021-07-09 15:25,EOD Close,14811.75,2,58912,335,0.57,0,416,0.71,-98,-0.17,12937.5,1.29,73
215,Entry long,2021-07-09 09:20,ORB Long B (2c),14728,2,58912,335,0.57,0,416,0.71,-98,-0.17,12937.5,1.29,73
216,Exit short,2021-07-12 15:25,EOD Close,14879.5,2,59294,-224,-0.38,0,85,0.14,-238,-0.40,12713.5,1.27,79
216,Entry short,2021-07-12 08:50,ORB Short B (2c),14823.5,2,59294,-224,-0.38,0,85,0.14,-238,-0.40,12713.5,1.27,79
217,Exit long,2021-07-14 10:25,L-TP2,14936.25,2,59970,-225,-0.38,0,9,0.02,-225,-0.38,12488.5,1.25,17
217,Entry long,2021-07-14 09:00,ORB Long A+ (2c),14992.5,2,59970,-225,-0.38,0,9,0.02,-225,-0.38,12488.5,1.25,17
218,Exit short,2021-07-14 15:25,EOD Close,14902.75,2,59675,64,0.11,0,227,0.38,-113,-0.19,12552.5,1.26,60
218,Entry short,2021-07-14 10:25,ORB Short B (2c),14918.75,2,59675,64,0.11,0,227,0.38,-113,-0.19,12552.5,1.26,60
219,Exit long,2021-07-20 14:55,L-TP2,14722.25,2,58433,456,0.78,0,696,1.19,-108,-0.18,13008.5,1.30,67
219,Entry long,2021-07-20 09:20,ORB Long B (2c),14608.25,2,58433,456,0.78,0,696,1.19,-108,-0.18,13008.5,1.30,67
220,Exit long,2021-07-21 15:25,EOD Close,14827.5,2,59023,287,0.49,0,320,0.54,-119,-0.20,13295.5,1.33,78
220,Entry long,2021-07-21 08:55,ORB Long A (2c),14755.75,2,59023,287,0.49,0,320,0.54,-119,-0.20,13295.5,1.33,78
221,Exit long,2021-07-22 15:25,EOD Close,14958.5,2,59619,215,0.36,0,223,0.37,-217,-0.36,13510.5,1.35,72
221,Entry long,2021-07-22 09:25,ORB Long B (2c),14904.75,2,59619,215,0.36,0,223,0.37,-217,-0.36,13510.5,1.35,72
222,Exit long,2021-07-23 15:25,EOD Close,15097.5,2,59989,401,0.67,0,481,0.80,-54,-0.09,13911.5,1.39,74
222,Entry long,2021-07-23 09:15,ORB Long A (2c),14997.25,2,59989,401,0.67,0,481,0.80,-54,-0.09,13911.5,1.39,74
223,Exit long,2021-07-26 15:25,EOD Close,15119.25,2,60377,100,0.17,0,160,0.27,-48,-0.08,14011.5,1.40,79
223,Entry long,2021-07-26 08:50,ORB Long A (2c),15094.25,2,60377,100,0.17,0,160,0.27,-48,-0.08,14011.5,1.40,79
224,Exit short,2021-07-27 09:35,S-TP2,14916.25,2,60174,509,0.85,0,509,0.85,-62,-0.10,14520.5,1.45,8
224,Entry short,2021-07-27 08:55,ORB Short B (2c),15043.5,2,60174,509,0.85,0,509,0.85,-62,-0.10,14520.5,1.45,8
225,Exit long,2021-07-28 12:10,L-TP2,14979.25,1,30108.5,-150,-0.50,0,41,0.14,-150,-0.50,14370.5,1.44,35
225,Entry long,2021-07-28 09:15,ORB Long C (1c),15054.25,1,30108.5,-150,-0.50,0,41,0.14,-150,-0.50,14370.5,1.44,35
226,Exit long,2021-07-29 15:00,L-TP2,14999,2,60296,-300,-0.50,0,40,0.07,-300,-0.50,14070.5,1.41,62
226,Entry long,2021-07-29 09:50,ORB Long B (2c),15074,2,60296,-300,-0.50,0,40,0.07,-300,-0.50,14070.5,1.41,62
227,Exit long,2021-07-30 15:25,EOD Close,14968,2,59709,163,0.27,0,210,0.35,-68,-0.11,14233.5,1.42,80
227,Entry long,2021-07-30 08:45,ORB Long A (2c),14927.25,2,59709,163,0.27,0,210,0.35,-68,-0.11,14233.5,1.42,80
228,Exit long,2021-08-02 11:05,L-TP2,14970.25,2,60181,-300,-0.50,0,24,0.04,-300,-0.50,13933.5,1.39,9
228,Entry long,2021-08-02 10:20,ORB Long B+ (2c),15045.25,2,60181,-300,-0.50,0,24,0.04,-300,-0.50,13933.5,1.39,9
229,Exit long,2021-08-03 15:25,EOD Close,15044.5,1,30021.5,67.5,0.22,0,78.5,0.26,-62,-0.21,14001,1.40,54
229,Entry long,2021-08-03 10:55,ORB Long C+ (1c),15010.75,1,30021.5,67.5,0.22,0,78.5,0.26,-62,-0.21,14001,1.40,54
230,Exit long,2021-08-12 15:25,EOD Close,15073.75,2,60032,263,0.44,0,330,0.55,-16,-0.03,14264,1.43,74
230,Entry long,2021-08-12 09:15,ORB Long B+ (2c),15008,2,60032,263,0.44,0,330,0.55,-16,-0.03,14264,1.43,74
231,Exit long,2021-08-17 10:30,L-TP2,14975.25,2,60201,-300,-0.50,0,30,0.05,-300,-0.50,13964,1.40,10
231,Entry long,2021-08-17 09:40,ORB Long B (2c),15050.25,2,60201,-300,-0.50,0,30,0.05,-300,-0.50,13964,1.40,10
232,Exit long,2021-08-18 10:35,L-TP2,14964.25,2,60078,-221,-0.37,0,70,0.12,-221,-0.37,13743,1.37,21
232,Entry long,2021-08-18 08:50,ORB Long A+ (2c),15019.5,2,60078,-221,-0.37,0,70,0.12,-221,-0.37,13743,1.37,21
233,Exit long,2021-08-23 13:50,L-TP2,15333.75,2,60789,546,0.90,0,546,0.90,-28,-0.05,14289,1.43,61
233,Entry long,2021-08-23 08:45,ORB Long A (2c),15197.25,2,60789,546,0.90,0,546,0.90,-28,-0.05,14289,1.43,61
234,Exit long,2021-08-27 15:25,EOD Close,15425.5,2,61445,257,0.42,0,330,0.54,-80,-0.13,14546,1.45,77
234,Entry long,2021-08-27 09:00,ORB Long A+ (2c),15361.25,2,61445,257,0.42,0,330,0.54,-80,-0.13,14546,1.45,77
235,Exit long,2021-08-30 15:25,EOD Close,15606.5,2,62077,349,0.56,0,394,0.63,-17,-0.03,14895,1.49,79
235,Entry long,2021-08-30 08:50,ORB Long A (2c),15519.25,2,62077,349,0.56,0,394,0.63,-17,-0.03,14895,1.49,79
236,Exit long,2021-09-01 14:40,L-TP2,15622,2,62780,-292,-0.47,0,12,0.02,-292,-0.47,14603,1.46,71
236,Entry long,2021-09-01 08:45,ORB Long A+ (2c),15695,2,62780,-292,-0.47,0,12,0.02,-292,-0.47,14603,1.46,71
237,Exit long,2021-09-03 15:25,EOD Close,15654.5,2,62560,58,0.09,0,122,0.20,-142,-0.23,14661,1.47,78
237,Entry long,2021-09-03 08:55,ORB Long A (2c),15640,2,62560,58,0.09,0,122,0.20,-142,-0.23,14661,1.47,78
238,Exit short,2021-09-17 11:20,S-TP2,15349.5,2,61584,186,0.30,0,426,0.69,-43,-0.07,14847,1.48,30
238,Entry short,2021-09-17 08:50,ORB Short B (2c),15396,2,61584,186,0.30,0,426,0.69,-43,-0.07,14847,1.48,30
239,Exit short,2021-09-20 12:35,S-TP2,14944.25,2,60084,307,0.51,0,547,0.91,-126,-0.21,15154,1.52,39
239,Entry short,2021-09-20 09:20,ORB Short B (2c),15021,2,60084,307,0.51,0,547,0.91,-126,-0.21,15154,1.52,39
240,Exit short,2021-09-21 10:30,S-TP2,15090,2,60060,-300,-0.50,0,162,0.27,-300,-0.50,14854,1.49,17
240,Entry short,2021-09-21 09:05,ORB Short A (2c),15015,2,60060,-300,-0.50,0,162,0.27,-300,-0.50,14854,1.49,17
241,Exit short,2021-09-21 14:15,S-TP2,15096.5,2,60086,-300,-0.50,0,81,0.13,-300,-0.50,14554,1.46,22
241,Entry short,2021-09-21 12:25,ORB Short B+ (2c),15021.5,2,60086,-300,-0.50,0,81,0.13,-300,-0.50,14554,1.46,22
242,Exit short,2021-09-28 11:10,S-TP2,14821.75,2,59652,365,0.61,0,605,1.01,-193,-0.32,14919,1.49,29
242,Entry short,2021-09-28 08:45,ORB Short A (2c),14913,2,59652,365,0.61,0,605,1.01,-193,-0.32,14919,1.49,29
243,Exit short,2021-09-29 13:10,S-TP2,14837.75,2,59051,-300,-0.51,0,207,0.35,-300,-0.51,14619,1.46,31
243,Entry short,2021-09-29 10:35,ORB Short B+ (2c),14762.75,2,59051,-300,-0.51,0,207,0.35,-300,-0.51,14619,1.46,31
244,Exit short,2021-09-30 11:10,S-TP2,14692.5,2,59205,435,0.73,0,435,0.73,-157,-0.27,15054,1.51,16
244,Entry short,2021-09-30 09:50,ORB Short B (2c),14801.25,2,59205,435,0.73,0,435,0.73,-157,-0.27,15054,1.51,16
245,Exit short,2021-10-01 09:55,S-TP2,14597,2,58503,115,0.20,0,355,0.61,-75,-0.13,15169,1.52,13
245,Entry short,2021-10-01 08:50,ORB Short A (2c),14625.75,2,58503,115,0.20,0,355,0.61,-75,-0.13,15169,1.52,13
246,Exit short,2021-10-04 09:50,S-TP2,14416.25,2,58312,647,1.11,0,647,1.11,-130,-0.22,15816,1.58,13
246,Entry short,2021-10-04 08:45,ORB Short A (2c),14578,2,58312,647,1.11,0,647,1.11,-130,-0.22,15816,1.58,13
247,Exit short,2021-10-06 09:10,S-TP2,14571.25,2,57985,-300,-0.52,0,38,0.07,-300,-0.52,15516,1.55,2
247,Entry short,2021-10-06 09:00,ORB Short A (2c),14496.25,2,57985,-300,-0.52,0,38,0.07,-300,-0.52,15516,1.55,2
248,Exit short,2021-10-08 15:25,EOD Close,14795.75,2,59308,125,0.21,0,144,0.24,-196,-0.33,15641,1.56,69
248,Entry short,2021-10-08 09:40,ORB Short A (2c),14827,2,59308,125,0.21,0,144,0.24,-196,-0.33,15641,1.56,69
249,Exit long,2021-10-11 12:25,L-TP2,14772.75,2,59391,-300,-0.51,0,196,0.33,-300,-0.51,15341,1.53,44
249,Entry long,2021-10-11 08:45,ORB Long B (2c),14847.75,2,59391,-300,-0.51,0,196,0.33,-300,-0.51,15341,1.53,44
250,Exit short,2021-10-12 15:25,EOD Close,14590.75,2,58740,377,0.64,0,398,0.68,-191,-0.33,15718,1.57,80
250,Entry short,2021-10-12 08:45,ORB Short A (2c),14685,2,58740,377,0.64,0,398,0.68,-191,-0.33,15718,1.57,80
251,Exit short,2021-10-13 12:30,S-TP2,14753.5,2,58714,-300,-0.51,0,69,0.12,-300,-0.51,15418,1.54,40
251,Entry short,2021-10-13 09:10,ORB Short B (2c),14678.5,2,58714,-300,-0.51,0,69,0.12,-300,-0.51,15418,1.54,40
252,Exit long,2021-10-14 15:25,EOD Close,15063.5,2,59892,362,0.60,0,394,0.66,-30,-0.05,15780,1.58,77
252,Entry long,2021-10-14 09:00,ORB Long B (2c),14973,2,59892,362,0.60,0,394,0.66,-30,-0.05,15780,1.58,77
253,Exit long,2021-10-18 14:20,L-TP2,15283.75,2,60539,596,0.98,0,596,0.98,-53,-0.09,16376,1.64,67
253,Entry long,2021-10-18 08:45,ORB Long A+ (2c),15134.75,2,60539,596,0.98,0,596,0.98,-53,-0.09,16376,1.64,67
254,Exit long,2021-10-19 15:25,EOD Close,15423,2,61421,271,0.44,0,293,0.48,-175,-0.28,16647,1.66,79
254,Entry long,2021-10-19 08:50,ORB Long A (2c),15355.25,2,61421,271,0.44,0,293,0.48,-175,-0.28,16647,1.66,79
255,Exit short,2021-10-22 09:25,S-TP2,15458.25,2,61612,-221,-0.36,0,70,0.11,-221,-0.36,16426,1.64,8
255,Entry short,2021-10-22 08:45,ORB Short B (2c),15403,2,61612,-221,-0.36,0,70,0.11,-221,-0.36,16426,1.64,8
256,Exit long,2021-10-22 09:50,L-TP2,15404.5,2,61852,-234,-0.38,0,3,0.00,-234,-0.38,16192,1.62,5
256,Entry long,2021-10-22 09:25,ORB Long A (2c),15463,2,61852,-234,-0.38,0,3,0.00,-234,-0.38,16192,1.62,5
257,Exit short,2021-10-22 11:35,S-TP2,15333.75,1,30795,127.5,0.41,0,247.5,0.80,-34.5,-0.11,16319.5,1.63,21
257,Entry short,2021-10-22 09:50,ORB Short C (1c),15397.5,1,30795,127.5,0.41,0,247.5,0.80,-34.5,-0.11,16319.5,1.63,21
258,Exit long,2021-10-25 14:55,L-TP2,15482.75,1,30872.5,93,0.30,0,213,0.69,-4.5,-0.01,16412.5,1.64,48
258,Entry long,2021-10-25 10:55,ORB Long C+ (1c),15436.25,1,30872.5,93,0.30,0,213,0.69,-4.5,-0.01,16412.5,1.64,48
259,Exit long,2021-10-26 10:35,L-TP2,15599.5,2,62698,-300,-0.48,0,106,0.17,-300,-0.48,16112.5,1.61,17
259,Entry long,2021-10-26 09:10,ORB Long B (2c),15674.5,2,62698,-300,-0.48,0,106,0.17,-300,-0.48,16112.5,1.61,17
260,Exit long,2021-10-27 14:10,L-TP2,15657.25,2,62518,111,0.18,0,351,0.56,-270,-0.43,16223.5,1.62,65
260,Entry long,2021-10-27 08:45,ORB Long A+ (2c),15629.5,2,62518,111,0.18,0,351,0.56,-270,-0.43,16223.5,1.62,65
261,Exit long,2021-10-28 11:55,L-TP2,15693.75,1,31383,4.5,0.01,0,124.5,0.40,-71,-0.23,16228,1.62,34
261,Entry long,2021-10-28 09:05,ORB Long C+ (1c),15691.5,1,31383,4.5,0.01,0,124.5,0.40,-71,-0.23,16228,1.62,34
262,Exit long,2021-10-29 14:50,L-TP2,15833.75,2,62735,600,0.96,0,600,0.96,-66,-0.11,16828,1.68,72
262,Entry long,2021-10-29 08:50,ORB Long A (2c),15683.75,2,62735,600,0.96,0,600,0.96,-66,-0.11,16828,1.68,72
263,Exit short,2021-11-01 12:00,S-TP2,15868.5,2,63217,-257,-0.41,0,142,0.22,-257,-0.41,16571,1.66,39
263,Entry short,2021-11-01 08:45,ORB Short B (2c),15804.25,2,63217,-257,-0.41,0,142,0.22,-257,-0.41,16571,1.66,39
264,Exit long,2021-11-02 15:25,EOD Close,15959.75,2,63837,2,0.00,0,84,0.13,-260,-0.41,16573,1.66,80
264,Entry long,2021-11-02 08:45,ORB Long A (2c),15959.25,2,63837,2,0.00,0,84,0.13,-260,-0.41,16573,1.66,80
265,Exit long,2021-11-04 10:20,L-TP2,16271.5,2,64902,184,0.28,0,424,0.65,-22,-0.03,16757,1.68,19
265,Entry long,2021-11-04 08:45,ORB Long A (2c),16225.5,2,64902,184,0.28,0,424,0.65,-22,-0.03,16757,1.68,19
266,Exit short,2021-11-05 12:55,S-TP2,16352.25,1,32769,64.5,0.20,0,184.5,0.56,-24.5,-0.07,16821.5,1.68,14
266,Entry short,2021-11-05 11:45,ORB Short C (1c),16384.5,1,32769,64.5,0.20,0,184.5,0.56,-24.5,-0.07,16821.5,1.68,14
267,Exit short,2021-11-08 15:25,EOD Close,16321.25,2,65300,15,0.02,0,92,0.14,-231,-0.35,16836.5,1.68,77
267,Entry short,2021-11-08 09:00,ORB Short B (2c),16325,2,65300,15,0.02,0,92,0.14,-231,-0.35,16836.5,1.68,77
268,Exit long,2021-11-10 10:25,L-TP2,16159.5,2,64551,87,0.13,0,327,0.51,-99,-0.15,16923.5,1.69,20
268,Entry long,2021-11-10 08:45,ORB Long A (2c),16137.75,2,64551,87,0.13,0,327,0.51,-99,-0.15,16923.5,1.69,20
269,Exit long,2021-11-12 15:25,EOD Close,16207.25,2,64347,482,0.75,0,507,0.79,-17,-0.03,17405.5,1.74,68
269,Entry long,2021-11-12 09:45,ORB Long B (2c),16086.75,2,64347,482,0.75,0,507,0.79,-17,-0.03,17405.5,1.74,68
270,Exit long,2021-11-16 15:25,EOD Close,16299,2,65021,175,0.27,0,274,0.42,-39,-0.06,17580.5,1.76,65
270,Entry long,2021-11-16 10:00,ORB Long B+ (2c),16255.25,2,65021,175,0.27,0,274,0.42,-39,-0.06,17580.5,1.76,65
271,Exit long,2021-11-18 09:10,L-TP2,16353.5,2,65649,-235,-0.36,0,27,0.04,-235,-0.36,17345.5,1.73,5
271,Entry long,2021-11-18 08:45,ORB Long A (2c),16412.25,2,65649,-235,-0.36,0,27,0.04,-235,-0.36,17345.5,1.73,5
272,Exit long,2021-11-18 15:25,EOD Close,16489.25,2,65722,235,0.36,0,292,0.44,-95,-0.14,17580.5,1.76,59
272,Entry long,2021-11-18 10:30,ORB Long B+ (2c),16430.5,2,65722,235,0.36,0,292,0.44,-95,-0.14,17580.5,1.76,59
273,Exit long,2021-11-19 15:25,EOD Close,16580.75,2,66320,3,0.00,0,194,0.29,-185,-0.28,17583.5,1.76,80
273,Entry long,2021-11-19 08:45,ORB Long A (2c),16580,2,66320,3,0.00,0,194,0.29,-185,-0.28,17583.5,1.76,80
274,Exit long,2021-11-22 10:05,L-TP2,16655,2,66920,-300,-0.45,0,150,0.22,-300,-0.45,17283.5,1.73,16
274,Entry long,2021-11-22 08:45,ORB Long A (2c),16730,2,66920,-300,-0.45,0,150,0.22,-300,-0.45,17283.5,1.73,16
275,Exit long,2021-11-23 09:05,L-TP2,16328,2,65612,-300,-0.46,0,63,0.10,-300,-0.46,16983.5,1.70,4
275,Entry long,2021-11-23 08:45,ORB Long B+ (2c),16403,2,65612,-300,-0.46,0,63,0.10,-300,-0.46,16983.5,1.70,4
276,Exit long,2021-11-24 11:20,L-TP2,16277.75,2,64900,211,0.33,0,451,0.69,-272,-0.42,17194.5,1.72,28
276,Entry long,2021-11-24 09:00,ORB Long B+ (2c),16225,2,64900,211,0.33,0,451,0.69,-272,-0.42,17194.5,1.72,28
277,Exit long,2021-11-29 14:15,L-TP2,16432.25,2,65192,537,0.82,0,537,0.82,-288,-0.44,17731.5,1.77,64
277,Entry long,2021-11-29 08:55,ORB Long A+ (2c),16298,2,65192,537,0.82,0,537,0.82,-288,-0.44,17731.5,1.77,64
278,Exit long,2021-11-30 09:45,L-TP2,16318.75,2,65558,-283,-0.43,0,268,0.41,-283,-0.43,17448.5,1.74,11
278,Entry long,2021-11-30 08:50,ORB Long A (2c),16389.5,2,65558,-283,-0.43,0,268,0.41,-283,-0.43,17448.5,1.74,11
279,Exit long,2021-12-01 09:40,L-TP2,16296.5,2,65486,-300,-0.46,0,24,0.04,-300,-0.46,17148.5,1.71,7
279,Entry long,2021-12-01 09:05,ORB Long B+ (2c),16371.5,2,65486,-300,-0.46,0,24,0.04,-300,-0.46,17148.5,1.71,7
280,Exit long,2021-12-01 10:55,L-TP2,16367.75,2,65427,44,0.07,0,284,0.43,-39,-0.06,17192.5,1.72,14
280,Entry long,2021-12-01 09:45,ORB Long B (2c),16356.75,2,65427,44,0.07,0,284,0.43,-39,-0.06,17192.5,1.72,14
281,Exit long,2021-12-01 11:50,L-TP2,16287.75,2,65451,-300,-0.46,0,51,0.08,-300,-0.46,16892.5,1.69,10
281,Entry long,2021-12-01 11:00,ORB Long B+ (2c),16362.75,2,65451,-300,-0.46,0,51,0.08,-300,-0.46,16892.5,1.69,10
282,Exit short,2021-12-03 09:00,S-TP2,15779.5,2,63668,550,0.86,0,550,0.86,-110,-0.17,17442.5,1.74,3
282,Entry short,2021-12-03 08:45,ORB Short A (2c),15917,2,63668,550,0.86,0,550,0.86,-110,-0.17,17442.5,1.74,3
283,Exit long,2021-12-08 15:25,EOD Close,16383.5,2,65342,192,0.29,0,248,0.38,-94,-0.14,17634.5,1.76,45
283,Entry long,2021-12-08 11:40,ORB Long B (2c),16335.5,2,65342,192,0.29,0,248,0.38,-94,-0.14,17634.5,1.76,45
284,Exit short,2021-12-13 10:50,S-TP2,16114,2,65041,585,0.90,0,585,0.90,-207,-0.32,18219.5,1.82,24
284,Entry short,2021-12-13 08:50,ORB Short B (2c),16260.25,2,65041,585,0.90,0,585,0.90,-207,-0.32,18219.5,1.82,24
285,Exit short,2021-12-15 11:30,S-TP2,15800.25,1,31662.5,62,0.20,0,182,0.57,-157.5,-0.50,18281.5,1.83,33
285,Entry short,2021-12-15 08:45,ORB Short A (1c),15831.25,1,31662.5,62,0.20,0,182,0.57,-157.5,-0.50,18281.5,1.83,33
286,Exit short,2021-12-20 13:15,S-TP2,15612.25,1,31036,-188.5,-0.61,0,52.5,0.17,-188.5,-0.61,18093,1.81,39
286,Entry short,2021-12-20 10:00,ORB Short B+ (1c),15518,1,31036,-188.5,-0.61,0,52.5,0.17,-188.5,-0.61,18093,1.81,39
287,Exit short,2021-12-21 10:40,S-TP2,15778.75,1,31370,-187.5,-0.60,0,159.5,0.51,-187.5,-0.60,17905.5,1.79,23
287,Entry short,2021-12-21 08:45,ORB Short A (1c),15685,1,31370,-187.5,-0.60,0,159.5,0.51,-187.5,-0.60,17905.5,1.79,23
288,Exit long,2021-12-27 15:25,EOD Close,16572,1,32915,229,0.70,0,233,0.71,-12.5,-0.04,18134.5,1.81,77
288,Entry long,2021-12-27 09:00,ORB Long A (1c),16457.5,1,32915,229,0.70,0,233,0.71,-12.5,-0.04,18134.5,1.81,77
289,Exit short,2021-12-28 15:25,EOD Close,16521,2,66080,-4,-0.01,0,267,0.40,-259,-0.39,18130.5,1.81,76
289,Entry short,2021-12-28 09:05,ORB Short B (2c),16520,2,66080,-4,-0.01,0,267,0.40,-259,-0.39,18130.5,1.81,76
290,Exit long,2021-12-30 14:40,L-TP2,16461,2,66153,-309,-0.47,0,117,0.18,-309,-0.47,17821.5,1.78,67
290,Entry long,2021-12-30 09:05,ORB Long A (2c),16538.25,2,66153,-309,-0.47,0,117,0.18,-309,-0.47,17821.5,1.78,67
291,Exit short,2022-01-06 09:15,S-TP2,15716.25,2,62565,-300,-0.48,0,171,0.27,-300,-0.48,17521.5,1.75,3
291,Entry short,2022-01-06 09:00,ORB Short B (2c),15641.25,2,62565,-300,-0.48,0,171,0.27,-300,-0.48,17521.5,1.75,3
292,Exit short,2022-01-07 10:00,S-TP2,15570.25,2,62628,347,0.55,0,587,0.94,-122,-0.19,17868.5,1.79,8
292,Entry short,2022-01-07 09:20,ORB Short B+ (2c),15657,2,62628,347,0.55,0,587,0.94,-122,-0.19,17868.5,1.79,8
293,Exit short,2022-01-10 10:00,S-TP2,15212.5,2,61156,306,0.50,0,546,0.89,-16,-0.03,18174.5,1.82,14
293,Entry short,2022-01-10 08:50,ORB Short A+ (2c),15289,2,61156,306,0.50,0,546,0.89,-16,-0.03,18174.5,1.82,14
294,Exit short,2022-01-10 11:50,S-TP2,15263.5,2,61112,58,0.09,0,298,0.49,-106,-0.17,18232.5,1.82,15
294,Entry short,2022-01-10 10:35,ORB Short A (2c),15278,2,61112,58,0.09,0,298,0.49,-106,-0.17,18232.5,1.82,15
295,Exit short,2022-01-10 12:20,S-TP2,15352.5,2,61110,-300,-0.49,0,39,0.06,-300,-0.49,17932.5,1.79,5
295,Entry short,2022-01-10 11:55,ORB Short A (2c),15277.5,2,61110,-300,-0.49,0,39,0.06,-300,-0.49,17932.5,1.79,5
296,Exit short,2022-01-12 10:20,S-TP2,15857.25,2,63544,115,0.18,0,355,0.56,-83,-0.13,18047.5,1.80,9
296,Entry short,2022-01-12 09:35,ORB Short B (2c),15886,2,63544,115,0.18,0,355,0.56,-83,-0.13,18047.5,1.80,9
297,Exit short,2022-01-12 15:25,EOD Close,15912.5,2,63572,-78,-0.12,0,146,0.23,-240,-0.38,17969.5,1.80,57
297,Entry short,2022-01-12 10:40,ORB Short B (2c),15893,2,63572,-78,-0.12,0,146,0.23,-240,-0.38,17969.5,1.80,57
298,Exit short,2022-01-13 09:40,S-TP2,15800.5,2,63626,424,0.67,0,424,0.67,-33,-0.05,18393.5,1.84,8
298,Entry short,2022-01-13 09:00,ORB Short B (2c),15906.5,2,63626,424,0.67,0,424,0.67,-33,-0.05,18393.5,1.84,8
299,Exit short,2022-01-18 10:50,S-TP2,15341.25,2,61065,-300,-0.49,0,13,0.02,-300,-0.49,18093.5,1.81,4
299,Entry short,2022-01-18 10:30,ORB Short B+ (2c),15266.25,2,61065,-300,-0.49,0,13,0.02,-300,-0.49,18093.5,1.81,4
300,Exit short,2022-01-18 15:25,EOD Close,15225.75,2,61080,177,0.29,0,397,0.65,-237,-0.39,18270.5,1.83,46
300,Entry short,2022-01-18 11:35,ORB Short B+ (2c),15270,2,61080,177,0.29,0,397,0.65,-237,-0.39,18270.5,1.83,46
301,Exit long,2022-01-19 09:30,L-TP2,15265.25,2,61372,-311,-0.51,0,117,0.19,-311,-0.51,17959.5,1.80,8
301,Entry long,2022-01-19 08:50,ORB Long B (2c),15343,2,61372,-311,-0.51,0,117,0.19,-311,-0.51,17959.5,1.80,8
302,Exit short,2022-01-19 10:30,S-TP2,15164.75,2,60854,195,0.32,0,435,0.71,-54,-0.09,18154.5,1.82,11
302,Entry short,2022-01-19 09:35,ORB Short A (2c),15213.5,2,60854,195,0.32,0,435,0.71,-54,-0.09,18154.5,1.82,11
303,Exit short,2022-01-21 09:25,S-TP2,14592.25,1,29314.5,130,0.44,0,250,0.85,-59,-0.20,18284.5,1.83,7
303,Entry short,2022-01-21 08:50,ORB Short A (1c),14657.25,1,29314.5,130,0.44,0,250,0.85,-59,-0.20,18284.5,1.83,7
304,Exit short,2022-01-21 13:40,S-TP2,14600.25,1,29320,119.5,0.41,0,239.5,0.82,-165.5,-0.56,18404,1.84,34
304,Entry short,2022-01-21 10:50,ORB Short B+ (1c),14660,1,29320,119.5,0.41,0,239.5,0.82,-165.5,-0.56,18404,1.84,34
305,Exit short,2022-01-24 09:10,S-TP2,14069,1,28193,55,0.20,0,220.5,0.78,-143.5,-0.51,18459,1.85,3
305,Entry short,2022-01-24 08:55,ORB Short A (1c),14096.5,1,28193,55,0.20,0,220.5,0.78,-143.5,-0.51,18459,1.85,3
306,Exit short,2022-01-24 09:50,S-TP2,14075.25,1,28219.5,69,0.24,0,189,0.67,-74.5,-0.26,18528,1.85,3
306,Entry short,2022-01-24 09:35,ORB Short B (1c),14109.75,1,28219.5,69,0.24,0,189,0.67,-74.5,-0.26,18528,1.85,3
307,Exit short,2022-01-24 10:40,S-TP2,13916.25,1,28180,347.5,1.23,0,347.5,1.23,-1,0.00,18875.5,1.89,9
307,Entry short,2022-01-24 09:55,ORB Short B (1c),14090,1,28180,347.5,1.23,0,347.5,1.23,-1,0.00,18875.5,1.89,9
308,Exit short,2022-01-25 10:15,S-TP2,14148.25,1,28367.5,71,0.25,0,240,0.85,-118.5,-0.42,18946.5,1.89,9
308,Entry short,2022-01-25 09:30,ORB Short A (1c),14183.75,1,28367.5,71,0.25,0,240,0.85,-118.5,-0.42,18946.5,1.89,9
309,Exit short,2022-01-26 10:20,S-TP2,14456,1,28695,-217,-0.76,0,43.5,0.15,-217,-0.76,18729.5,1.87,8
309,Entry short,2022-01-26 09:40,ORB Short B (1c),14347.5,1,28695,-217,-0.76,0,43.5,0.15,-217,-0.76,18729.5,1.87,8
310,Exit short,2022-02-01 10:00,S-TP2,14878,1,29514.5,-241.5,-0.82,0,56,0.19,-241.5,-0.82,18488,1.85,12
310,Entry short,2022-02-01 09:00,ORB Short A+ (1c),14757.25,1,29514.5,-241.5,-0.82,0,56,0.19,-241.5,-0.82,18488,1.85,12
311,Exit short,2022-02-03 14:55,S-TP2,14516.5,1,29333,300,1.02,0,420,1.43,-92,-0.31,18788,1.88,48
311,Entry short,2022-02-03 10:55,ORB Short B+ (1c),14666.5,1,29333,300,1.02,0,420,1.43,-92,-0.31,18788,1.88,48
312,Exit short,2022-02-07 15:00,S-TP2,14571.25,1,29319,176.5,0.60,0,296.5,1.01,-135,-0.46,18964.5,1.90,56
312,Entry short,2022-02-07 10:20,ORB Short B (1c),14659.5,1,29319,176.5,0.60,0,296.5,1.01,-135,-0.46,18964.5,1.90,56
313,Exit short,2022-02-08 09:45,S-TP2,14588.25,1,28959,-217.5,-0.75,0,23.5,0.08,-217.5,-0.75,18747,1.87,9
313,Entry short,2022-02-08 09:00,ORB Short A (1c),14479.5,1,28959,-217.5,-0.75,0,23.5,0.08,-217.5,-0.75,18747,1.87,9
314,Exit short,2022-02-11 11:10,S-TP2,14585,1,29278,108,0.37,0,228,0.78,-171.5,-0.59,18855,1.89,27
314,Entry short,2022-02-11 08:55,ORB Short A+ (1c),14639,1,29278,108,0.37,0,228,0.78,-171.5,-0.59,18855,1.89,27
315,Exit short,2022-02-15 12:20,S-TP2,14522.25,1,28866,-178.5,-0.62,0,4.5,0.02,-178.5,-0.62,18676.5,1.87,7
315,Entry short,2022-02-15 11:45,ORB Short B+ (1c),14433,1,28866,-178.5,-0.62,0,4.5,0.02,-178.5,-0.62,18676.5,1.87,7
316,Exit short,2022-02-16 13:00,S-TP2,14504.5,1,28798,-211,-0.73,0,28,0.10,-211,-0.73,18465.5,1.85,50
316,Entry short,2022-02-16 08:50,ORB Short A (1c),14399,1,28798,-211,-0.73,0,28,0.10,-211,-0.73,18465.5,1.85,50
317,Exit short,2022-02-17 09:50,S-TP2,14325.25,2,57720,419,0.73,0,419,0.73,-6,-0.01,18884.5,1.89,13
317,Entry short,2022-02-17 08:45,ORB Short B (2c),14430,2,57720,419,0.73,0,419,0.73,-6,-0.01,18884.5,1.89,13
318,Exit short,2022-02-18 11:10,S-TP2,14021.5,1,28132,89,0.32,0,209,0.74,-20,-0.07,18973.5,1.90,20
318,Entry short,2022-02-18 09:30,ORB Short B (1c),14066,1,28132,89,0.32,0,209,0.74,-20,-0.07,18973.5,1.90,20
319,Exit short,2022-02-21 11:45,EOD Close (Early/Half-Day),13752.25,2,55208,199,0.36,0,215,0.39,-97,-0.18,19172.5,1.92,24
319,Entry short,2022-02-21 09:45,ORB Short B+ (2c),13802,2,55208,199,0.36,0,215,0.39,-97,-0.18,19172.5,1.92,24
320,Exit short,2022-02-22 13:15,S-TP2,13770.5,1,27706,165,0.60,0,285,1.03,-110.5,-0.40,19337.5,1.93,29
320,Entry short,2022-02-22 10:50,ORB Short B+ (1c),13853,1,27706,165,0.60,0,285,1.03,-110.5,-0.40,19337.5,1.93,29
321,Exit short,2022-02-23 09:40,S-TP2,13778.25,1,27793.5,237,0.85,0,237,0.85,-59,-0.21,19574.5,1.96,10
321,Entry short,2022-02-23 08:50,ORB Short A+ (1c),13896.75,1,27793.5,237,0.85,0,237,0.85,-59,-0.21,19574.5,1.96,10
322,Exit short,2022-02-25 09:20,S-TP2,13973.75,1,27735,-212.5,-0.77,0,71,0.26,-212.5,-0.77,19362,1.94,5
322,Entry short,2022-02-25 08:55,ORB Short A (1c),13867.5,1,27735,-212.5,-0.77,0,71,0.26,-212.5,-0.77,19362,1.94,5
323,Exit short,2022-03-01 11:15,S-TP2,14058,1,28303,187,0.66,0,307,1.08,-119,-0.42,19549,1.95,16
323,Entry short,2022-03-01 09:55,ORB Short B (1c),14151.5,1,28303,187,0.66,0,307,1.08,-119,-0.42,19549,1.95,16
324,Exit short,2022-03-02 09:25,S-TP2,14103.75,1,27981.5,-226,-0.81,0,80,0.29,-226,-0.81,19323,1.93,4
324,Entry short,2022-03-02 09:05,ORB Short B+ (1c),13990.75,1,27981.5,-226,-0.81,0,80,0.29,-226,-0.81,19323,1.93,4
325,Exit short,2022-03-03 10:15,S-TP2,14040,1,28486,406,1.43,0,406,1.43,-92.5,-0.32,19729,1.97,18
325,Entry short,2022-03-03 08:45,ORB Short B+ (1c),14243,1,28486,406,1.43,0,406,1.43,-92.5,-0.32,19729,1.97,18
326,Exit short,2022-03-04 15:25,EOD Close,13808,1,27687,71,0.26,0,220,0.79,-215,-0.78,19800,1.98,80
326,Entry short,2022-03-04 08:45,ORB Short A (1c),13843.5,1,27687,71,0.26,0,220,0.79,-215,-0.78,19800,1.98,80
327,Exit short,2022-03-08 09:50,S-TP2,13297,1,26366,-228,-0.86,0,118,0.45,-228,-0.86,19572,1.96,10
327,Entry short,2022-03-08 09:00,ORB Short A (1c),13183,1,26366,-228,-0.86,0,118,0.45,-228,-0.86,19572,1.96,10
328,Exit short,2022-03-08 11:05,S-TP2,13323,1,26418,-228,-0.86,0,180,0.68,-228,-0.86,19344,1.93,9
328,Entry short,2022-03-08 10:20,ORB Short B+ (1c),13209,1,26418,-228,-0.86,0,180,0.68,-228,-0.86,19344,1.93,9
329,Exit short,2022-03-10 13:00,S-TP2,13579,1,26950.5,-207.5,-0.77,0,158,0.59,-207.5,-0.77,19136.5,1.91,42
329,Entry short,2022-03-10 09:30,ORB Short B (1c),13475.25,1,26950.5,-207.5,-0.77,0,158,0.59,-207.5,-0.77,19136.5,1.91,42
330,Exit short,2022-03-11 10:45,S-TP2,13472.75,1,27203.5,258,0.95,0,378,1.39,-11,-0.04,19394.5,1.94,23
330,Entry short,2022-03-11 08:50,ORB Short A+ (1c),13601.75,1,27203.5,258,0.95,0,378,1.39,-11,-0.04,19394.5,1.94,23
331,Exit short,2022-03-14 12:50,S-TP2,13081.75,1,26401,237.5,0.90,0,357.5,1.35,-6,-0.02,19632,1.96,26
331,Entry short,2022-03-14 10:40,ORB Short A (1c),13200.5,1,26401,237.5,0.90,0,357.5,1.35,-6,-0.02,19632,1.96,26
332,Exit long,2022-03-15 10:50,L-TP2,13344.5,1,26433.5,255.5,0.97,0,375.5,1.42,-112,-0.42,19887.5,1.99,22
332,Entry long,2022-03-15 09:00,ORB Long B (1c),13216.75,1,26433.5,255.5,0.97,0,375.5,1.42,-112,-0.42,19887.5,1.99,22
333,Exit long,2022-03-17 09:15,L-TP2,13953,1,27829,77,0.28,0,197,0.71,-2.5,-0.01,19964.5,2.00,5
333,Entry long,2022-03-17 08:50,ORB Long B (1c),13914.5,1,27829,77,0.28,0,197,0.71,-2.5,-0.01,19964.5,2.00,5
334,Exit long,2022-03-17 12:50,L-TP2,14083.75,2,55685,650,1.17,0,650,1.17,-69,-0.12,20614.5,2.06,24
334,Entry long,2022-03-17 10:50,ORB Long B (2c),13921.25,2,55685,650,1.17,0,650,1.17,-69,-0.12,20614.5,2.06,24
335,Exit long,2022-03-18 09:30,L-TP2,14186,1,28214,158,0.56,0,278,0.99,-31,-0.11,20772.5,2.08,9
335,Entry long,2022-03-18 08:45,ORB Long B (1c),14107,1,28214,158,0.56,0,278,0.99,-31,-0.11,20772.5,2.08,9
336,Exit short,2022-03-21 12:30,S-TP2,14243.75,1,28653.5,166,0.58,0,286,1.00,-44,-0.15,20938.5,2.09,12
336,Entry short,2022-03-21 11:30,ORB Short B (1c),14326.75,1,28653.5,166,0.58,0,286,1.00,-44,-0.15,20938.5,2.09,12
337,Exit long,2022-03-22 10:55,L-TP2,14624.25,1,29061.5,187,0.64,0,307,1.06,-24.5,-0.08,21125.5,2.11,23
337,Entry long,2022-03-22 09:00,ORB Long A (1c),14530.75,1,29061.5,187,0.64,0,307,1.06,-24.5,-0.08,21125.5,2.11,23
338,Exit long,2022-03-23 11:05,L-TP2,14622.75,1,29127,118.5,0.41,0,238.5,0.82,-71.5,-0.25,21244,2.12,23
338,Entry long,2022-03-23 09:10,ORB Long B+ (1c),14563.5,1,29127,118.5,0.41,0,238.5,0.82,-71.5,-0.25,21244,2.12,23
339,Exit long,2022-03-24 11:00,L-TP2,14604,1,29126.5,81.5,0.28,0,201.5,0.69,-26,-0.09,21325.5,2.13,10
339,Entry long,2022-03-24 10:10,ORB Long B+ (1c),14563.25,1,29126.5,81.5,0.28,0,201.5,0.69,-26,-0.09,21325.5,2.13,10
340,Exit long,2022-03-25 10:00,L-TP2,14713.75,2,59171,-316,-0.53,0,59,0.10,-316,-0.53,21009.5,2.10,4
340,Entry long,2022-03-25 09:40,ORB Long B (2c),14792.75,2,59171,-316,-0.53,0,59,0.10,-316,-0.53,21009.5,2.10,4
341,Exit long,2022-03-28 09:20,L-TP2,14788.25,1,29776,-199.5,-0.67,0,5,0.02,-199.5,-0.67,20810,2.08,5
341,Entry long,2022-03-28 08:55,ORB Long A (1c),14888,1,29776,-199.5,-0.67,0,5,0.02,-199.5,-0.67,20810,2.08,5
342,Exit long,2022-03-30 10:00,L-TP2,15141.5,2,60811,-245,-0.40,0,129,0.21,-245,-0.40,20565,2.06,15
342,Entry long,2022-03-30 08:45,ORB Long B+ (2c),15202.75,2,60811,-245,-0.40,0,129,0.21,-245,-0.40,20565,2.06,15
343,Exit long,2022-04-04 13:05,L-TP2,15071,2,60020,264,0.44,0,504,0.84,0,0.00,20829,2.08,52
343,Entry long,2022-04-04 08:45,ORB Long B+ (2c),15005,2,60020,264,0.44,0,504,0.84,0,0.00,20829,2.08,52
344,Exit short,2022-04-11 15:25,EOD Close,13995.5,2,56319,337,0.60,0,381,0.68,-207,-0.37,21166,2.12,72
344,Entry short,2022-04-11 09:25,ORB Short B (2c),14079.75,2,56319,337,0.60,0,381,0.68,-207,-0.37,21166,2.12,72
345,Exit short,2022-04-12 10:25,S-TP2,14183.75,2,56432,-303,-0.54,0,100,0.18,-303,-0.54,20863,2.09,8
345,Entry short,2022-04-12 09:45,ORB Short B+ (2c),14108,2,56432,-303,-0.54,0,100,0.18,-303,-0.54,20863,2.09,8
346,Exit short,2022-04-12 13:20,S-TP2,13942.75,2,56447,676,1.20,0,676,1.20,-184,-0.33,21539,2.15,26
346,Entry short,2022-04-12 11:10,ORB Short B+ (2c),14111.75,2,56447,676,1.20,0,676,1.20,-184,-0.33,21539,2.15,26
347,Exit long,2022-04-13 12:45,L-TP2,14148,2,56189,403,0.72,0,643,1.14,-215,-0.38,21942,2.19,48
347,Entry long,2022-04-13 08:45,ORB Long B (2c),14047.25,2,56189,403,0.72,0,643,1.14,-215,-0.38,21942,2.19,48
348,Exit short,2022-04-14 10:20,S-TP2,14075.5,2,56462,160,0.28,0,400,0.71,-102,-0.18,22102,2.21,18
348,Entry short,2022-04-14 08:50,ORB Short A (2c),14115.5,2,56462,160,0.28,0,400,0.71,-102,-0.18,22102,2.21,18
349,Exit short,2022-04-18 12:30,S-TP2,13922.5,2,55365,-325,-0.59,0,221,0.40,-325,-0.59,21777,2.18,21
349,Entry short,2022-04-18 10:45,ORB Short B+ (2c),13841.25,2,55365,-325,-0.59,0,221,0.40,-325,-0.59,21777,2.18,21
350,Exit long,2022-04-19 09:10,L-TP2,14083.75,2,55723,612,1.10,0,612,1.10,-82,-0.15,22389,2.24,5
350,Entry long,2022-04-19 08:45,ORB Long B (2c),13930.75,2,55723,612,1.10,0,612,1.10,-82,-0.15,22389,2.24,5
351,Exit short,2022-04-20 11:35,S-TP2,14039.5,2,56475,317,0.56,0,557,0.99,-120,-0.21,22706,2.27,34
351,Entry short,2022-04-20 08:45,ORB Short A (2c),14118.75,2,56475,317,0.56,0,557,0.99,-120,-0.21,22706,2.27,34
352,Exit short,2022-04-21 10:55,S-TP2,13974.5,2,56591,693,1.22,0,693,1.22,-179,-0.32,23399,2.34,21
352,Entry short,2022-04-21 09:10,ORB Short A (2c),14147.75,2,56591,693,1.22,0,693,1.22,-179,-0.32,23399,2.34,21
353,Exit short,2022-04-22 11:35,S-TP2,13545.5,1,27214.5,123.5,0.45,0,243.5,0.89,-130.5,-0.48,23522.5,2.35,27
353,Entry short,2022-04-22 09:20,ORB Short B (1c),13607.25,1,27214.5,123.5,0.45,0,243.5,0.89,-130.5,-0.48,23522.5,2.35,27
354,Exit short,2022-04-25 09:10,S-TP2,13342.25,1,26500.5,-184,-0.69,0,10,0.04,-184,-0.69,23338.5,2.33,3
354,Entry short,2022-04-25 08:55,ORB Short A (1c),13250.25,1,26500.5,-184,-0.69,0,10,0.04,-184,-0.69,23338.5,2.33,3
355,Exit short,2022-04-25 11:10,S-TP2,13337.75,1,26491.5,-184,-0.69,0,10.5,0.04,-184,-0.69,23154.5,2.32,5
355,Entry short,2022-04-25 10:45,ORB Short B+ (1c),13245.75,1,26491.5,-184,-0.69,0,10.5,0.04,-184,-0.69,23154.5,2.32,5
356,Exit short,2022-04-26 09:45,S-TP2,13197.25,1,26624.5,230,0.86,0,350,1.31,-21.5,-0.08,23384.5,2.34,12
356,Entry short,2022-04-26 08:45,ORB Short A+ (1c),13312.25,1,26624.5,230,0.86,0,350,1.31,-21.5,-0.08,23384.5,2.34,12
357,Exit short,2022-04-27 09:45,S-TP2,13103.5,1,26011,-196,-0.75,0,150,0.58,-196,-0.75,23188.5,2.32,7
357,Entry short,2022-04-27 09:10,ORB Short B+ (1c),13005.5,1,26011,-196,-0.75,0,150,0.58,-196,-0.75,23188.5,2.32,7
358,Exit short,2022-04-28 09:20,S-TP2,13186.5,1,26179.5,-193.5,-0.74,0,35.5,0.14,-193.5,-0.74,22995,2.30,4
358,Entry short,2022-04-28 09:00,ORB Short A+ (1c),13089.75,1,26179.5,-193.5,-0.74,0,35.5,0.14,-193.5,-0.74,22995,2.30,4
359,Exit short,2022-04-29 12:25,S-TP2,13119.25,1,26442.5,204,0.77,0,324,1.23,-72,-0.27,23199,2.32,34
359,Entry short,2022-04-29 09:35,ORB Short A (1c),13221.25,1,26442.5,204,0.77,0,324,1.23,-72,-0.27,23199,2.32,34
360,Exit short,2022-05-04 09:10,S-TP2,12960.25,2,52170,329,0.63,0,329,0.63,-56,-0.11,23528,2.35,4
360,Entry short,2022-05-04 08:50,ORB Short B (2c),13042.5,2,52170,329,0.63,0,329,0.63,-56,-0.11,23528,2.35,4
361,Exit short,2022-05-05 09:10,S-TP2,13065,1,26442.5,312.5,1.18,0,312.5,1.18,-17.5,-0.07,23840.5,2.38,5
361,Entry short,2022-05-05 08:45,ORB Short B+ (1c),13221.25,1,26442.5,312.5,1.18,0,312.5,1.18,-17.5,-0.07,23840.5,2.38,5
362,Exit short,2022-05-06 09:05,S-TP2,12656.25,1,25084.5,-228,-0.91,0,46,0.18,-228,-0.91,23612.5,2.36,3
362,Entry short,2022-05-06 08:50,ORB Short A (1c),12542.25,1,25084.5,-228,-0.91,0,46,0.18,-228,-0.91,23612.5,2.36,3
363,Exit short,2022-05-09 10:35,S-TP2,12298.25,1,24745.5,149,0.60,0,269,1.09,-145,-0.59,23761.5,2.38,18
363,Entry short,2022-05-09 09:05,ORB Short B (1c),12372.75,1,24745.5,149,0.60,0,269,1.09,-145,-0.59,23761.5,2.38,18
364,Exit short,2022-05-10 09:00,S-TP2,12467.25,1,24697,-237.5,-0.96,0,10.5,0.04,-237.5,-0.96,23524,2.35,3
364,Entry short,2022-05-10 08:45,ORB Short A (1c),12348.5,1,24697,-237.5,-0.96,0,10.5,0.04,-237.5,-0.96,23524,2.35,3
365,Exit short,2022-05-10 10:15,S-TP2,12231.75,1,24740,276.5,1.12,0,396.5,1.60,-4,-0.02,23800.5,2.38,8
365,Entry short,2022-05-10 09:35,ORB Short B (1c),12370,1,24740,276.5,1.12,0,396.5,1.60,-4,-0.02,23800.5,2.38,8
366,Exit short,2022-05-11 13:00,S-TP2,12062.25,1,24271.5,147,0.61,0,267,1.10,-14.5,-0.06,23947.5,2.39,13
366,Entry short,2022-05-11 11:55,ORB Short B+ (1c),12135.75,1,24271.5,147,0.61,0,267,1.10,-14.5,-0.06,23947.5,2.39,13
367,Exit short,2022-05-16 09:15,S-TP2,12353,1,24460.5,-245.5,-1.00,0,54,0.22,-245.5,-1.00,23702,2.37,6
367,Entry short,2022-05-16 08:45,ORB Short B+ (1c),12230.25,1,24460.5,-245.5,-1.00,0,54,0.22,-245.5,-1.00,23702,2.37,6
368,Exit short,2022-05-16 10:55,S-TP2,12330.75,1,24416,-245.5,-1.01,0,36.5,0.15,-245.5,-1.01,23456.5,2.35,12
368,Entry short,2022-05-16 09:55,ORB Short B (1c),12208,1,24416,-245.5,-1.01,0,36.5,0.15,-245.5,-1.01,23456.5,2.35,12
369,Exit short,2022-05-17 10:05,S-TP2,12392,1,24860.5,76.5,0.31,0,196.5,0.79,-74,-0.30,23533,2.35,12
369,Entry short,2022-05-17 09:05,ORB Short B (1c),12430.25,1,24860.5,76.5,0.31,0,196.5,0.79,-74,-0.30,23533,2.35,12
370,Exit short,2022-05-18 10:25,S-TP2,12140.75,1,24597.5,316,1.28,0,316,1.28,-123.5,-0.50,23849,2.38,18
370,Entry short,2022-05-18 08:55,ORB Short B+ (1c),12298.75,1,24597.5,316,1.28,0,316,1.28,-123.5,-0.50,23849,2.38,18
371,Exit short,2022-05-19 12:55,S-TP2,11978.5,1,23722,-235,-0.99,0,10,0.04,-235,-0.99,23614,2.36,2
371,Entry short,2022-05-19 12:45,ORB Short A (1c),11861,1,23722,-235,-0.99,0,10,0.04,-235,-0.99,23614,2.36,2
372,Exit short,2022-05-20 10:10,S-TP2,11746.25,1,23812,319.5,1.34,0,319.5,1.34,-95,-0.40,23933.5,2.39,13
372,Entry short,2022-05-20 09:05,ORB Short A+ (1c),11906,1,23812,319.5,1.34,0,319.5,1.34,-95,-0.40,23933.5,2.39,13
373,Exit short,2022-05-23 09:30,S-TP2,11921.75,1,23609.5,-234,-0.99,0,33.5,0.14,-234,-0.99,23699.5,2.37,6
373,Entry short,2022-05-23 09:00,ORB Short A (1c),11804.75,1,23609.5,-234,-0.99,0,33.5,0.14,-234,-0.99,23699.5,2.37,6
374,Exit short,2022-05-24 09:20,S-TP2,11636.25,1,23430,157.5,0.67,0,277.5,1.18,-79,-0.34,23857,2.39,7
374,Entry short,2022-05-24 08:45,ORB Short A+ (1c),11715,1,23430,157.5,0.67,0,277.5,1.18,-79,-0.34,23857,2.39,7
375,Exit long,2022-05-31 15:25,EOD Close,12656,1,25396,-84,-0.33,0,140.5,0.55,-192.5,-0.76,23773,2.38,55
375,Entry long,2022-05-31 10:50,ORB Long C (1c),12698,1,25396,-84,-0.33,0,140.5,0.55,-192.5,-0.76,23773,2.38,55
376,Exit long,2022-06-01 09:05,L-TP2,12731,1,25630,-168,-0.66,0,16.5,0.06,-168,-0.66,23605,2.36,3
376,Entry long,2022-06-01 08:50,ORB Long A (1c),12815,1,25630,-168,-0.66,0,16.5,0.06,-168,-0.66,23605,2.36,3
377,Exit long,2022-06-02 11:20,L-TP2,12742.5,1,25136,349,1.39,0,349,1.39,-159,-0.63,23954,2.40,31
377,Entry long,2022-06-02 08:45,ORB Long A+ (1c),12568,1,25136,349,1.39,0,349,1.39,-159,-0.63,23954,2.40,31
378,Exit short,2022-06-03 15:25,EOD Close,12555,1,25161,51,0.20,0,155,0.62,-132.5,-0.53,24005,2.40,70
378,Entry short,2022-06-03 09:35,ORB Short C+ (1c),12580.5,1,25161,51,0.20,0,155,0.62,-132.5,-0.53,24005,2.40,70
379,Exit long,2022-06-06 10:10,L-TP2,12692.5,1,25578.5,-193.5,-0.76,0,42.5,0.17,-193.5,-0.76,23811.5,2.38,14
379,Entry long,2022-06-06 09:00,ORB Long A (1c),12789.25,1,25578.5,-193.5,-0.76,0,42.5,0.17,-193.5,-0.76,23811.5,2.38,14
380,Exit long,2022-06-08 11:30,L-TP2,12654.5,1,25510,-201,-0.79,0,57,0.22,-201,-0.79,23610.5,2.36,33
380,Entry long,2022-06-08 08:45,ORB Long A+ (1c),12755,1,25510,-201,-0.79,0,57,0.22,-201,-0.79,23610.5,2.36,33
381,Exit short,2022-06-08 15:25,EOD Close,12619,1,25254,16,0.06,0,96,0.38,-62.5,-0.25,23626.5,2.36,46
381,Entry short,2022-06-08 11:35,ORB Short C (1c),12627,1,25254,16,0.06,0,96,0.38,-62.5,-0.25,23626.5,2.36,46
382,Exit long,2022-06-09 10:05,L-TP2,12540,1,25263.5,-183.5,-0.73,0,83,0.33,-183.5,-0.73,23443,2.34,15
382,Entry long,2022-06-09 08:50,ORB Long A+ (1c),12631.75,1,25263.5,-183.5,-0.73,0,83,0.33,-183.5,-0.73,23443,2.34,15
383,Exit short,2022-06-10 09:40,S-TP2,11912.5,1,23935,110,0.46,0,230,0.96,-22.5,-0.09,23553,2.36,10
383,Entry short,2022-06-10 08:50,ORB Short B+ (1c),11967.5,1,23935,110,0.46,0,230,0.96,-22.5,-0.09,23553,2.36,10
384,Exit short,2022-06-13 14:50,S-TP2,11257.5,1,22883,368,1.61,0,368,1.61,-176,-0.77,23921,2.39,68
384,Entry short,2022-06-13 09:10,ORB Short A+ (1c),11441.5,1,22883,368,1.61,0,368,1.61,-176,-0.77,23921,2.39,68
385,Exit short,2022-06-14 10:55,S-TP2,11388.25,1,22583,-193.5,-0.86,0,14,0.06,-193.5,-0.86,23727.5,2.37,15
385,Entry short,2022-06-14 09:40,ORB Short B+ (1c),11291.5,1,22583,-193.5,-0.86,0,14,0.06,-193.5,-0.86,23727.5,2.37,15
386,Exit short,2022-06-16 13:20,S-TP2,11100.75,1,22467.5,266,1.18,0,266,1.18,-39.5,-0.18,23993.5,2.40,52
386,Entry short,2022-06-16 09:00,ORB Short A (1c),11233.75,1,22467.5,266,1.18,0,266,1.18,-39.5,-0.18,23993.5,2.40,52
387,Exit short,2022-06-17 10:05,S-TP2,11253,1,22308,-198,-0.89,0,67.5,0.30,-198,-0.89,23795.5,2.38,7
387,Entry short,2022-06-17 09:30,ORB Short B (1c),11154,1,22308,-198,-0.89,0,67.5,0.30,-198,-0.89,23795.5,2.38,7
388,Exit short,2022-06-23 09:00,S-TP2,11656,1,23119.5,-192.5,-0.83,0,18,0.08,-192.5,-0.83,23603,2.36,2
388,Entry short,2022-06-23 08:50,ORB Short B+ (1c),11559.75,1,23119.5,-192.5,-0.83,0,18,0.08,-192.5,-0.83,23603,2.36,2
389,Exit short,2022-06-23 13:30,S-TP2,11656.75,1,23121,-192.5,-0.83,0,9.5,0.04,-192.5,-0.83,23410.5,2.34,18
389,Entry short,2022-06-23 12:00,ORB Short B (1c),11560.5,1,23121,-192.5,-0.83,0,9.5,0.04,-192.5,-0.83,23410.5,2.34,18
390,Exit short,2022-06-30 10:05,S-TP2,11507.75,1,22822.5,-193,-0.85,0,121,0.53,-193,-0.85,23217.5,2.32,15
390,Entry short,2022-06-30 08:50,ORB Short A (1c),11411.25,1,22822.5,-193,-0.85,0,121,0.53,-193,-0.85,23217.5,2.32,15
391,Exit short,2022-07-01 10:05,S-TP2,11509.25,1,22829.5,-189,-0.83,0,27,0.12,-189,-0.83,23028.5,2.30,6
391,Entry short,2022-07-01 09:35,ORB Short B (1c),11414.75,1,22829.5,-189,-0.83,0,27,0.12,-189,-0.83,23028.5,2.30,6
392,Exit long,2022-07-07 15:25,EOD Close,12122,1,24057,187,0.78,0,280.5,1.17,-76.5,-0.32,23215.5,2.32,80
392,Entry long,2022-07-07 08:45,ORB Long B (1c),12028.5,1,24057,187,0.78,0,280.5,1.17,-76.5,-0.32,23215.5,2.32,80
393,Exit long,2022-07-08 15:25,EOD Close,12165.25,1,24234.5,96,0.40,0,187.5,0.77,-156.5,-0.65,23311.5,2.33,72
393,Entry long,2022-07-08 09:25,ORB Long B (1c),12117.25,1,24234.5,96,0.40,0,187.5,0.77,-156.5,-0.65,23311.5,2.33,72
394,Exit short,2022-07-14 09:50,S-TP2,11603,2,46101,-311,-0.67,0,57,0.12,-311,-0.67,23000.5,2.30,10
394,Entry short,2022-07-14 09:00,ORB Short A+ (2c),11525.25,2,46101,-311,-0.67,0,57,0.12,-311,-0.67,23000.5,2.30,10
395,Exit long,2022-07-14 14:10,L-TP2,11772.75,2,46788,303,0.65,0,543,1.16,-304,-0.65,23303.5,2.33,42
395,Entry long,2022-07-14 10:40,ORB Long B (2c),11697,2,46788,303,0.65,0,543,1.16,-304,-0.65,23303.5,2.33,42
396,Exit long,2022-07-18 12:30,L-TP2,12090,2,48656,-296,-0.61,0,91,0.19,-296,-0.61,23007.5,2.30,45
396,Entry long,2022-07-18 08:45,ORB Long B+ (2c),12164,2,48656,-296,-0.61,0,91,0.19,-296,-0.61,23007.5,2.30,45
397,Exit long,2022-07-19 12:45,L-TP2,12246.5,2,48342,644,1.33,0,644,1.33,-34,-0.07,23651.5,2.37,40
397,Entry long,2022-07-19 09:25,ORB Long B (2c),12085.5,2,48342,644,1.33,0,644,1.33,-34,-0.07,23651.5,2.37,40
398,Exit long,2022-07-20 09:55,L-TP2,12483.75,2,49368,567,1.15,0,567,1.15,-98,-0.20,24218.5,2.42,9
398,Entry long,2022-07-20 09:10,ORB Long B (2c),12342,2,49368,567,1.15,0,567,1.15,-98,-0.20,24218.5,2.42,9
399,Exit long,2022-07-21 15:10,L-TP2,12595.5,2,50145,237,0.47,0,477,0.95,-116,-0.23,24455.5,2.45,56
399,Entry long,2022-07-21 10:30,ORB Long B+ (2c),12536.25,2,50145,237,0.47,0,477,0.95,-116,-0.23,24455.5,2.45,56
400,Exit long,2022-07-22 08:55,L-TP2,12581.25,2,50627,-302,-0.60,0,161,0.32,-302,-0.60,24153.5,2.42,2
400,Entry long,2022-07-22 08:45,ORB Long A+ (2c),12656.75,2,50627,-302,-0.60,0,161,0.32,-302,-0.60,24153.5,2.42,2
401,Exit short,2022-07-22 12:20,S-TP2,12389.75,2,50232,673,1.34,0,673,1.34,-218,-0.43,24826.5,2.48,39
401,Entry short,2022-07-22 09:05,ORB Short B (2c),12558,2,50232,673,1.34,0,673,1.34,-218,-0.43,24826.5,2.48,39
402,Exit long,2022-07-27 13:05,L-TP2,12429,2,49570,146,0.29,0,386,0.78,-81,-0.16,24972.5,2.50,52
402,Entry long,2022-07-27 08:45,ORB Long B+ (2c),12392.5,2,49570,146,0.29,0,386,0.78,-81,-0.16,24972.5,2.50,52
403,Exit long,2022-07-28 15:00,L-TP2,12833.75,2,50662,673,1.33,0,673,1.33,-168,-0.33,25645.5,2.56,55
403,Entry long,2022-07-28 10:25,ORB Long B+ (2c),12665.5,2,50662,673,1.33,0,673,1.33,-168,-0.33,25645.5,2.56,55
404,Exit long,2022-07-29 15:25,EOD Close,12972.5,2,51461,429,0.83,0,589,1.14,-316,-0.61,26074.5,2.61,78
404,Entry long,2022-07-29 08:55,ORB Long B+ (2c),12865.25,2,51461,429,0.83,0,589,1.14,-316,-0.61,26074.5,2.61,78
405,Exit long,2022-08-01 10:15,L-TP2,13048.5,2,52021,173,0.33,0,413,0.79,-158,-0.30,26247.5,2.62,17
405,Entry long,2022-08-01 08:50,ORB Long A+ (2c),13005.25,2,52021,173,0.33,0,413,0.79,-158,-0.30,26247.5,2.62,17
406,Exit long,2022-08-02 12:20,L-TP2,13037,2,51791,357,0.69,0,597,1.15,-106,-0.20,26604.5,2.66,31
406,Entry long,2022-08-02 09:45,ORB Long B (2c),12947.75,2,51791,357,0.69,0,597,1.15,-106,-0.20,26604.5,2.66,31
407,Exit long,2022-08-03 11:50,L-TP2,13271,2,52404,680,1.30,0,680,1.30,-161,-0.31,27284.5,2.73,36
407,Entry long,2022-08-03 08:50,ORB Long A (2c),13101,2,52404,680,1.30,0,680,1.30,-161,-0.31,27284.5,2.73,36
408,Exit short,2022-08-05 11:15,S-TP2,13168.75,1,26182.5,-155,-0.59,0,11.5,0.04,-155,-0.59,27129.5,2.71,10
408,Entry short,2022-08-05 10:25,ORB Short C (1c),13091.25,1,26182.5,-155,-0.59,0,11.5,0.04,-155,-0.59,27129.5,2.71,10
409,Exit long,2022-08-05 15:25,EOD Close,13217.75,2,52851,20,0.04,0,118,0.22,-270,-0.51,27149.5,2.71,41
409,Entry long,2022-08-05 12:00,ORB Long A (2c),13212.75,2,52851,20,0.04,0,118,0.22,-270,-0.51,27149.5,2.71,41
410,Exit long,2022-08-08 09:45,L-TP2,13321.75,2,53595,-308,-0.57,0,83,0.15,-308,-0.57,26841.5,2.68,11
410,Entry long,2022-08-08 08:50,ORB Long A (2c),13398.75,2,53595,-308,-0.57,0,83,0.15,-308,-0.57,26841.5,2.68,11
411,Exit short,2022-08-08 15:25,EOD Close,13192.75,1,26414.5,29,0.11,0,173.5,0.66,-108.5,-0.41,26870.5,2.69,57
411,Entry short,2022-08-08 10:40,ORB Short C (1c),13207.25,1,26414.5,29,0.11,0,173.5,0.66,-108.5,-0.41,26870.5,2.69,57
412,Exit long,2022-08-10 15:25,EOD Close,13385.75,2,53474,69,0.13,0,158,0.30,-209,-0.39,26939.5,2.69,65
412,Entry long,2022-08-10 10:00,ORB Long B+ (2c),13368.5,2,53474,69,0.13,0,158,0.30,-209,-0.39,26939.5,2.69,65
413,Exit long,2022-08-11 10:05,L-TP2,13456,2,54109,-285,-0.53,0,194,0.36,-285,-0.53,26654.5,2.67,13
413,Entry long,2022-08-11 09:00,ORB Long B+ (2c),13527.25,2,54109,-285,-0.53,0,194,0.36,-285,-0.53,26654.5,2.67,13
414,Exit long,2022-08-12 15:25,EOD Close,13571.75,2,53834,453,0.84,0,498,0.93,-293,-0.54,27107.5,2.71,74
414,Entry long,2022-08-12 09:15,ORB Long B+ (2c),13458.5,2,53834,453,0.84,0,498,0.93,-293,-0.54,27107.5,2.71,74
415,Exit long,2022-08-15 09:20,L-TP2,13539,2,54462,-306,-0.56,0,78,0.14,-306,-0.56,26801.5,2.68,6
415,Entry long,2022-08-15 08:50,ORB Long A+ (2c),13615.5,2,54462,-306,-0.56,0,78,0.14,-306,-0.56,26801.5,2.68,6
416,Exit long,2022-08-15 15:25,EOD Close,13673.25,2,54428,265,0.49,0,395,0.73,-2,0.00,27066.5,2.71,59
416,Entry long,2022-08-15 10:30,ORB Long A (2c),13607,2,54428,265,0.49,0,395,0.73,-2,0.00,27066.5,2.71,59
417,Exit long,2022-08-16 13:35,L-TP2,13680.5,2,54688,34,0.06,0,274,0.50,-163,-0.30,27100.5,2.71,33
417,Entry long,2022-08-16 10:50,ORB Long B+ (2c),13672,2,54688,34,0.06,0,274,0.50,-163,-0.30,27100.5,2.71,33
418,Exit long,2022-08-18 11:20,L-TP2,13515.5,2,54027,35,0.06,0,275,0.51,-81,-0.15,27135.5,2.71,20
418,Entry long,2022-08-18 09:40,ORB Long A (2c),13506.75,2,54027,35,0.06,0,275,0.51,-81,-0.15,27135.5,2.71,20
419,Exit long,2022-08-18 14:55,L-TP2,13512.75,2,54029,22,0.04,0,262,0.48,-24,-0.04,27157.5,2.72,38
419,Entry long,2022-08-18 11:45,ORB Long A (2c),13507.25,2,54029,22,0.04,0,262,0.48,-24,-0.04,27157.5,2.72,38
420,Exit short,2022-08-26 09:05,S-TP2,13055.5,2,52448,226,0.43,0,480,0.92,-125,-0.24,27383.5,2.74,4
420,Entry short,2022-08-26 08:45,ORB Short C (2c),13112,2,52448,226,0.43,0,480,0.92,-125,-0.24,27383.5,2.74,4
421,Exit short,2022-08-29 11:00,S-TP2,12546.75,1,24943.5,-150,-0.60,0,47.5,0.19,-150,-0.60,27233.5,2.72,14
421,Entry short,2022-08-29 09:50,ORB Short C (1c),12471.75,1,24943.5,-150,-0.60,0,47.5,0.19,-150,-0.60,27233.5,2.72,14
422,Exit short,2022-08-30 09:35,S-TP2,12316.25,2,49982,717,1.43,0,717,1.43,-22,-0.04,27950.5,2.80,9
422,Entry short,2022-08-30 08:50,ORB Short A (2c),12495.5,2,49982,717,1.43,0,717,1.43,-22,-0.04,27950.5,2.80,9
423,Exit short,2022-08-31 10:35,S-TP2,12361,2,49539,95,0.19,0,335,0.68,-148,-0.30,28045.5,2.80,14
423,Entry short,2022-08-31 09:25,ORB Short B (2c),12384.75,2,49539,95,0.19,0,335,0.68,-148,-0.30,28045.5,2.80,14
424,Exit short,2022-09-01 10:35,S-TP2,12087.75,2,48530,179,0.37,0,419,0.86,-162,-0.33,28224.5,2.82,19
424,Entry short,2022-09-01 09:00,ORB Short A+ (2c),12132.5,2,48530,179,0.37,0,419,0.86,-162,-0.33,28224.5,2.82,19
425,Exit short,2022-09-02 09:10,S-TP2,12359.25,2,49137,-300,-0.61,0,27,0.05,-300,-0.61,27924.5,2.79,2
425,Entry short,2022-09-02 09:00,ORB Short B (2c),12284.25,2,49137,-300,-0.61,0,27,0.05,-300,-0.61,27924.5,2.79,2
426,Exit short,2022-09-02 12:30,S-TP2,12129.25,2,49161,644,1.31,0,644,1.31,-9,-0.02,28568.5,2.86,12
426,Entry short,2022-09-02 11:30,ORB Short A (2c),12290.25,2,49161,644,1.31,0,644,1.31,-9,-0.02,28568.5,2.86,12
427,Exit short,2022-09-06 09:25,S-TP2,11990,2,48268,308,0.64,0,548,1.14,-29,-0.06,28876.5,2.89,8
427,Entry short,2022-09-06 08:45,ORB Short A+ (2c),12067,2,48268,308,0.64,0,548,1.14,-29,-0.06,28876.5,2.89,8
428,Exit short,2022-09-06 10:40,S-TP2,12141.5,2,48266,-300,-0.62,0,37,0.08,-300,-0.62,28576.5,2.86,3
428,Entry short,2022-09-06 10:25,ORB Short A (2c),12066.5,2,48266,-300,-0.62,0,37,0.08,-300,-0.62,28576.5,2.86,3
429,Exit short,2022-09-06 13:00,S-TP2,12024,2,48199,103,0.21,0,343,0.71,-105,-0.22,28679.5,2.87,21
429,Entry short,2022-09-06 11:15,ORB Short A (2c),12049.75,2,48199,103,0.21,0,343,0.71,-105,-0.22,28679.5,2.87,21
430,Exit long,2022-09-12 11:10,L-TP2,12641,1,25419.5,-137.5,-0.54,0,92.5,0.36,-137.5,-0.54,28542,2.85,28
430,Entry long,2022-09-12 08:50,ORB Long C+ (1c),12709.75,1,25419.5,-137.5,-0.54,0,92.5,0.36,-137.5,-0.54,28542,2.85,28
431,Exit long,2022-09-12 15:25,EOD Close,12771.25,1,25412,130.5,0.51,0,136,0.54,-50.5,-0.20,28672.5,2.87,45
431,Entry long,2022-09-12 11:40,ORB Long C+ (1c),12706,1,25412,130.5,0.51,0,136,0.54,-50.5,-0.20,28672.5,2.87,45
432,Exit long,2022-09-14 09:25,L-TP2,12111,2,48774,-330,-0.68,0,36,0.07,-330,-0.68,28342.5,2.83,6
432,Entry long,2022-09-14 08:55,ORB Long B (2c),12193.5,2,48774,-330,-0.68,0,36,0.07,-330,-0.68,28342.5,2.83,6
433,Exit short,2022-09-15 10:20,S-TP2,12048,2,48420,228,0.47,0,468,0.97,-123,-0.25,28570.5,2.86,10
433,Entry short,2022-09-15 09:30,ORB Short B+ (2c),12105,2,48420,228,0.47,0,468,0.97,-123,-0.25,28570.5,2.86,10
434,Exit short,2022-09-15 14:25,S-TP2,11938.5,2,48406,652,1.35,0,652,1.35,-9,-0.02,29222.5,2.92,21
434,Entry short,2022-09-15 12:40,ORB Short B+ (2c),12101.5,2,48406,652,1.35,0,652,1.35,-9,-0.02,29222.5,2.92,21
435,Exit short,2022-09-16 09:10,S-TP2,11871.5,2,47168,-318,-0.67,0,48,0.10,-318,-0.67,28904.5,2.89,3
435,Entry short,2022-09-16 08:55,ORB Short B+ (2c),11792,2,47168,-318,-0.67,0,48,0.10,-318,-0.67,28904.5,2.89,3
436,Exit short,2022-09-16 13:25,S-TP2,11871.5,2,47203,-283,-0.60,0,91,0.19,-283,-0.60,28621.5,2.86,34
436,Entry short,2022-09-16 10:35,ORB Short B+ (2c),11800.75,2,47203,-283,-0.60,0,91,0.19,-283,-0.60,28621.5,2.86,34
437,Exit long,2022-09-19 15:25,EOD Close,12036.25,2,47668,477,1.00,0,598,1.25,-275,-0.58,29098.5,2.91,79
437,Entry long,2022-09-19 08:50,ORB Long B (2c),11917,2,47668,477,1.00,0,598,1.25,-275,-0.58,29098.5,2.91,79
438,Exit short,2022-09-20 14:35,S-TP2,11947.25,2,47530,-259,-0.54,0,216,0.45,-259,-0.54,28839.5,2.88,26
438,Entry short,2022-09-20 12:25,ORB Short B+ (2c),11882.5,2,47530,-259,-0.54,0,216,0.45,-259,-0.54,28839.5,2.88,26
439,Exit short,2022-09-22 10:45,S-TP2,11570,2,46318,38,0.08,0,278,0.60,-247,-0.53,28877.5,2.89,21
439,Entry short,2022-09-22 09:00,ORB Short A (2c),11579.5,2,46318,38,0.08,0,278,0.60,-247,-0.53,28877.5,2.89,21
440,Exit short,2022-09-22 14:10,S-TP2,11652.25,2,46309,-300,-0.65,0,224,0.48,-300,-0.65,28577.5,2.86,40
440,Entry short,2022-09-22 10:50,ORB Short B+ (2c),11577.25,2,46309,-300,-0.65,0,224,0.48,-300,-0.65,28577.5,2.86,40
441,Exit short,2022-09-23 14:05,S-TP2,11288.75,2,45511,356,0.78,0,596,1.31,-195,-0.43,28933.5,2.89,63
441,Entry short,2022-09-23 08:50,ORB Short A (2c),11377.75,2,45511,356,0.78,0,596,1.31,-195,-0.43,28933.5,2.89,63
442,Exit short,2022-09-26 14:50,S-TP2,11407,2,45314,-314,-0.69,0,141,0.31,-314,-0.69,28619.5,2.86,41
442,Entry short,2022-09-26 11:25,ORB Short B+ (2c),11328.5,2,45314,-314,-0.69,0,141,0.31,-314,-0.69,28619.5,2.86,41
443,Exit short,2022-09-27 11:10,S-TP2,11272.75,2,45735,644,1.41,0,644,1.41,-281,-0.61,29263.5,2.93,26
443,Entry short,2022-09-27 09:00,ORB Short B+ (2c),11433.75,2,45735,644,1.41,0,644,1.41,-281,-0.61,29263.5,2.93,26
444,Exit short,2022-09-29 09:50,S-TP2,11216,2,45020,156,0.35,0,396,0.88,-131,-0.29,29419.5,2.94,13
444,Entry short,2022-09-29 08:45,ORB Short A (2c),11255,2,45020,156,0.35,0,396,0.88,-131,-0.29,29419.5,2.94,13
445,Exit short,2022-09-29 13:35,S-TP2,11151.5,2,45028,422,0.94,0,662,1.47,-56,-0.12,29841.5,2.98,32
445,Entry short,2022-09-29 10:55,ORB Short B+ (2c),11257,2,45028,422,0.94,0,662,1.47,-56,-0.12,29841.5,2.98,32
446,Exit short,2022-10-05 11:10,S-TP2,11515.5,2,45733,-329,-0.72,0,261,0.57,-329,-0.72,29512.5,2.95,26
446,Entry short,2022-10-05 09:00,ORB Short B+ (2c),11433.25,2,45733,-329,-0.72,0,261,0.57,-329,-0.72,29512.5,2.95,26
447,Exit short,2022-10-06 10:50,S-TP2,11663,2,46322,-330,-0.71,0,216,0.47,-330,-0.71,29182.5,2.92,22
447,Entry short,2022-10-06 09:00,ORB Short B+ (2c),11580.5,2,46322,-330,-0.71,0,216,0.47,-330,-0.71,29182.5,2.92,22
448,Exit short,2022-10-06 15:25,EOD Close,11516.5,2,46334,268,0.58,0,301,0.65,-238,-0.51,29450.5,2.95,54
448,Entry short,2022-10-06 10:55,ORB Short B (2c),11583.5,2,46334,268,0.58,0,301,0.65,-238,-0.51,29450.5,2.95,54
449,Exit short,2022-10-07 14:20,S-TP2,11085,2,45037,697,1.55,0,697,1.55,-67,-0.15,30147.5,3.01,67
449,Entry short,2022-10-07 08:45,ORB Short A+ (2c),11259.25,2,45037,697,1.55,0,697,1.55,-67,-0.15,30147.5,3.01,67
450,Exit short,2022-10-10 12:20,S-TP2,10936.75,1,22018,144.5,0.66,0,264.5,1.20,-118.5,-0.54,30292,3.03,42
450,Entry short,2022-10-10 08:50,ORB Short A (1c),11009,1,22018,144.5,0.66,0,264.5,1.20,-118.5,-0.54,30292,3.03,42
451,Exit short,2022-10-11 10:35,S-TP2,10935.25,1,21697.5,-173,-0.80,0,120.5,0.56,-173,-0.80,30119,3.01,21
451,Entry short,2022-10-11 08:50,ORB Short A (1c),10848.75,1,21697.5,-173,-0.80,0,120.5,0.56,-173,-0.80,30119,3.01,21
452,Exit short,2022-10-14 09:00,S-TP2,10994,1,22143.5,155.5,0.70,0,281.5,1.27,-53,-0.24,30274.5,3.03,3
452,Entry short,2022-10-14 08:45,ORB Short A+ (1c),11071.75,1,22143.5,155.5,0.70,0,281.5,1.27,-53,-0.24,30274.5,3.03,3
453,Exit short,2022-10-18 09:45,S-TP2,11274,1,22599,51,0.23,0,171,0.76,-92.5,-0.41,30325.5,3.03,11
453,Entry short,2022-10-18 08:50,ORB Short A (1c),11299.5,1,22599,51,0.23,0,171,0.76,-92.5,-0.41,30325.5,3.03,11
454,Exit short,2022-10-19 14:55,S-TP2,11155,1,22130.5,-179.5,-0.81,0,30,0.14,-179.5,-0.81,30146,3.01,35
454,Entry short,2022-10-19 12:00,ORB Short A+ (1c),11065.25,1,22130.5,-179.5,-0.81,0,30,0.14,-179.5,-0.81,30146,3.01,35
455,Exit short,2022-10-20 15:25,EOD Close,11061.25,2,44356,111,0.25,0,192,0.43,-152,-0.34,30257,3.03,32
455,Entry short,2022-10-20 12:45,ORB Short B (2c),11089,2,44356,111,0.25,0,192,0.43,-152,-0.34,30257,3.03,32
456,Exit long,2022-10-21 09:20,L-TP2,11164,1,22182,146,0.66,0,266,1.20,-51,-0.23,30403,3.04,7
456,Entry long,2022-10-21 08:45,ORB Long B (1c),11091,1,22182,146,0.66,0,266,1.20,-51,-0.23,30403,3.04,7
457,Exit long,2022-10-24 14:50,L-TP2,11455.5,1,22816.5,94.5,0.41,0,214.5,0.94,-70,-0.31,30497.5,3.05,48
457,Entry long,2022-10-24 10:50,ORB Long B (1c),11408.25,1,22816.5,94.5,0.41,0,214.5,0.94,-70,-0.31,30497.5,3.05,48
458,Exit long,2022-10-26 10:20,L-TP2,11687.5,2,46064,686,1.49,0,686,1.49,-169,-0.37,31183.5,3.12,19
458,Entry long,2022-10-26 08:45,ORB Long A+ (2c),11516,2,46064,686,1.49,0,686,1.49,-169,-0.37,31183.5,3.12,19
459,Exit short,2022-11-03 09:45,S-TP2,10848.25,2,43096,-297,-0.69,0,264,0.61,-297,-0.69,30886.5,3.09,12
459,Entry short,2022-11-03 08:45,ORB Short A (2c),10774,2,43096,-297,-0.69,0,264,0.61,-297,-0.69,30886.5,3.09,12
460,Exit short,2022-11-03 11:50,S-TP2,10848.25,2,43109,-284,-0.66,0,102,0.24,-284,-0.66,30602.5,3.06,17
460,Entry short,2022-11-03 10:25,ORB Short B+ (2c),10777.25,2,43109,-284,-0.66,0,102,0.24,-284,-0.66,30602.5,3.06,17
461,Exit short,2022-11-04 13:55,S-TP2,10810.25,1,21442.5,-178,-0.83,0,117,0.55,-178,-0.83,30424.5,3.04,37
461,Entry short,2022-11-04 10:50,ORB Short C+ (1c),10721.25,1,21442.5,-178,-0.83,0,117,0.55,-178,-0.83,30424.5,3.04,37
462,Exit short,2022-11-07 09:15,S-TP2,10947.75,1,21721,-174.5,-0.80,0,26,0.12,-174.5,-0.80,30250,3.03,6
462,Entry short,2022-11-07 08:45,ORB Short A+ (1c),10860.5,1,21721,-174.5,-0.80,0,26,0.12,-174.5,-0.80,30250,3.03,6
463,Exit short,2022-11-09 10:40,S-TP2,11018.75,2,43863,-212,-0.48,0,154,0.35,-212,-0.48,30038,3.00,14
463,Entry short,2022-11-09 09:30,ORB Short B (2c),10965.75,2,43863,-212,-0.48,0,154,0.35,-212,-0.48,30038,3.00,14
464,Exit short,2022-11-09 12:35,S-TP2,10863.75,1,21924,196.5,0.90,0,196.5,0.90,-27,-0.12,30234.5,3.02,17
464,Entry short,2022-11-09 11:10,ORB Short C+ (1c),10962,1,21924,196.5,0.90,0,196.5,0.90,-27,-0.12,30234.5,3.02,17
465,Exit long,2022-11-10 11:35,L-TP2,11438.5,1,22822.5,54.5,0.24,0,174.5,0.76,-29,-0.13,30289,3.03,23
465,Entry long,2022-11-10 09:40,ORB Long B (1c),11411.25,1,22822.5,54.5,0.24,0,174.5,0.76,-29,-0.13,30289,3.03,23
466,Exit long,2022-11-14 13:45,L-TP2,11838.5,2,47154,200,0.42,0,440,0.93,-240,-0.51,30489,3.05,56
466,Entry long,2022-11-14 09:05,ORB Long A (2c),11788.5,2,47154,200,0.42,0,440,0.93,-240,-0.51,30489,3.05,56
467,Exit long,2022-11-17 13:05,L-TP2,11715,1,23319,111,0.48,0,231,0.99,-123,-0.53,30600,3.06,46
467,Entry long,2022-11-17 09:15,ORB Long A (1c),11659.5,1,23319,111,0.48,0,231,0.99,-123,-0.53,30600,3.06,46
468,Exit long,2022-11-22 15:25,EOD Close,11741.5,2,46568,398,0.85,0,469,1.01,-104,-0.22,30998,3.10,68
468,Entry long,2022-11-22 09:45,ORB Long B (2c),11642,2,46568,398,0.85,0,469,1.01,-104,-0.22,30998,3.10,68
469,Exit long,2022-11-23 10:45,L-TP2,11828,2,47279,33,0.07,0,273,0.58,-71,-0.15,31031,3.10,24
469,Entry long,2022-11-23 08:45,ORB Long A (2c),11819.75,2,47279,33,0.07,0,273,0.58,-71,-0.15,31031,3.10,24
470,Exit long,2022-11-23 11:55,L-TP2,11744.75,2,47219,-240,-0.51,0,49,0.10,-240,-0.51,30791,3.08,10
470,Entry long,2022-11-23 11:05,ORB Long B+ (2c),11804.75,2,47219,-240,-0.51,0,49,0.10,-240,-0.51,30791,3.08,10
471,Exit long,2022-11-23 13:10,L-TP2,11824.75,2,47228,71,0.15,0,311,0.66,-100,-0.21,30862,3.09,8
471,Entry long,2022-11-23 12:30,ORB Long B+ (2c),11807,2,47228,71,0.15,0,311,0.66,-100,-0.21,30862,3.09,8
472,Exit long,2022-11-30 12:45,L-TP2,11656,2,46430,194,0.42,0,434,0.93,0,0.00,31056,3.11,3
472,Entry long,2022-11-30 12:30,ORB Long A (2c),11607.5,2,46430,194,0.42,0,434,0.93,0,0.00,31056,3.11,3
473,Exit long,2022-12-01 09:10,L-TP2,12040,2,48460,-300,-0.62,0,119,0.25,-300,-0.62,30756,3.08,5
473,Entry long,2022-12-01 08:45,ORB Long A (2c),12115,2,48460,-300,-0.62,0,119,0.25,-300,-0.62,30756,3.08,5
474,Exit long,2022-12-02 14:35,L-TP2,11987.75,2,47772,179,0.37,0,419,0.88,-257,-0.54,30935,3.09,65
474,Entry long,2022-12-02 09:10,ORB Long A+ (2c),11943,2,47772,179,0.37,0,419,0.88,-257,-0.54,30935,3.09,65
475,Exit short,2022-12-05 13:30,S-TP2,11756.5,2,47631,605,1.27,0,605,1.27,-173,-0.36,31540,3.15,54
475,Entry short,2022-12-05 09:00,ORB Short B (2c),11907.75,2,47631,605,1.27,0,605,1.27,-173,-0.36,31540,3.15,54
476,Exit long,2022-12-08 13:00,L-TP2,11625.5,2,46404,98,0.21,0,338,0.73,-77,-0.17,31638,3.16,49
476,Entry long,2022-12-08 08:55,ORB Long B (2c),11601,2,46404,98,0.21,0,338,0.73,-77,-0.17,31638,3.16,49
477,Exit short,2022-12-12 10:05,S-TP2,11598,2,46162,-230,-0.50,0,37,0.08,-230,-0.50,31408,3.14,4
477,Entry short,2022-12-12 09:45,ORB Short B (2c),11540.5,2,46162,-230,-0.50,0,37,0.08,-230,-0.50,31408,3.14,4
478,Exit long,2022-12-14 13:00,L-TP2,11934.5,2,48038,-300,-0.62,0,240,0.50,-300,-0.62,31108,3.11,49
478,Entry long,2022-12-14 08:55,ORB Long A (2c),12009.5,2,48038,-300,-0.62,0,240,0.50,-300,-0.62,31108,3.11,49
479,Exit short,2022-12-16 11:35,S-TP2,11352.5,2,45538,128,0.28,0,368,0.81,-44,-0.10,31236,3.12,30
479,Entry short,2022-12-16 09:05,ORB Short B (2c),11384.5,2,45538,128,0.28,0,368,0.81,-44,-0.10,31236,3.12,30
480,Exit short,2022-12-19 14:55,S-TP2,11191.5,2,45084,318,0.71,0,558,1.24,-154,-0.34,31554,3.16,74
480,Entry short,2022-12-19 08:45,ORB Short A+ (2c),11271,2,45084,318,0.71,0,558,1.24,-154,-0.34,31554,3.16,74
481,Exit long,2022-12-20 10:00,L-TP2,11187.25,2,44673,76,0.17,0,316,0.71,-41,-0.09,31630,3.16,13
481,Entry long,2022-12-20 08:55,ORB Long B (2c),11168.25,2,44673,76,0.17,0,316,0.71,-41,-0.09,31630,3.16,13
482,Exit short,2022-12-22 11:35,S-TP2,10913,2,44406,754,1.70,0,754,1.70,-93,-0.21,32384,3.24,34
482,Entry short,2022-12-22 08:45,ORB Short A (2c),11101.5,2,44406,754,1.70,0,754,1.70,-93,-0.21,32384,3.24,34
483,Exit short,2022-12-27 09:20,S-TP2,11003.25,2,43713,-300,-0.69,0,130,0.30,-300,-0.69,32084,3.21,7
483,Entry short,2022-12-27 08:45,ORB Short A (2c),10928.25,2,43713,-300,-0.69,0,130,0.30,-300,-0.69,32084,3.21,7
484,Exit short,2022-12-27 15:25,EOD Close,10922.5,2,43730,40,0.09,0,132,0.30,-146,-0.33,32124,3.21,44
484,Entry short,2022-12-27 11:45,ORB Short B+ (2c),10932.5,2,43730,40,0.09,0,132,0.30,-146,-0.33,32124,3.21,44
485,Exit short,2022-12-28 15:25,EOD Close,10773.25,2,43312,219,0.51,0,279,0.64,-256,-0.59,32343,3.23,66
485,Entry short,2022-12-28 09:55,ORB Short B (2c),10828,2,43312,219,0.51,0,279,0.64,-256,-0.59,32343,3.23,66
486,Exit short,2022-12-30 09:15,S-TP2,10939.75,2,43459,-300,-0.69,0,12,0.03,-300,-0.69,32043,3.20,6
486,Entry short,2022-12-30 08:45,ORB Short B (2c),10864.75,2,43459,-300,-0.69,0,12,0.03,-300,-0.69,32043,3.20,6
487,Exit short,2023-01-03 09:55,S-TP2,10973.25,2,44278,385,0.87,0,625,1.41,-61,-0.14,32428,3.24,14
487,Entry short,2023-01-03 08:45,ORB Short A+ (2c),11069.5,2,44278,385,0.87,0,625,1.41,-61,-0.14,32428,3.24,14
488,Exit short,2023-01-04 10:25,S-TP2,10990.5,2,43662,-300,-0.69,0,209,0.48,-300,-0.69,32128,3.21,17
488,Entry short,2023-01-04 09:00,ORB Short A (2c),10915.5,2,43662,-300,-0.69,0,209,0.48,-300,-0.69,32128,3.21,17
489,Exit short,2023-01-10 09:55,S-TP2,11205.75,2,44523,-300,-0.67,0,40,0.09,-300,-0.67,31828,3.18,3
489,Entry short,2023-01-10 09:40,ORB Short A (2c),11130.75,2,44523,-300,-0.67,0,40,0.09,-300,-0.67,31828,3.18,3
490,Exit long,2023-01-11 15:25,EOD Close,11468.25,1,22718.5,218,0.96,0,240.5,1.06,-92,-0.40,32046,3.20,76
490,Entry long,2023-01-11 09:05,ORB Long C (1c),11359.25,1,22718.5,218,0.96,0,240.5,1.06,-92,-0.40,32046,3.20,76
491,Exit long,2023-01-12 15:25,EOD Close,11527.5,2,46087,23,0.05,0,214,0.46,-279,-0.61,32069,3.21,50
491,Entry long,2023-01-12 11:15,ORB Long B+ (2c),11521.75,2,46087,23,0.05,0,214,0.46,-279,-0.61,32069,3.21,50
492,Exit long,2023-01-13 10:10,L-TP2,11478.5,2,45889,25,0.05,0,265,0.58,-1,0.00,32094,3.21,14
492,Entry long,2023-01-13 09:00,ORB Long B+ (2c),11472.25,2,45889,25,0.05,0,265,0.58,-1,0.00,32094,3.21,14
493,Exit long,2023-01-17 09:40,L-TP2,11588,2,46652,-300,-0.64,0,88,0.19,-300,-0.64,31794,3.18,8
493,Entry long,2023-01-17 09:00,ORB Long A+ (2c),11663,2,46652,-300,-0.64,0,88,0.19,-300,-0.64,31794,3.18,8
494,Exit long,2023-01-17 15:25,EOD Close,11622,2,46509,-21,-0.05,0,91,0.20,-156,-0.34,31773,3.18,53
494,Entry long,2023-01-17 11:00,ORB Long A (2c),11627.25,2,46509,-21,-0.05,0,91,0.20,-156,-0.34,31773,3.18,53
495,Exit long,2023-01-18 09:35,L-TP2,11672.25,2,46955,-266,-0.57,0,83,0.18,-266,-0.57,31507,3.15,7
495,Entry long,2023-01-18 09:00,ORB Long A (2c),11738.75,2,46955,-266,-0.57,0,83,0.18,-266,-0.57,31507,3.15,7
496,Exit long,2023-01-20 12:55,L-TP2,11603,2,45824,588,1.28,0,588,1.28,-126,-0.27,32095,3.21,49
496,Entry long,2023-01-20 08:50,ORB Long B+ (2c),11456,2,45824,588,1.28,0,588,1.28,-126,-0.27,32095,3.21,49
497,Exit long,2023-01-23 10:10,L-TP2,11933.75,2,47130,605,1.28,0,605,1.28,-7,-0.01,32700,3.27,17
497,Entry long,2023-01-23 08:45,ORB Long A (2c),11782.5,2,47130,605,1.28,0,605,1.28,-7,-0.01,32700,3.27,17
498,Exit long,2023-01-24 09:05,L-TP2,11841,2,47664,-300,-0.63,0,143,0.30,-300,-0.63,32400,3.24,4
498,Entry long,2023-01-24 08:45,ORB Long A+ (2c),11916,2,47664,-300,-0.63,0,143,0.30,-300,-0.63,32400,3.24,4
499,Exit long,2023-01-24 15:25,EOD Close,11974.5,2,47617,281,0.59,0,423,0.89,-188,-0.39,32681,3.27,75
499,Entry long,2023-01-24 09:10,ORB Long A (2c),11904.25,2,47617,281,0.59,0,423,0.89,-188,-0.39,32681,3.27,75
500,Exit long,2023-01-25 14:00,L-TP2,11883.25,2,46919,614,1.31,0,614,1.31,-70,-0.15,33295,3.33,45
500,Entry long,2023-01-25 10:15,ORB Long A (2c),11729.75,2,46919,614,1.31,0,614,1.31,-70,-0.15,33295,3.33,45
501,Exit short,2023-01-26 10:35,S-TP2,11964,1,23946,18,0.08,0,138,0.58,-60,-0.25,33313,3.33,12
501,Entry short,2023-01-26 09:35,ORB Short C (1c),11973,1,23946,18,0.08,0,138,0.58,-60,-0.25,33313,3.33,12
502,Exit long,2023-01-27 14:00,L-TP2,12283.75,2,48519,616,1.27,0,616,1.27,-149,-0.31,33929,3.39,63
502,Entry long,2023-01-27 08:45,ORB Long A+ (2c),12129.75,2,48519,616,1.27,0,616,1.27,-149,-0.31,33929,3.39,63
503,Exit long,2023-01-30 09:20,L-TP2,12059.25,2,48477,-240,-0.50,0,97,0.20,-240,-0.50,33689,3.37,7
503,Entry long,2023-01-30 08:45,ORB Long A (2c),12119.25,2,48477,-240,-0.50,0,97,0.20,-240,-0.50,33689,3.37,7
504,Exit long,2023-01-31 15:25,EOD Close,12123.75,2,48164,331,0.69,0,460,0.96,-256,-0.53,34020,3.40,80
504,Entry long,2023-01-31 08:45,ORB Long A+ (2c),12041,2,48164,331,0.69,0,460,0.96,-256,-0.53,34020,3.40,80
505,Exit long,2023-02-03 09:55,L-TP2,12797.25,2,50909,280,0.55,0,520,1.02,-235,-0.46,34300,3.43,14
505,Entry long,2023-02-03 08:45,ORB Long B (2c),12727.25,2,50909,280,0.55,0,520,1.02,-235,-0.46,34300,3.43,14
506,Exit long,2023-02-06 09:20,L-TP2,12502,2,50286,-278,-0.55,0,83,0.17,-278,-0.55,34022,3.40,4
506,Entry long,2023-02-06 09:00,ORB Long A (2c),12571.5,2,50286,-278,-0.55,0,83,0.17,-278,-0.55,34022,3.40,4
507,Exit long,2023-02-06 14:10,L-TP2,12502,2,50305,-297,-0.59,0,130,0.26,-297,-0.59,33725,3.37,47
507,Entry long,2023-02-06 10:15,ORB Long B+ (2c),12576.25,2,50305,-297,-0.59,0,130,0.26,-297,-0.59,33725,3.37,47
508,Exit long,2023-02-07 11:45,L-TP2,12683.75,1,25107,260.5,1.04,0,260.5,1.04,-35,-0.14,33985.5,3.40,20
508,Entry long,2023-02-07 10:05,ORB Long C+ (1c),12553.5,1,25107,260.5,1.04,0,260.5,1.04,-35,-0.14,33985.5,3.40,20
509,Exit short,2023-02-08 10:25,S-TP2,12524.75,1,25362,312.5,1.23,0,312.5,1.23,-106,-0.42,34298,3.43,19
509,Entry short,2023-02-08 08:50,ORB Short C (1c),12681,1,25362,312.5,1.23,0,312.5,1.23,-106,-0.42,34298,3.43,19
510,Exit long,2023-02-10 09:50,L-TP2,12322.25,2,49589,-300,-0.60,0,98,0.20,-300,-0.60,33998,3.40,7
510,Entry long,2023-02-10 09:15,ORB Long B (2c),12397.25,2,49589,-300,-0.60,0,98,0.20,-300,-0.60,33998,3.40,7
511,Exit long,2023-02-13 13:30,L-TP2,12507.75,2,49844,187,0.38,0,427,0.86,-180,-0.36,34185,3.42,55
511,Entry long,2023-02-13 08:55,ORB Long A+ (2c),12461,2,49844,187,0.38,0,427,0.86,-180,-0.36,34185,3.42,55
512,Exit long,2023-02-14 09:25,L-TP2,12613.25,2,50168,285,0.57,0,525,1.05,-94,-0.19,34470,3.45,8
512,Entry long,2023-02-14 08:45,ORB Long B+ (2c),12542,2,50168,285,0.57,0,525,1.05,-94,-0.19,34470,3.45,8
513,Exit long,2023-02-14 12:40,L-TP2,12562.5,2,50109,141,0.28,0,381,0.76,-139,-0.28,34611,3.46,14
513,Entry long,2023-02-14 11:30,ORB Long B+ (2c),12527.25,2,50109,141,0.28,0,381,0.76,-139,-0.28,34611,3.46,14
514,Exit long,2023-02-15 08:50,L-TP2,12553,2,50512,-300,-0.59,0,14,0.03,-300,-0.59,34311,3.43,1
514,Entry long,2023-02-15 08:45,ORB Long A (2c),12628,2,50512,-300,-0.59,0,14,0.03,-300,-0.59,34311,3.43,1
515,Exit long,2023-02-15 15:25,EOD Close,12748,2,50529,463,0.92,0,498,0.99,-106,-0.21,34774,3.48,60
515,Entry long,2023-02-15 10:25,ORB Long B+ (2c),12632.25,2,50529,463,0.92,0,498,0.99,-106,-0.21,34774,3.48,60
516,Exit short,2023-02-24 15:25,EOD Close,12004,2,47869,-147,-0.31,0,178,0.37,-217,-0.45,34627,3.46,80
516,Entry short,2023-02-24 08:45,ORB Short A (2c),11967.25,2,47869,-147,-0.31,0,178,0.37,-217,-0.45,34627,3.46,80
517,Exit long,2023-02-28 15:00,L-TP2,12041.25,2,48455,-290,-0.60,0,240,0.50,-290,-0.60,34337,3.43,72
517,Entry long,2023-02-28 09:00,ORB Long B (2c),12113.75,2,48455,-290,-0.60,0,240,0.50,-290,-0.60,34337,3.43,72
518,Exit short,2023-03-01 15:25,EOD Close,11981.75,2,47924,-3,-0.01,0,224,0.47,-228,-0.48,34334,3.43,76
518,Entry short,2023-03-01 09:05,ORB Short A+ (2c),11981,2,47924,-3,-0.01,0,224,0.47,-228,-0.48,34334,3.43,76
519,Exit short,2023-03-10 09:00,S-TP2,11961.25,2,47545,-300,-0.63,0,73,0.15,-300,-0.63,34034,3.40,3
519,Entry short,2023-03-10 08:45,ORB Short B+ (2c),11886.25,2,47545,-300,-0.63,0,73,0.15,-300,-0.63,34034,3.40,3
520,Exit short,2023-03-10 13:05,S-TP2,11856.5,1,23766.5,53.5,0.23,0,173.5,0.73,-19,-0.08,34087.5,3.41,10
520,Entry short,2023-03-10 12:15,ORB Short C+ (1c),11883.25,1,23766.5,53.5,0.23,0,173.5,0.73,-19,-0.08,34087.5,3.41,10
521,Exit long,2023-03-14 13:00,L-TP2,12219.5,2,49178,-300,-0.61,0,248,0.50,-300,-0.61,33787.5,3.38,44
521,Entry long,2023-03-14 09:20,ORB Long B (2c),12294.5,2,49178,-300,-0.61,0,248,0.50,-300,-0.61,33787.5,3.38,44
522,Exit long,2023-03-15 11:05,L-TP2,12223.75,1,24597.5,-150,-0.61,0,5,0.02,-150,-0.61,33637.5,3.36,4
522,Entry long,2023-03-15 10:45,ORB Long C (1c),12298.75,1,24597.5,-150,-0.61,0,5,0.02,-150,-0.61,33637.5,3.36,4
523,Exit long,2023-03-15 13:50,L-TP2,12329.5,1,24565.5,93.5,0.38,0,213.5,0.87,-95,-0.39,33731,3.37,17
523,Entry long,2023-03-15 12:25,ORB Long C (1c),12282.75,1,24565.5,93.5,0.38,0,213.5,0.87,-95,-0.39,33731,3.37,17
524,Exit long,2023-03-16 10:25,L-TP2,12583.75,2,49668,667,1.34,0,667,1.34,-216,-0.43,34398,3.44,18
524,Entry long,2023-03-16 08:55,ORB Long B+ (2c),12417,2,49668,667,1.34,0,667,1.34,-216,-0.43,34398,3.44,18
525,Exit long,2023-03-17 09:15,L-TP2,12718,2,51172,-300,-0.59,0,17,0.03,-300,-0.59,34098,3.41,3
525,Entry long,2023-03-17 09:00,ORB Long A (2c),12793,2,51172,-300,-0.59,0,17,0.03,-300,-0.59,34098,3.41,3
526,Exit short,2023-03-17 10:15,S-TP2,12665.5,1,25374.5,43.5,0.17,0,163.5,0.64,-32.5,-0.13,34141.5,3.41,10
526,Entry short,2023-03-17 09:25,ORB Short C (1c),12687.25,1,25374.5,43.5,0.17,0,163.5,0.64,-32.5,-0.13,34141.5,3.41,10
527,Exit long,2023-03-20 15:25,EOD Close,12690.25,2,50541,220,0.44,0,291,0.58,-279,-0.55,34361.5,3.44,68
527,Entry long,2023-03-20 09:45,ORB Long A (2c),12635.25,2,50541,220,0.44,0,291,0.58,-279,-0.55,34361.5,3.44,68
528,Exit long,2023-03-23 10:45,L-TP2,12971.5,3,77364,465,0.60,0,825,1.07,-36,-0.05,34826.5,3.48,21
528,Entry long,2023-03-23 09:00,ORB Long A (3c),12894,3,77364,465,0.60,0,825,1.07,-36,-0.05,34826.5,3.48,21
529,Exit long,2023-03-27 09:30,L-TP2,12881.75,2,51773,-246,-0.48,0,88,0.17,-246,-0.48,34580.5,3.46,9
529,Entry long,2023-03-27 08:45,ORB Long A+ (2c),12943.25,2,51773,-246,-0.48,0,88,0.17,-246,-0.48,34580.5,3.46,9
530,Exit short,2023-03-27 12:40,S-TP2,12825.75,1,25758.5,107,0.42,0,227,0.88,-38.5,-0.15,34687.5,3.47,36
530,Entry short,2023-03-27 09:40,ORB Short C (1c),12879.25,1,25758.5,107,0.42,0,227,0.88,-38.5,-0.15,34687.5,3.47,36
531,Exit long,2023-03-31 14:20,L-TP2,13283.75,2,52590,545,1.04,0,545,1.04,-69,-0.13,35232.5,3.52,67
531,Entry long,2023-03-31 08:45,ORB Long A+ (2c),13147.5,2,52590,545,1.04,0,545,1.04,-69,-0.13,35232.5,3.52,67
532,Exit long,2023-04-03 09:50,L-TP2,13197.75,2,53040,-249,-0.47,0,33,0.06,-249,-0.47,34983.5,3.50,13
532,Entry long,2023-04-03 08:45,ORB Long A (2c),13260,2,53040,-249,-0.47,0,33,0.06,-249,-0.47,34983.5,3.50,13
533,Exit long,2023-04-04 10:05,L-TP2,13232,2,53210,-282,-0.53,0,97,0.18,-282,-0.53,34701.5,3.47,13
533,Entry long,2023-04-04 09:00,ORB Long A (2c),13302.5,2,53210,-282,-0.53,0,97,0.18,-282,-0.53,34701.5,3.47,13
534,Exit long,2023-04-06 11:00,L-TP2,13152.25,2,52104,505,0.97,0,505,0.97,-74,-0.14,35206.5,3.52,23
534,Entry long,2023-04-06 09:05,ORB Long A+ (2c),13026,2,52104,505,0.97,0,505,0.97,-74,-0.14,35206.5,3.52,23
535,Exit short,2023-04-10 10:05,S-TP2,13050.5,2,51933,-269,-0.52,0,63,0.12,-269,-0.52,34937.5,3.49,16
535,Entry short,2023-04-10 08:45,ORB Short B (2c),12983.25,2,51933,-269,-0.52,0,63,0.12,-269,-0.52,34937.5,3.49,16
536,Exit long,2023-04-10 15:25,EOD Close,13169.75,2,52265,414,0.79,0,428,0.82,-1,0.00,35351.5,3.54,47
536,Entry long,2023-04-10 11:30,ORB Long A (2c),13066.25,2,52265,414,0.79,0,428,0.82,-1,0.00,35351.5,3.54,47
537,Exit long,2023-04-13 15:25,EOD Close,13200.5,2,52384,418,0.80,0,530,1.01,-25,-0.05,35769.5,3.58,76
537,Entry long,2023-04-13 09:05,ORB Long A+ (2c),13096,2,52384,418,0.80,0,530,1.01,-25,-0.05,35769.5,3.58,76
538,Exit long,2023-04-14 09:20,L-TP2,13148,2,52892,-300,-0.57,0,128,0.24,-300,-0.57,35469.5,3.55,7
538,Entry long,2023-04-14 08:45,ORB Long A (2c),13223,2,52892,-300,-0.57,0,128,0.24,-300,-0.57,35469.5,3.55,7
539,Exit long,2023-04-19 15:00,L-TP2,13167,2,52542,126,0.24,0,366,0.70,-46,-0.09,35595.5,3.56,65
539,Entry long,2023-04-19 09:35,ORB Long A (2c),13135.5,2,52542,126,0.24,0,366,0.70,-46,-0.09,35595.5,3.56,65
540,Exit long,2023-04-20 13:15,L-TP2,13139.75,2,52461,98,0.19,0,338,0.64,-94,-0.18,35693.5,3.57,54
540,Entry long,2023-04-20 08:45,ORB Long A (2c),13115.25,2,52461,98,0.19,0,338,0.64,-94,-0.18,35693.5,3.57,54
541,Exit short,2023-04-24 15:25,EOD Close,13063.25,1,26062,-64.5,-0.25,0,127.5,0.49,-74,-0.28,35629,3.56,70
541,Entry short,2023-04-24 09:35,ORB Short C (1c),13031,1,26062,-64.5,-0.25,0,127.5,0.49,-74,-0.28,35629,3.56,70
542,Exit long,2023-04-28 10:00,L-TP2,13191,2,53064,-300,-0.57,0,109,0.21,-300,-0.57,35329,3.53,10
542,Entry long,2023-04-28 09:10,ORB Long A (2c),13266,2,53064,-300,-0.57,0,109,0.21,-300,-0.57,35329,3.53,10
543,Exit long,2023-04-28 15:25,EOD Close,13326,2,53002,302,0.57,0,345,0.65,-59,-0.11,35631,3.56,56
543,Entry long,2023-04-28 10:45,ORB Long B+ (2c),13250.5,2,53002,302,0.57,0,345,0.65,-59,-0.11,35631,3.56,56
544,Exit short,2023-05-02 10:30,S-TP2,13116.25,2,53058,593,1.12,0,593,1.12,-12,-0.02,36224,3.62,17
544,Entry short,2023-05-02 09:05,ORB Short B (2c),13264.5,2,53058,593,1.12,0,593,1.12,-12,-0.02,36224,3.62,17
545,Exit long,2023-05-05 12:20,L-TP2,13282.25,2,52709,420,0.80,0,420,0.80,-37,-0.07,36644,3.66,43
545,Entry long,2023-05-05 08:45,ORB Long A (2c),13177.25,2,52709,420,0.80,0,420,0.80,-37,-0.07,36644,3.66,43
546,Exit long,2023-05-10 09:40,L-TP2,13348.75,1,26847.5,-150,-0.56,0,20.5,0.08,-150,-0.56,36494,3.65,7
546,Entry long,2023-05-10 09:05,ORB Long C (1c),13423.75,1,26847.5,-150,-0.56,0,20.5,0.08,-150,-0.56,36494,3.65,7
547,Exit short,2023-05-11 10:25,S-TP2,13433.5,1,26753,-114,-0.43,0,30,0.11,-114,-0.43,36380,3.64,11
547,Entry short,2023-05-11 09:30,ORB Short C (1c),13376.5,1,26753,-114,-0.43,0,30,0.11,-114,-0.43,36380,3.64,11
548,Exit long,2023-05-11 15:25,EOD Close,13443,2,53737,35,0.07,0,151,0.28,-163,-0.30,36415,3.64,60
548,Entry long,2023-05-11 10:25,ORB Long A (2c),13434.25,2,53737,35,0.07,0,151,0.28,-163,-0.30,36415,3.64,60
549,Exit long,2023-05-16 15:25,EOD Close,13503,2,54015,-3,-0.01,0,202,0.37,-208,-0.39,36412,3.64,80
549,Entry long,2023-05-16 08:45,ORB Long A (2c),13503.75,2,54015,-3,-0.01,0,202,0.37,-208,-0.39,36412,3.64,80
550,Exit long,2023-05-18 10:40,L-TP2,13833.75,2,54851,484,0.88,0,484,0.88,-49,-0.09,36896,3.69,21
550,Entry long,2023-05-18 08:55,ORB Long A (2c),13712.75,2,54851,484,0.88,0,484,0.88,-49,-0.09,36896,3.69,21
551,Exit long,2023-05-22 15:25,EOD Close,13910.75,2,55712,-69,-0.12,0,75,0.13,-264,-0.47,36827,3.68,80
551,Entry long,2023-05-22 08:45,ORB Long A (2c),13928,2,55712,-69,-0.12,0,75,0.13,-264,-0.47,36827,3.68,80
552,Exit short,2023-05-23 15:25,EOD Close,13728.25,2,55221,308,0.56,0,377,0.68,-55,-0.10,37135,3.71,46
552,Entry short,2023-05-23 11:35,ORB Short B (2c),13805.25,2,55221,308,0.56,0,377,0.68,-55,-0.10,37135,3.71,46
553,Exit long,2023-05-25 15:25,EOD Close,13987,2,55905,43,0.08,0,221,0.40,-220,-0.39,37178,3.72,63
553,Entry long,2023-05-25 10:10,ORB Long B+ (2c),13976.25,2,55905,43,0.08,0,221,0.40,-220,-0.39,37178,3.72,63
554,Exit long,2023-05-26 09:40,L-TP2,14233.75,2,56385,550,0.98,0,550,0.98,-2,0.00,37728,3.77,11
554,Entry long,2023-05-26 08:45,ORB Long A+ (2c),14096.25,2,56385,550,0.98,0,550,0.98,-2,0.00,37728,3.77,11
555,Exit long,2023-05-31 09:10,L-TP2,14324,2,57581,-285,-0.49,0,51,0.09,-285,-0.49,37443,3.74,5
555,Entry long,2023-05-31 08:45,ORB Long A+ (2c),14395.25,2,57581,-285,-0.49,0,51,0.09,-285,-0.49,37443,3.74,5
556,Exit short,2023-05-31 12:25,S-TP2,14312.5,2,57295,45,0.08,0,285,0.50,-50,-0.09,37488,3.75,39
556,Entry short,2023-05-31 09:10,ORB Short B (2c),14323.75,2,57295,45,0.08,0,285,0.50,-50,-0.09,37488,3.75,39
557,Exit long,2023-06-01 12:50,L-TP2,14483.75,2,57292,643,1.12,0,643,1.12,-201,-0.35,38131,3.81,46
557,Entry long,2023-06-01 09:00,ORB Long A+ (2c),14323,2,57292,643,1.12,0,643,1.12,-201,-0.35,38131,3.81,46
558,Exit long,2023-06-05 13:30,L-TP2,14581.5,2,58626,-300,-0.51,0,155,0.26,-300,-0.51,37831,3.78,44
558,Entry long,2023-06-05 09:50,ORB Long A (2c),14656.5,2,58626,-300,-0.51,0,155,0.26,-300,-0.51,37831,3.78,44
559,Exit long,2023-06-06 11:35,L-TP2,14564,2,58246,10,0.02,0,250,0.43,-86,-0.15,37841,3.78,28
559,Entry long,2023-06-06 09:15,ORB Long B (2c),14561.5,2,58246,10,0.02,0,250,0.43,-86,-0.15,37841,3.78,28
560,Exit long,2023-06-06 15:25,EOD Close,14589.25,2,58303,54,0.09,0,110,0.19,-144,-0.25,37895,3.79,39
560,Entry long,2023-06-06 12:10,ORB Long B+ (2c),14575.75,2,58303,54,0.09,0,110,0.19,-144,-0.25,37895,3.79,39
561,Exit long,2023-06-08 12:20,L-TP2,14463.5,2,57624,230,0.40,0,470,0.82,-59,-0.10,38125,3.81,38
561,Entry long,2023-06-08 09:10,ORB Long A (2c),14406,2,57624,230,0.40,0,470,0.82,-59,-0.10,38125,3.81,38
562,Exit long,2023-06-09 10:25,L-TP2,14559.25,2,58537,-300,-0.51,0,215,0.37,-300,-0.51,37825,3.78,20
562,Entry long,2023-06-09 08:45,ORB Long A+ (2c),14634.25,2,58537,-300,-0.51,0,215,0.37,-300,-0.51,37825,3.78,20
563,Exit short,2023-06-09 15:25,EOD Close,14570.25,1,29102.5,-38,-0.13,0,110.5,0.38,-127.5,-0.44,37787,3.78,60
563,Entry short,2023-06-09 10:25,ORB Short C+ (1c),14551.25,1,29102.5,-38,-0.13,0,110.5,0.38,-127.5,-0.44,37787,3.78,60
564,Exit short,2023-06-13 09:35,S-TP2,15022.75,2,60170,79,0.13,0,319,0.53,-95,-0.16,37866,3.79,10
564,Entry short,2023-06-13 08:45,ORB Short B (2c),15042.5,2,60170,79,0.13,0,319,0.53,-95,-0.16,37866,3.79,10
565,Exit long,2023-06-14 11:05,L-TP2,15155.75,2,60468,155,0.26,0,395,0.65,-53,-0.09,38021,3.80,28
565,Entry long,2023-06-14 08:45,ORB Long A (2c),15117,2,60468,155,0.26,0,395,0.65,-53,-0.09,38021,3.80,28
566,Exit long,2023-06-15 12:15,L-TP2,15264.75,2,60768,291,0.48,0,531,0.87,-44,-0.07,38312,3.83,42
566,Entry long,2023-06-15 08:45,ORB Long A (2c),15192,2,60768,291,0.48,0,531,0.87,-44,-0.07,38312,3.83,42
567,Exit long,2023-06-20 09:00,L-TP2,15222.5,2,61190,-300,-0.49,0,10,0.02,-300,-0.49,38012,3.80,3
567,Entry long,2023-06-20 08:45,ORB Long B+ (2c),15297.5,2,61190,-300,-0.49,0,10,0.02,-300,-0.49,38012,3.80,3
568,Exit long,2023-06-22 09:40,L-TP2,15089.25,2,60278,79,0.13,0,319,0.53,-57,-0.09,38091,3.81,11
568,Entry long,2023-06-22 08:45,ORB Long B+ (2c),15069.5,2,60278,79,0.13,0,319,0.53,-57,-0.09,38091,3.81,11
569,Exit long,2023-06-23 15:25,EOD Close,15051.5,2,60412,-206,-0.34,0,210,0.35,-289,-0.48,37885,3.79,50
569,Entry long,2023-06-23 11:15,ORB Long B (2c),15103,2,60412,-206,-0.34,0,210,0.35,-289,-0.48,37885,3.79,50
570,Exit long,2023-06-26 09:40,L-TP2,15048,2,60492,-300,-0.50,0,117,0.19,-300,-0.50,37585,3.76,10
570,Entry long,2023-06-26 08:50,ORB Long A+ (2c),15123,2,60492,-300,-0.50,0,117,0.19,-300,-0.50,37585,3.76,10
571,Exit short,2023-06-26 11:30,S-TP2,14907.5,1,30048,233,0.78,0,233,0.78,-18.5,-0.06,37818,3.78,16
571,Entry short,2023-06-26 10:10,ORB Short C (1c),15024,1,30048,233,0.78,0,233,0.78,-18.5,-0.06,37818,3.78,16
572,Exit long,2023-06-27 13:35,L-TP2,15133.75,2,59929,606,1.01,0,606,1.01,-33,-0.06,38424,3.84,38
572,Entry long,2023-06-27 10:25,ORB Long A (2c),14982.25,2,59929,606,1.01,0,606,1.01,-33,-0.06,38424,3.84,38
573,Exit long,2023-06-28 10:10,L-TP2,15146.75,2,60456,131,0.22,0,371,0.61,-54,-0.09,38555,3.86,11
573,Entry long,2023-06-28 09:15,ORB Long A+ (2c),15114,2,60456,131,0.22,0,371,0.61,-54,-0.09,38555,3.86,11
574,Exit long,2023-06-28 15:25,EOD Close,15164.5,2,60451,207,0.34,0,266,0.44,-190,-0.31,38762,3.88,37
574,Entry long,2023-06-28 12:20,ORB Long A (2c),15112.75,2,60451,207,0.34,0,266,0.44,-190,-0.31,38762,3.88,37
575,Exit long,2023-06-30 15:25,EOD Close,15314,2,61309,-53,-0.09,0,197,0.32,-179,-0.29,38709,3.87,80
575,Entry long,2023-06-30 08:45,ORB Long A+ (2c),15327.25,2,61309,-53,-0.09,0,197,0.32,-179,-0.29,38709,3.87,80
576,Exit long,2023-07-05 15:25,EOD Close,15355.25,2,61539,-118,-0.19,0,188,0.31,-242,-0.39,38591,3.86,79
576,Entry long,2023-07-05 08:50,ORB Long B+ (2c),15384.75,2,61539,-118,-0.19,0,188,0.31,-242,-0.39,38591,3.86,79
577,Exit long,2023-07-06 15:25,EOD Close,15226.75,2,60862,45,0.07,0,147,0.24,-96,-0.16,38636,3.86,42
577,Entry long,2023-07-06 11:55,ORB Long B (2c),15215.5,2,60862,45,0.07,0,147,0.24,-96,-0.16,38636,3.86,42
578,Exit long,2023-07-07 09:30,L-TP2,15188.5,2,60993,-239,-0.39,0,119,0.20,-239,-0.39,38397,3.84,9
578,Entry long,2023-07-07 08:45,ORB Long A+ (2c),15248.25,2,60993,-239,-0.39,0,119,0.20,-239,-0.39,38397,3.84,9
579,Exit short,2023-07-07 09:50,S-TP2,15243,2,60738,-234,-0.39,0,15,0.02,-234,-0.39,38163,3.82,4
579,Entry short,2023-07-07 09:30,ORB Short B (2c),15184.5,2,60738,-234,-0.39,0,15,0.02,-234,-0.39,38163,3.82,4
580,Exit long,2023-07-07 13:40,L-TP2,15299.75,2,61015,184,0.30,0,424,0.69,-53,-0.09,38347,3.83,44
580,Entry long,2023-07-07 10:00,ORB Long A (2c),15253.75,2,61015,184,0.30,0,424,0.69,-53,-0.09,38347,3.83,44
581,Exit long,2023-07-11 13:35,L-TP2,15161,2,60944,-300,-0.49,0,56,0.09,-300,-0.49,38047,3.80,32
581,Entry long,2023-07-11 10:55,ORB Long B (2c),15236,2,60944,-300,-0.49,0,56,0.09,-300,-0.49,38047,3.80,32
582,Exit long,2023-07-13 15:25,EOD Close,15699.25,2,62479,318,0.51,0,486,0.78,-249,-0.40,38365,3.84,79
582,Entry long,2023-07-13 08:50,ORB Long A+ (2c),15619.75,2,62479,318,0.51,0,486,0.78,-249,-0.40,38365,3.84,79
583,Exit long,2023-07-14 12:05,L-TP2,15731,2,63224,-300,-0.47,0,206,0.33,-300,-0.47,38065,3.81,39
583,Entry long,2023-07-14 08:50,ORB Long A (2c),15806,2,63224,-300,-0.47,0,206,0.33,-300,-0.47,38065,3.81,39
584,Exit long,2023-07-17 15:00,L-TP2,15826.75,2,63137,170,0.27,0,410,0.65,-96,-0.15,38235,3.82,54
584,Entry long,2023-07-17 10:30,ORB Long B+ (2c),15784.25,2,63137,170,0.27,0,410,0.65,-96,-0.15,38235,3.82,54
585,Exit long,2023-07-18 13:15,L-TP2,15983.75,2,63326,609,0.96,0,609,0.96,-1,0.00,38844,3.88,31
585,Entry long,2023-07-18 10:40,ORB Long A+ (2c),15831.5,2,63326,609,0.96,0,609,0.96,-1,0.00,38844,3.88,31
586,Exit long,2023-07-19 11:20,L-TP2,15978,2,64166,-254,-0.40,0,84,0.13,-254,-0.40,38590,3.86,14
586,Entry long,2023-07-19 10:10,ORB Long A (2c),16041.5,2,64166,-254,-0.40,0,84,0.13,-254,-0.40,38590,3.86,14
587,Exit short,2023-07-19 15:25,EOD Close,15937.75,1,31920,44.5,0.14,0,98,0.31,-79.5,-0.25,38634.5,3.86,46
587,Entry short,2023-07-19 11:35,ORB Short C (1c),15960,1,31920,44.5,0.14,0,98,0.31,-79.5,-0.25,38634.5,3.86,46
588,Exit short,2023-07-20 10:00,S-TP2,15759.25,2,63289,252,0.40,0,492,0.78,-39,-0.06,38886.5,3.89,12
588,Entry short,2023-07-20 09:00,ORB Short B (2c),15822.25,2,63289,252,0.40,0,492,0.78,-39,-0.06,38886.5,3.89,12
589,Exit long,2023-07-25 14:55,L-TP2,15676,2,62579,125,0.20,0,365,0.58,-168,-0.27,39011.5,3.90,74
589,Entry long,2023-07-25 08:45,ORB Long B+ (2c),15644.75,2,62579,125,0.20,0,365,0.58,-168,-0.27,39011.5,3.90,74
590,Exit short,2023-07-27 13:25,S-TP2,15627.5,1,31603,348,1.10,0,348,1.10,-26.5,-0.08,39359.5,3.94,16
590,Entry short,2023-07-27 12:05,ORB Short C (1c),15801.5,1,31603,348,1.10,0,348,1.10,-26.5,-0.08,39359.5,3.94,16
591,Exit long,2023-07-28 12:05,L-TP2,15835.75,2,63203,140,0.22,0,380,0.60,-77,-0.12,39499.5,3.95,40
591,Entry long,2023-07-28 08:45,ORB Long A (2c),15800.75,2,63203,140,0.22,0,380,0.60,-77,-0.12,39499.5,3.95,40
592,Exit short,2023-08-07 13:00,S-TP2,15457.75,2,61531,-300,-0.49,0,193,0.31,-300,-0.49,39199.5,3.92,51
592,Entry short,2023-08-07 08:45,ORB Short A (2c),15382.75,2,61531,-300,-0.49,0,193,0.31,-300,-0.49,39199.5,3.92,51
593,Exit short,2023-08-08 11:15,S-TP2,15276.25,2,61146,41,0.07,0,281,0.46,-85,-0.14,39240.5,3.92,30
593,Entry short,2023-08-08 08:45,ORB Short A (2c),15286.5,2,61146,41,0.07,0,281,0.46,-85,-0.14,39240.5,3.92,30
594,Exit short,2023-08-09 11:25,S-TP2,15205,2,61111,291,0.48,0,531,0.87,-95,-0.16,39531.5,3.95,31
594,Entry short,2023-08-09 08:50,ORB Short A (2c),15277.75,2,61111,291,0.48,0,531,0.87,-95,-0.16,39531.5,3.95,31
595,Exit long,2023-08-10 10:00,L-TP2,15302.5,2,61510,-300,-0.49,0,257,0.42,-300,-0.49,39231.5,3.92,15
595,Entry long,2023-08-10 08:45,ORB Long B (2c),15377.5,2,61510,-300,-0.49,0,257,0.42,-300,-0.49,39231.5,3.92,15
596,Exit short,2023-08-10 13:05,S-TP2,15196,2,61088,304,0.50,0,544,0.89,-217,-0.36,39535.5,3.95,33
596,Entry short,2023-08-10 10:20,ORB Short A (2c),15272,2,61088,304,0.50,0,544,0.89,-217,-0.36,39535.5,3.95,33
597,Exit short,2023-08-11 11:15,S-TP2,15116,2,60164,-300,-0.50,0,6,0.01,-300,-0.50,39235.5,3.92,9
597,Entry short,2023-08-11 10:30,ORB Short B+ (2c),15041,2,60164,-300,-0.50,0,6,0.01,-300,-0.50,39235.5,3.92,9
598,Exit short,2023-08-11 13:25,S-TP2,15116.75,2,60228,-239,-0.40,0,14,0.02,-239,-0.40,38996.5,3.90,16
598,Entry short,2023-08-11 12:05,ORB Short B+ (2c),15057,2,60228,-239,-0.40,0,14,0.02,-239,-0.40,38996.5,3.90,16
599,Exit long,2023-08-14 11:15,L-TP2,15188.5,2,60464,290,0.48,0,530,0.88,-64,-0.11,39286.5,3.93,29
599,Entry long,2023-08-14 08:50,ORB Long B (2c),15116,2,60464,290,0.48,0,530,0.88,-64,-0.11,39286.5,3.93,29
600,Exit short,2023-08-15 10:00,S-TP2,15168,2,60785,113,0.19,0,353,0.58,-84,-0.14,39399.5,3.94,15
600,Entry short,2023-08-15 08:45,ORB Short A (2c),15196.25,2,60785,113,0.19,0,353,0.58,-84,-0.14,39399.5,3.94,15
601,Exit short,2023-08-16 15:25,EOD Close,14924.75,2,60178,479,0.80,0,489,0.81,-170,-0.28,39878.5,3.99,54
601,Entry short,2023-08-16 10:55,ORB Short B+ (2c),15044.5,2,60178,479,0.80,0,489,0.81,-170,-0.28,39878.5,3.99,54
602,Exit short,2023-08-17 14:15,S-TP2,14755.25,2,59661,640,1.07,0,640,1.07,-170,-0.28,40518.5,4.05,65
602,Entry short,2023-08-17 08:50,ORB Short A+ (2c),14915.25,2,59661,640,1.07,0,640,1.07,-170,-0.28,40518.5,4.05,65
603,Exit short,2023-08-21 11:20,S-TP2,14870.25,2,59181,-300,-0.51,0,28,0.05,-300,-0.51,40218.5,4.02,8
603,Entry short,2023-08-21 10:40,ORB Short B (2c),14795.25,2,59181,-300,-0.51,0,28,0.05,-300,-0.51,40218.5,4.02,8
604,Exit short,2023-08-22 11:50,S-TP2,14993.25,2,60063,90,0.15,0,330,0.55,-164,-0.27,40308.5,4.03,36
604,Entry short,2023-08-22 08:50,ORB Short B+ (2c),15015.75,2,60063,90,0.15,0,330,0.55,-164,-0.27,40308.5,4.03,36
605,Exit short,2023-08-25 10:05,S-TP2,14812.75,2,59551,300,0.50,0,540,0.91,-80,-0.13,40608.5,4.06,8
605,Entry short,2023-08-25 09:25,ORB Short B+ (2c),14887.75,2,59551,300,0.50,0,540,0.91,-80,-0.13,40608.5,4.06,8
606,Exit short,2023-08-25 13:20,S-TP2,14948,2,59494,-298,-0.50,0,146,0.25,-298,-0.50,40310.5,4.03,13
606,Entry short,2023-08-25 12:15,ORB Short B+ (2c),14873.5,2,59494,-298,-0.50,0,146,0.25,-298,-0.50,40310.5,4.03,13
607,Exit short,2023-08-28 14:45,S-TP2,15108.25,2,60133,-300,-0.50,0,199,0.33,-300,-0.50,40010.5,4.00,61
607,Entry short,2023-08-28 09:40,ORB Short B (2c),15033.25,2,60133,-300,-0.50,0,199,0.33,-300,-0.50,40010.5,4.00,61
608,Exit long,2023-08-30 09:25,L-TP2,15388.5,2,61854,-300,-0.49,0,176,0.28,-300,-0.49,39710.5,3.97,7
608,Entry long,2023-08-30 08:50,ORB Long B (2c),15463.5,2,61854,-300,-0.49,0,176,0.28,-300,-0.49,39710.5,3.97,7
609,Exit long,2023-08-30 15:25,EOD Close,15512,2,61801,247,0.40,0,297,0.48,-94,-0.15,39957.5,4.00,70
609,Entry long,2023-08-30 09:35,ORB Long B (2c),15450.25,2,61801,247,0.40,0,297,0.48,-94,-0.15,39957.5,4.00,70
610,Exit long,2023-08-31 15:25,EOD Close,15541.25,2,62267,-102,-0.16,0,160,0.26,-292,-0.47,39855.5,3.99,78
610,Entry long,2023-08-31 08:55,ORB Long A+ (2c),15566.75,2,62267,-102,-0.16,0,160,0.26,-292,-0.47,39855.5,3.99,78
611,Exit long,2023-09-05 10:35,L-TP2,15517.25,2,62043,26,0.04,0,266,0.43,-135,-0.22,39881.5,3.99,15
611,Entry long,2023-09-05 09:20,ORB Long B (2c),15510.75,2,62043,26,0.04,0,266,0.43,-135,-0.22,39881.5,3.99,15
612,Exit short,2023-09-11 12:30,S-TP2,15440,2,61460,-300,-0.49,0,105,0.17,-300,-0.49,39581.5,3.96,43
612,Entry short,2023-09-11 08:55,ORB Short B (2c),15365,2,61460,-300,-0.49,0,105,0.17,-300,-0.49,39581.5,3.96,43
613,Exit long,2023-09-11 15:25,EOD Close,15477.25,2,61808,101,0.16,0,184,0.30,-1,0.00,39682.5,3.97,32
613,Entry long,2023-09-11 12:45,ORB Long A (2c),15452,2,61808,101,0.16,0,184,0.30,-1,0.00,39682.5,3.97,32
614,Exit long,2023-09-12 09:25,L-TP2,15583.75,2,62601,-266,-0.42,0,16,0.03,-266,-0.42,39416.5,3.94,6
614,Entry long,2023-09-12 08:55,ORB Long A (2c),15650.25,2,62601,-266,-0.42,0,16,0.03,-266,-0.42,39416.5,3.94,6
615,Exit short,2023-09-12 15:25,EOD Close,15502.75,1,31164.5,159,0.51,0,196.5,0.63,-67,-0.21,39575.5,3.96,72
615,Entry short,2023-09-12 09:25,ORB Short C (1c),15582.25,1,31164.5,159,0.51,0,196.5,0.63,-67,-0.21,39575.5,3.96,72
616,Exit short,2023-09-13 09:40,S-TP2,15559,1,30968,-150,-0.48,0,60,0.19,-150,-0.48,39425.5,3.94,7
616,Entry short,2023-09-13 09:05,ORB Short C (1c),15484,1,30968,-150,-0.48,0,60,0.19,-150,-0.48,39425.5,3.94,7
617,Exit long,2023-09-13 15:25,EOD Close,15568.75,2,62325,-50,-0.08,0,155,0.25,-292,-0.47,39375.5,3.94,65
617,Entry long,2023-09-13 10:00,ORB Long A (2c),15581.25,2,62325,-50,-0.08,0,155,0.25,-292,-0.47,39375.5,3.94,65
618,Exit short,2023-09-14 09:40,S-TP2,15636,1,31122,-150,-0.48,0,60,0.19,-150,-0.48,39225.5,3.92,10
618,Entry short,2023-09-14 08:50,ORB Short C (1c),15561,1,31122,-150,-0.48,0,60,0.19,-150,-0.48,39225.5,3.92,10
619,Exit long,2023-09-14 15:25,EOD Close,15695.5,2,62581,201,0.32,0,278,0.44,-73,-0.12,39426.5,3.94,69
619,Entry long,2023-09-14 09:40,ORB Long B+ (2c),15645.25,2,62581,201,0.32,0,278,0.44,-73,-0.12,39426.5,3.94,69
620,Exit long,2023-09-18 15:25,EOD Close,15427.25,2,61742,-33,-0.05,0,101,0.16,-225,-0.36,39393.5,3.94,59
620,Entry long,2023-09-18 10:30,ORB Long B (2c),15435.5,2,61742,-33,-0.05,0,101,0.16,-225,-0.36,39393.5,3.94,59
621,Exit short,2023-09-21 15:25,EOD Close,14843.5,2,59853,479,0.80,0,491,0.82,-222,-0.37,39872.5,3.99,80
621,Entry short,2023-09-21 08:45,ORB Short B+ (2c),14963.25,2,59853,479,0.80,0,491,0.82,-222,-0.37,39872.5,3.99,80
622,Exit long,2023-09-22 13:10,L-TP2,14888,2,59799,-247,-0.41,0,310,0.52,-247,-0.41,39625.5,3.96,51
622,Entry long,2023-09-22 08:55,ORB Long B (2c),14949.75,2,59799,-247,-0.41,0,310,0.52,-247,-0.41,39625.5,3.96,51
623,Exit long,2023-09-28 10:40,L-TP2,14876.25,2,58932,573,0.97,0,573,0.97,-215,-0.36,40198.5,4.02,22
623,Entry long,2023-09-28 08:50,ORB Long B (2c),14733,2,58932,573,0.97,0,573,0.97,-215,-0.36,40198.5,4.02,22
624,Exit short,2023-10-05 09:35,S-TP2,14729.75,2,59388,469,0.79,0,469,0.79,-45,-0.08,40667.5,4.07,10
624,Entry short,2023-10-05 08:45,ORB Short A+ (2c),14847,2,59388,469,0.79,0,469,0.79,-45,-0.08,40667.5,4.07,10
625,Exit long,2023-10-10 12:00,L-TP2,15323.5,1,30481,166,0.54,0,286,0.94,-6,-0.02,40833.5,4.08,37
625,Entry long,2023-10-10 08:55,ORB Long C+ (1c),15240.5,1,30481,166,0.54,0,286,0.94,-6,-0.02,40833.5,4.08,37
626,Exit long,2023-10-12 12:05,L-TP2,15366,2,61689,-225,-0.36,0,189,0.31,-225,-0.36,40608.5,4.06,36
626,Entry long,2023-10-12 09:05,ORB Long B+ (2c),15422.25,2,61689,-225,-0.36,0,189,0.31,-225,-0.36,40608.5,4.06,36
627,Exit short,2023-10-12 13:00,S-TP2,15269.25,1,30728,189.5,0.62,0,189.5,0.62,-7.5,-0.02,40798,4.08,11
627,Entry short,2023-10-12 12:05,ORB Short C (1c),15364,1,30728,189.5,0.62,0,189.5,0.62,-7.5,-0.02,40798,4.08,11
628,Exit short,2023-10-13 10:55,S-TP2,15116.25,1,30577,344.5,1.13,0,344.5,1.13,-35,-0.11,41142.5,4.11,21
628,Entry short,2023-10-13 09:10,ORB Short C (1c),15288.5,1,30577,344.5,1.13,0,344.5,1.13,-35,-0.11,41142.5,4.11,21
629,Exit long,2023-10-16 15:25,EOD Close,15306.75,2,61054,173,0.28,0,298,0.49,-207,-0.34,41315.5,4.13,74
629,Entry long,2023-10-16 09:15,ORB Long B (2c),15263.5,2,61054,173,0.28,0,298,0.49,-207,-0.34,41315.5,4.13,74
630,Exit long,2023-10-18 09:35,L-TP2,15125.75,2,60803,-300,-0.49,0,93,0.15,-300,-0.49,41015.5,4.10,4
630,Entry long,2023-10-18 09:15,ORB Long B (2c),15200.75,2,60803,-300,-0.49,0,93,0.15,-300,-0.49,41015.5,4.10,4
631,Exit short,2023-10-20 10:55,S-TP2,14720,2,59134,254,0.43,0,494,0.84,-118,-0.20,41269.5,4.13,21
631,Entry short,2023-10-20 09:10,ORB Short A+ (2c),14783.5,2,59134,254,0.43,0,494,0.84,-118,-0.20,41269.5,4.13,21
632,Exit short,2023-10-24 13:30,S-TP2,14832,2,59028,-300,-0.51,0,205,0.35,-300,-0.51,40969.5,4.10,26
632,Entry short,2023-10-24 11:20,ORB Short B+ (2c),14757,2,59028,-300,-0.51,0,205,0.35,-300,-0.51,40969.5,4.10,26
633,Exit short,2023-10-25 15:15,S-TP2,14500,2,58452,452,0.77,0,692,1.18,-288,-0.49,41421.5,4.14,78
633,Entry short,2023-10-25 08:45,ORB Short A (2c),14613,2,58452,452,0.77,0,692,1.18,-288,-0.49,41421.5,4.14,78
634,Exit short,2023-10-26 09:25,S-TP2,14330,2,57452,132,0.23,0,372,0.65,-14,-0.02,41553.5,4.16,8
634,Entry short,2023-10-26 08:45,ORB Short A+ (2c),14363,2,57452,132,0.23,0,372,0.65,-14,-0.02,41553.5,4.16,8
635,Exit short,2023-10-27 09:05,S-TP2,14349.5,2,57186,-212,-0.37,0,22,0.04,-212,-0.37,41341.5,4.13,4
635,Entry short,2023-10-27 08:45,ORB Short B (2c),14296.5,2,57186,-212,-0.37,0,22,0.04,-212,-0.37,41341.5,4.13,4
636,Exit short,2023-10-27 10:05,S-TP2,14349.5,1,28555,-144,-0.50,0,7,0.02,-144,-0.50,41197.5,4.12,5
636,Entry short,2023-10-27 09:40,ORB Short C (1c),14277.5,1,28555,-144,-0.50,0,7,0.02,-144,-0.50,41197.5,4.12,5
637,Exit short,2023-10-27 13:35,S-TP2,14272.25,1,28589.5,45,0.16,0,165,0.58,-1,0.00,41242.5,4.12,19
637,Entry short,2023-10-27 12:00,ORB Short C+ (1c),14294.75,1,28589.5,45,0.16,0,165,0.58,-1,0.00,41242.5,4.12,19
638,Exit short,2023-10-30 12:30,S-TP2,14408.75,2,57335,-300,-0.52,0,110,0.19,-300,-0.52,40942.5,4.09,35
638,Entry short,2023-10-30 09:35,ORB Short B (2c),14333.75,2,57335,-300,-0.52,0,110,0.19,-300,-0.52,40942.5,4.09,35
639,Exit long,2023-11-03 15:25,EOD Close,15185.5,2,60461,281,0.46,0,453,0.75,-254,-0.42,41223.5,4.12,80
639,Entry long,2023-11-03 08:45,ORB Long B (2c),15115.25,2,60461,281,0.46,0,453,0.75,-254,-0.42,41223.5,4.12,80
640,Exit long,2023-11-07 11:15,L-TP2,15343.25,2,61192,181,0.30,0,421,0.69,-100,-0.16,41404.5,4.14,28
640,Entry long,2023-11-07 08:55,ORB Long A (2c),15298,2,61192,181,0.30,0,421,0.69,-100,-0.16,41404.5,4.14,28
641,Exit long,2023-11-09 09:05,L-TP2,15365.75,2,61692,-229,-0.37,0,39,0.06,-229,-0.37,41175.5,4.12,2
641,Entry long,2023-11-09 08:55,ORB Long A+ (2c),15423,2,61692,-229,-0.37,0,39,0.06,-229,-0.37,41175.5,4.12,2
642,Exit short,2023-11-09 10:05,S-TP2,15419.25,1,30726,-112.5,-0.37,0,33.5,0.11,-112.5,-0.37,41063,4.11,8
642,Entry short,2023-11-09 09:25,ORB Short C (1c),15363,1,30726,-112.5,-0.37,0,33.5,0.11,-112.5,-0.37,41063,4.11,8
643,Exit long,2023-11-09 12:00,L-TP2,15365.75,2,61679,-216,-0.35,0,134,0.22,-216,-0.35,40847,4.08,22
643,Entry long,2023-11-09 10:10,ORB Long A (2c),15419.75,2,61679,-216,-0.35,0,134,0.22,-216,-0.35,40847,4.08,22
644,Exit long,2023-11-10 11:40,L-TP2,15533.75,2,61537,598,0.97,0,598,0.97,-249,-0.40,41445,4.14,34
644,Entry long,2023-11-10 08:50,ORB Long A (2c),15384.25,2,61537,598,0.97,0,598,0.97,-249,-0.40,41445,4.14,34
645,Exit short,2023-11-13 09:45,S-TP2,15539,2,61903,-253,-0.41,0,42,0.07,-253,-0.41,41192,4.12,11
645,Entry short,2023-11-13 08:50,ORB Short B (2c),15475.75,2,61903,-253,-0.41,0,42,0.07,-253,-0.41,41192,4.12,11
646,Exit long,2023-11-13 15:25,EOD Close,15552.75,2,62172,39,0.06,0,186,0.30,-54,-0.09,41231,4.12,67
646,Entry long,2023-11-13 09:50,ORB Long A (2c),15543,2,62172,39,0.06,0,186,0.30,-54,-0.09,41231,4.12,67
647,Exit long,2023-11-14 15:25,EOD Close,15900.75,2,63448,155,0.24,0,227,0.36,-160,-0.25,41386,4.14,78
647,Entry long,2023-11-14 08:55,ORB Long B+ (2c),15862,2,63448,155,0.24,0,227,0.36,-160,-0.25,41386,4.14,78
648,Exit long,2023-11-20 15:25,EOD Close,16082.75,2,63985,346,0.54,0,482,0.75,-235,-0.37,41732,4.17,78
648,Entry long,2023-11-20 08:55,ORB Long B+ (2c),15996.25,2,63985,346,0.54,0,482,0.75,-235,-0.37,41732,4.17,78
649,Exit long,2023-11-27 15:25,EOD Close,16007,2,64176,-148,-0.23,0,180,0.28,-185,-0.29,41584,4.16,76
649,Entry long,2023-11-27 09:05,ORB Long B+ (2c),16044,2,64176,-148,-0.23,0,180,0.28,-185,-0.29,41584,4.16,76
650,Exit long,2023-12-01 09:25,L-TP2,15875.5,2,63750,-248,-0.39,0,50,0.08,-248,-0.39,41336,4.13,5
650,Entry long,2023-12-01 09:00,ORB Long A+ (2c),15937.5,2,63750,-248,-0.39,0,50,0.08,-248,-0.39,41336,4.13,5
651,Exit long,2023-12-01 12:40,L-TP2,15990,2,63760,200,0.31,0,440,0.69,-39,-0.06,41536,4.15,31
651,Entry long,2023-12-01 10:05,ORB Long A (2c),15940,2,63760,200,0.31,0,440,0.69,-39,-0.06,41536,4.15,31
652,Exit long,2023-12-05 09:25,L-TP2,15876.75,2,63409,98,0.15,0,338,0.53,-22,-0.03,41634,4.16,7
652,Entry long,2023-12-05 08:50,ORB Long A+ (2c),15852.25,2,63409,98,0.15,0,338,0.53,-22,-0.03,41634,4.16,7
653,Exit long,2023-12-05 15:25,EOD Close,15910.25,2,63473,168,0.26,0,231,0.36,-163,-0.26,41802,4.18,54
653,Entry long,2023-12-05 10:55,ORB Long A (2c),15868.25,2,63473,168,0.26,0,231,0.36,-163,-0.26,41802,4.18,54
654,Exit short,2023-12-06 15:25,EOD Close,15812,1,31841,217,0.68,0,237,0.74,-104,-0.33,42019,4.20,77
654,Entry short,2023-12-06 09:00,ORB Short C (1c),15920.5,1,31841,217,0.68,0,237,0.74,-104,-0.33,42019,4.20,77
655,Exit long,2023-12-07 15:25,EOD Close,16014,2,63975,81,0.13,0,288,0.45,-252,-0.39,42100,4.21,73
655,Entry long,2023-12-07 09:20,ORB Long A (2c),15993.75,2,63975,81,0.13,0,288,0.45,-252,-0.39,42100,4.21,73
656,Exit long,2023-12-08 15:25,EOD Close,16093.25,2,64180,193,0.30,0,296,0.46,-221,-0.34,42293,4.23,77
656,Entry long,2023-12-08 09:00,ORB Long A+ (2c),16045,2,64180,193,0.30,0,296,0.46,-221,-0.34,42293,4.23,77
657,Exit long,2023-12-11 15:25,EOD Close,16239.75,2,64603,356,0.55,0,382,0.59,-117,-0.18,42649,4.26,79
657,Entry long,2023-12-11 08:50,ORB Long A+ (2c),16150.75,2,64603,356,0.55,0,382,0.59,-117,-0.18,42649,4.26,79
658,Exit long,2023-12-12 15:25,EOD Close,16595.75,2,65868,515,0.78,0,532,0.81,-50,-0.08,43164,4.32,78
658,Entry long,2023-12-12 08:55,ORB Long B (2c),16467,2,65868,515,0.78,0,532,0.81,-50,-0.08,43164,4.32,78
659,Exit short,2023-12-14 11:25,S-TP2,16802.5,1,33610,5,0.01,0,125,0.37,-30.5,-0.09,43169,4.32,26
659,Entry short,2023-12-14 09:15,ORB Short C (1c),16805,1,33610,5,0.01,0,125,0.37,-30.5,-0.09,43169,4.32,26
660,Exit long,2023-12-15 12:40,L-TP2,16780.25,2,67392,-271,-0.40,0,157,0.23,-271,-0.40,42898,4.29,41
660,Entry long,2023-12-15 09:15,ORB Long A (2c),16848,2,67392,-271,-0.40,0,157,0.23,-271,-0.40,42898,4.29,41
661,Exit short,2023-12-15 14:50,S-TP2,16844.25,2,67110,-267,-0.40,0,59,0.09,-267,-0.40,42631,4.26,26
661,Entry short,2023-12-15 12:40,ORB Short B (2c),16777.5,2,67110,-267,-0.40,0,59,0.09,-267,-0.40,42631,4.26,26
662,Exit long,2023-12-18 15:05,L-TP2,16914.25,3,101271,214.5,0.21,0,574.5,0.57,-136.5,-0.13,42845.5,4.28,74
662,Entry long,2023-12-18 08:55,ORB Long A (3c),16878.5,3,101271,214.5,0.21,0,574.5,0.57,-136.5,-0.13,42845.5,4.28,74
663,Exit long,2023-12-19 15:25,EOD Close,17023,2,67990,102,0.15,0,128,0.19,-130,-0.19,42947.5,4.29,71
663,Entry long,2023-12-19 09:30,ORB Long A (2c),16997.5,2,67990,102,0.15,0,128,0.19,-130,-0.19,42947.5,4.29,71
664,Exit long,2023-12-20 13:35,L-TP2,16970.75,2,68104,-221,-0.32,0,190,0.28,-221,-0.32,42726.5,4.27,55
664,Entry long,2023-12-20 09:00,ORB Long A+ (2c),17026,2,68104,-221,-0.32,0,190,0.28,-221,-0.32,42726.5,4.27,55
665,Exit short,2023-12-22 13:40,S-TP2,16956,1,33969.5,57.5,0.17,0,177.5,0.52,-73.5,-0.22,42784,4.28,31
665,Entry short,2023-12-22 11:05,ORB Short C (1c),16984.75,1,33969.5,57.5,0.17,0,177.5,0.52,-73.5,-0.22,42784,4.28,31
666,Exit long,2023-12-26 15:25,EOD Close,17085.5,2,68230,112,0.16,0,216,0.32,-139,-0.20,42896,4.29,70
666,Entry long,2023-12-26 09:35,ORB Long A (2c),17057.5,2,68230,112,0.16,0,216,0.32,-139,-0.20,42896,4.29,70
667,Exit long,2024-01-08 12:40,L-TP2,16723.75,2,66329,566,0.85,0,566,0.85,-23,-0.03,43462,4.35,47
667,Entry long,2024-01-08 08:45,ORB Long B (2c),16582.25,2,66329,566,0.85,0,566,0.85,-23,-0.03,43462,4.35,47
668,Exit long,2024-01-09 11:00,L-TP2,16833.75,2,66882,453,0.68,0,453,0.68,-35,-0.05,43915,4.39,23
668,Entry long,2024-01-09 09:05,ORB Long A (2c),16720.5,2,66882,453,0.68,0,453,0.68,-35,-0.05,43915,4.39,23
669,Exit short,2024-01-11 09:15,S-TP2,16884.5,1,33899,130,0.38,0,250,0.74,-24,-0.07,44045,4.40,6
669,Entry short,2024-01-11 08:45,ORB Short C (1c),16949.5,1,33899,130,0.38,0,250,0.74,-24,-0.07,44045,4.40,6
670,Exit short,2024-01-12 15:25,EOD Close,16954.25,1,33918.5,10,0.03,0,92,0.27,-91.5,-0.27,44055,4.41,77
670,Entry short,2024-01-12 09:00,ORB Short C (1c),16959.25,1,33918.5,10,0.03,0,92,0.27,-91.5,-0.27,44055,4.41,77
671,Exit long,2024-01-16 10:00,L-TP2,16974,2,67859,37,0.05,0,277,0.41,-11,-0.02,44092,4.41,9
671,Entry long,2024-01-16 09:15,ORB Long B (2c),16964.75,2,67859,37,0.05,0,277,0.41,-11,-0.02,44092,4.41,9
672,Exit long,2024-01-16 13:15,L-TP2,16872.5,2,67790,-300,-0.44,0,3,0.00,-300,-0.44,43792,4.38,9
672,Entry long,2024-01-16 12:30,ORB Long B (2c),16947.5,2,67790,-300,-0.44,0,3,0.00,-300,-0.44,43792,4.38,9
673,Exit long,2024-01-18 11:10,L-TP2,16995.5,2,68235,-253,-0.37,0,175,0.26,-253,-0.37,43539,4.35,19
673,Entry long,2024-01-18 09:35,ORB Long A (2c),17058.75,2,68235,-253,-0.37,0,175,0.26,-253,-0.37,43539,4.35,19
674,Exit short,2024-01-18 13:10,S-TP2,17052.25,1,33954.5,-150,-0.44,0,69.5,0.20,-150,-0.44,43389,4.34,14
674,Entry short,2024-01-18 12:00,ORB Short C (1c),16977.25,1,33954.5,-150,-0.44,0,69.5,0.20,-150,-0.44,43389,4.34,14
675,Exit long,2024-01-23 15:25,EOD Close,17542.25,2,69958,211,0.30,0,263,0.38,-118,-0.17,43600,4.36,42
675,Entry long,2024-01-23 11:55,ORB Long A (2c),17489.5,2,69958,211,0.30,0,263,0.38,-118,-0.17,43600,4.36,42
676,Exit long,2024-01-24 12:15,L-TP2,17734,2,70812,124,0.18,0,364,0.51,-60,-0.08,43724,4.37,36
676,Entry long,2024-01-24 09:15,ORB Long A (2c),17703,2,70812,124,0.18,0,364,0.51,-60,-0.08,43724,4.37,36
677,Exit long,2024-01-25 11:05,L-TP2,17674.75,2,70921,-222,-0.31,0,87,0.12,-222,-0.31,43502,4.35,20
677,Entry long,2024-01-25 09:25,ORB Long B+ (2c),17730.25,2,70921,-222,-0.31,0,87,0.12,-222,-0.31,43502,4.35,20
678,Exit long,2024-01-29 15:25,EOD Close,17703.75,2,70395,420,0.60,0,470,0.67,-83,-0.12,43922,4.39,49
678,Entry long,2024-01-29 11:20,ORB Long A+ (2c),17598.75,2,70395,420,0.60,0,470,0.67,-83,-0.12,43922,4.39,49
679,Exit long,2024-02-02 11:25,L-TP2,17733.75,2,70344,591,0.84,0,591,0.84,-151,-0.21,44513,4.45,32
679,Entry long,2024-02-02 08:45,ORB Long B (2c),17586,2,70344,591,0.84,0,591,0.84,-151,-0.21,44513,4.45,32
680,Exit short,2024-02-05 09:40,S-TP2,17595.25,2,70758,377,0.53,0,377,0.53,-73,-0.10,44890,4.49,10
680,Entry short,2024-02-05 08:50,ORB Short C (2c),17689.5,2,70758,377,0.53,0,377,0.53,-73,-0.10,44890,4.49,10
681,Exit short,2024-02-06 10:05,S-TP2,17658,2,70792,160,0.23,0,400,0.57,-16,-0.02,45050,4.51,16
681,Entry short,2024-02-06 08:45,ORB Short B (2c),17698,2,70792,160,0.23,0,400,0.57,-16,-0.02,45050,4.51,16
682,Exit long,2024-02-07 15:25,EOD Close,17847.5,2,71229,161,0.23,0,275,0.39,-111,-0.16,45211,4.52,75
682,Entry long,2024-02-07 09:10,ORB Long A (2c),17807.25,2,71229,161,0.23,0,275,0.39,-111,-0.16,45211,4.52,75
683,Exit long,2024-02-08 13:35,L-TP2,17836.5,3,107118,-99,-0.09,0,261,0.24,-177,-0.17,45112,4.51,55
683,Entry long,2024-02-08 09:00,ORB Long B+ (3c),17853,3,107118,-99,-0.09,0,261,0.24,-177,-0.17,45112,4.51,55
684,Exit long,2024-02-14 09:55,L-TP2,17750.25,2,71301,-300,-0.42,0,87,0.12,-300,-0.42,44812,4.48,8
684,Entry long,2024-02-14 09:15,ORB Long B (2c),17825.25,2,71301,-300,-0.42,0,87,0.12,-300,-0.42,44812,4.48,8
685,Exit short,2024-02-15 12:15,S-TP2,17900.25,2,71301,-300,-0.42,0,180,0.25,-300,-0.42,44512,4.45,41
685,Entry short,2024-02-15 08:50,ORB Short B (2c),17825.25,2,71301,-300,-0.42,0,180,0.25,-300,-0.42,44512,4.45,41
686,Exit long,2024-02-15 15:25,EOD Close,17960.75,2,71666,177,0.25,0,208,0.29,-173,-0.24,44689,4.47,38
686,Entry long,2024-02-15 12:15,ORB Long A (2c),17916.5,2,71666,177,0.25,0,208,0.29,-173,-0.24,44689,4.47,38
687,Exit short,2024-02-16 09:10,S-TP2,17773.75,1,35724.5,177,0.50,0,297,0.83,-8.5,-0.02,44866,4.49,5
687,Entry short,2024-02-16 08:45,ORB Short C (1c),17862.25,1,35724.5,177,0.50,0,297,0.83,-8.5,-0.02,44866,4.49,5
688,Exit long,2024-02-22 15:00,L-TP2,18027,2,71782,326,0.45,0,566,0.79,-217,-0.30,45192,4.52,75
688,Entry long,2024-02-22 08:45,ORB Long A (2c),17945.5,2,71782,326,0.45,0,566,0.79,-217,-0.30,45192,4.52,75
689,Exit long,2024-02-26 12:30,L-TP2,17990.75,2,72222,-259,-0.36,0,17,0.02,-259,-0.36,44933,4.49,20
689,Entry long,2024-02-26 10:50,ORB Long B+ (2c),18055.5,2,72222,-259,-0.36,0,17,0.02,-259,-0.36,44933,4.49,20
690,Exit long,2024-02-27 11:35,L-TP2,17953.25,2,72113,-300,-0.42,0,17,0.02,-300,-0.42,44633,4.46,28
690,Entry long,2024-02-27 09:15,ORB Long B (2c),18028.25,2,72113,-300,-0.42,0,17,0.02,-300,-0.42,44633,4.46,28
691,Exit long,2024-02-28 11:35,L-TP2,17901.5,2,71804,-198,-0.28,0,96,0.13,-198,-0.28,44435,4.44,19
691,Entry long,2024-02-28 10:00,ORB Long B (2c),17951,2,71804,-198,-0.28,0,96,0.13,-198,-0.28,44435,4.44,19
692,Exit long,2024-02-28 13:35,L-TP2,17901.5,2,71809,-203,-0.28,0,16,0.02,-203,-0.28,44232,4.42,12
692,Entry long,2024-02-28 12:35,ORB Long B (2c),17952.25,2,71809,-203,-0.28,0,16,0.02,-203,-0.28,44232,4.42,12
693,Exit long,2024-03-01 12:40,L-TP2,18333.75,2,72690,645,0.89,0,645,0.89,-113,-0.16,44877,4.49,43
693,Entry long,2024-03-01 09:05,ORB Long A (2c),18172.5,2,72690,645,0.89,0,645,0.89,-113,-0.16,44877,4.49,43
694,Exit long,2024-03-06 12:30,L-TP2,18069.5,2,72526,-248,-0.34,0,171,0.24,-248,-0.34,44629,4.46,18
694,Entry long,2024-03-06 11:00,ORB Long A (2c),18131.5,2,72526,-248,-0.34,0,171,0.24,-248,-0.34,44629,4.46,18
695,Exit long,2024-03-07 12:55,L-TP2,18356.25,2,72907,518,0.71,0,518,0.71,-33,-0.05,45147,4.51,43
695,Entry long,2024-03-07 09:20,ORB Long A (2c),18226.75,2,72907,518,0.71,0,518,0.71,-33,-0.05,45147,4.51,43
696,Exit long,2024-03-08 09:35,L-TP2,18376.25,2,73424,81,0.11,0,321,0.44,-36,-0.05,45228,4.52,10
696,Entry long,2024-03-08 08:45,ORB Long A+ (2c),18356,2,73424,81,0.11,0,321,0.44,-36,-0.05,45228,4.52,10
697,Exit short,2024-03-08 10:35,S-TP2,18209,2,73068,232,0.32,0,472,0.65,-108,-0.15,45460,4.55,6
697,Entry short,2024-03-08 10:05,ORB Short B (2c),18267,2,73068,232,0.32,0,472,0.65,-108,-0.15,45460,4.55,6
698,Exit long,2024-03-12 10:45,L-TP2,18397.25,2,73426,163,0.22,0,403,0.55,-31,-0.04,45623,4.56,17
698,Entry long,2024-03-12 09:20,ORB Long B (2c),18356.5,2,73426,163,0.22,0,403,0.55,-31,-0.04,45623,4.56,17
699,Exit long,2024-03-12 15:25,EOD Close,18472.75,2,73417,474,0.65,0,547,0.75,-21,-0.03,46097,4.61,39
699,Entry long,2024-03-12 12:10,ORB Long B+ (2c),18354.25,2,73417,474,0.65,0,547,0.75,-21,-0.03,46097,4.61,39
700,Exit short,2024-03-13 11:05,S-TP2,18341.5,1,36701,18,0.05,0,138,0.38,-67,-0.18,46115,4.61,28
700,Entry short,2024-03-13 08:45,ORB Short C (1c),18350.5,1,36701,18,0.05,0,138,0.38,-67,-0.18,46115,4.61,28
701,Exit long,2024-03-18 10:50,L-TP2,18283,2,73432,-300,-0.41,0,91,0.12,-300,-0.41,45815,4.58,18
701,Entry long,2024-03-18 09:20,ORB Long B (2c),18358,2,73432,-300,-0.41,0,91,0.12,-300,-0.41,45815,4.58,18
702,Exit short,2024-03-18 15:25,EOD Close,18237.5,1,36526.5,51.5,0.14,0,111.5,0.31,-96,-0.26,45866.5,4.59,43
702,Entry short,2024-03-18 11:50,ORB Short C (1c),18263.25,1,36526.5,51.5,0.14,0,111.5,0.31,-96,-0.26,45866.5,4.59,43
703,Exit long,2024-03-19 14:15,L-TP2,18229.5,2,72614,304,0.42,0,544,0.75,-84,-0.12,46170.5,4.62,42
703,Entry long,2024-03-19 10:45,ORB Long B (2c),18153.5,2,72614,304,0.42,0,544,0.75,-84,-0.12,46170.5,4.62,42
704,Exit long,2024-03-28 12:15,L-TP2,18457,2,74061,-233,-0.31,0,96,0.13,-233,-0.31,45937.5,4.59,42
704,Entry long,2024-03-28 08:45,ORB Long A (2c),18515.25,2,74061,-233,-0.31,0,96,0.13,-233,-0.31,45937.5,4.59,42
705,Exit long,2024-04-08 11:20,L-TP2,18265,2,73360,-300,-0.41,0,150,0.20,-300,-0.41,45637.5,4.56,23
705,Entry long,2024-04-08 09:25,ORB Long B (2c),18340,2,73360,-300,-0.41,0,150,0.20,-300,-0.41,45637.5,4.56,23
706,Exit short,2024-04-11 10:15,S-TP2,18274.25,2,72851,-246,-0.34,0,175,0.24,-246,-0.34,45391.5,4.54,13
706,Entry short,2024-04-11 09:10,ORB Short B (2c),18212.75,2,72851,-246,-0.34,0,175,0.24,-246,-0.34,45391.5,4.54,13
707,Exit short,2024-04-17 09:50,S-TP2,17807.5,2,71620,390,0.54,0,390,0.54,-41,-0.06,45781.5,4.58,13
707,Entry short,2024-04-17 08:45,ORB Short A (2c),17905,2,71620,390,0.54,0,390,0.54,-41,-0.06,45781.5,4.58,13
708,Exit short,2024-04-18 15:25,EOD Close,17533.25,1,35081,14.5,0.04,0,71,0.20,-113,-0.32,45796,4.58,37
708,Entry short,2024-04-18 12:20,ORB Short C+ (1c),17540.5,1,35081,14.5,0.04,0,71,0.20,-113,-0.32,45796,4.58,37
709,Exit long,2024-04-23 12:50,L-TP2,17633.75,2,69946,589,0.84,0,589,0.84,-124,-0.18,46385,4.64,49
709,Entry long,2024-04-23 08:45,ORB Long B (2c),17486.5,2,69946,589,0.84,0,589,0.84,-124,-0.18,46385,4.64,49
710,Exit short,2024-04-24 11:30,S-TP2,17567.25,2,70841,572,0.81,0,572,0.81,-33,-0.05,46957,4.70,23
710,Entry short,2024-04-24 09:35,ORB Short A (2c),17710.25,2,70841,572,0.81,0,572,0.81,-33,-0.05,46957,4.70,23
711,Exit short,2024-04-30 11:45,S-TP2,17683.5,2,71268,534,0.75,0,534,0.75,-29,-0.04,47491,4.75,21
711,Entry short,2024-04-30 10:00,ORB Short B (2c),17817,2,71268,534,0.75,0,534,0.75,-29,-0.04,47491,4.75,21
712,Exit short,2024-05-01 13:00,S-TP2,17517.5,2,69793,-277,-0.40,0,197,0.28,-277,-0.40,47214,4.72,48
712,Entry short,2024-05-01 09:00,ORB Short B+ (2c),17448.25,2,69793,-277,-0.40,0,197,0.28,-277,-0.40,47214,4.72,48
713,Exit short,2024-05-02 09:10,S-TP2,17446,2,69970,186,0.27,0,426,0.61,-140,-0.20,47400,4.74,5
713,Entry short,2024-05-02 08:45,ORB Short A+ (2c),17492.5,2,69970,186,0.27,0,426,0.61,-140,-0.20,47400,4.74,5
714,Exit short,2024-05-02 12:10,S-TP2,17577.75,2,69982,-329,-0.47,0,205,0.29,-329,-0.47,47071,4.71,31
714,Entry short,2024-05-02 09:35,ORB Short A (2c),17495.5,2,69982,-329,-0.47,0,205,0.29,-329,-0.47,47071,4.71,31
715,Exit long,2024-05-06 15:25,EOD Close,18184.25,2,72439,298,0.41,0,368,0.51,-170,-0.23,47369,4.74,78
715,Entry long,2024-05-06 08:55,ORB Long A (2c),18109.75,2,72439,298,0.41,0,368,0.51,-170,-0.23,47369,4.74,78
716,Exit long,2024-05-08 10:15,L-TP2,18182.25,2,72620,109,0.15,0,349,0.48,-36,-0.05,47478,4.75,18
716,Entry long,2024-05-08 08:45,ORB Long A (2c),18155,2,72620,109,0.15,0,349,0.48,-36,-0.05,47478,4.75,18
717,Exit short,2024-05-09 09:35,S-TP2,18189.5,1,36229,-150,-0.41,0,6.5,0.02,-150,-0.41,47328,4.73,10
717,Entry short,2024-05-09 08:45,ORB Short C (1c),18114.5,1,36229,-150,-0.41,0,6.5,0.02,-150,-0.41,47328,4.73,10
718,Exit long,2024-05-09 15:25,EOD Close,18233.25,2,72817,116,0.16,0,143,0.20,-137,-0.19,47444,4.74,70
718,Entry long,2024-05-09 09:35,ORB Long B (2c),18204.25,2,72817,116,0.16,0,143,0.20,-137,-0.19,47444,4.74,70
719,Exit long,2024-05-10 09:10,L-TP2,18267.25,2,73369,-300,-0.41,0,11,0.01,-300,-0.41,47144,4.71,5
719,Entry long,2024-05-10 08:45,ORB Long A (2c),18342.25,2,73369,-300,-0.41,0,11,0.01,-300,-0.41,47144,4.71,5
720,Exit long,2024-05-14 15:25,EOD Close,18409,2,73375,261,0.36,0,360,0.49,-242,-0.33,47405,4.74,73
720,Entry long,2024-05-14 09:20,ORB Long A (2c),18343.75,2,73375,261,0.36,0,360,0.49,-242,-0.33,47405,4.74,73
721,Exit long,2024-05-20 15:25,EOD Close,18745.75,2,74971,12,0.02,0,207,0.28,-142,-0.19,47417,4.74,79
721,Entry long,2024-05-20 08:50,ORB Long A (2c),18742.75,2,74971,12,0.02,0,207,0.28,-142,-0.19,47417,4.74,79
722,Exit long,2024-05-28 13:30,L-TP2,18869.5,2,75749,-271,-0.36,0,34,0.04,-271,-0.36,47146,4.71,12
722,Entry long,2024-05-28 12:30,ORB Long B+ (2c),18937.25,2,75749,-271,-0.36,0,34,0.04,-271,-0.36,47146,4.71,12
723,Exit long,2024-05-29 15:25,L-TP2,18767.5,2,75370,-300,-0.40,0,150,0.20,-300,-0.40,46846,4.68,79
723,Entry long,2024-05-29 08:50,ORB Long A+ (2c),18842.5,2,75370,-300,-0.40,0,150,0.20,-300,-0.40,46846,4.68,79
724,Exit long,2024-06-07 10:00,L-TP2,19057.25,2,76221,8,0.01,0,248,0.33,-147,-0.19,46854,4.69,14
724,Entry long,2024-06-07 08:50,ORB Long A+ (2c),19055.25,2,76221,8,0.01,0,248,0.33,-147,-0.19,46854,4.69,14
725,Exit long,2024-06-07 13:00,L-TP2,19095.25,2,76247,134,0.18,0,374,0.49,-33,-0.04,46988,4.70,32
725,Entry long,2024-06-07 10:20,ORB Long A (2c),19061.75,2,76247,134,0.18,0,374,0.49,-33,-0.04,46988,4.70,32
726,Exit long,2024-06-10 12:30,L-TP2,19061.25,2,76141,104,0.14,0,344,0.45,-52,-0.07,47092,4.71,37
726,Entry long,2024-06-10 09:25,ORB Long A (2c),19035.25,2,76141,104,0.14,0,344,0.45,-52,-0.07,47092,4.71,37
727,Exit long,2024-06-12 14:20,L-TP2,19511.5,2,77979,67,0.09,0,375,0.48,-191,-0.24,47159,4.72,67
727,Entry long,2024-06-12 08:45,ORB Long B (2c),19494.75,2,77979,67,0.09,0,375,0.48,-191,-0.24,47159,4.72,67
728,Exit short,2024-06-13 12:00,S-TP2,19560,1,39172.5,52.5,0.13,0,172.5,0.44,-45,-0.11,47211.5,4.72,34
728,Entry short,2024-06-13 09:10,ORB Short C (1c),19586.25,1,39172.5,52.5,0.13,0,172.5,0.44,-45,-0.11,47211.5,4.72,34
729,Exit long,2024-06-14 15:25,EOD Close,19696.5,2,78492,294,0.37,0,308,0.39,-239,-0.30,47505.5,4.75,80
729,Entry long,2024-06-14 08:45,ORB Long A (2c),19623,2,78492,294,0.37,0,308,0.39,-239,-0.30,47505.5,4.75,80
730,Exit long,2024-06-17 11:25,L-TP2,20083.75,3,119862,640.5,0.53,0,640.5,0.53,0,0.00,48146,4.81,18
730,Entry long,2024-06-17 09:55,ORB Long B+ (3c),19977,3,119862,640.5,0.53,0,640.5,0.53,0,0.00,48146,4.81,18
731,Exit short,2024-06-20 11:30,S-TP2,20016.25,1,40383,350.5,0.87,0,350.5,0.87,-75,-0.19,48496.5,4.85,29
731,Entry short,2024-06-20 09:05,ORB Short C (1c),20191.5,1,40383,350.5,0.87,0,350.5,0.87,-75,-0.19,48496.5,4.85,29
732,Exit long,2024-06-21 12:15,L-TP2,19973.5,2,80135,-241,-0.30,0,157,0.20,-241,-0.30,48255.5,4.83,24
732,Entry long,2024-06-21 10:15,ORB Long B (2c),20033.75,2,80135,-241,-0.30,0,157,0.20,-241,-0.30,48255.5,4.83,24
733,Exit long,2024-06-24 09:25,L-TP2,19901,2,79904,-300,-0.38,0,78,0.10,-300,-0.38,47955.5,4.80,5
733,Entry long,2024-06-24 09:00,ORB Long B+ (2c),19976,2,79904,-300,-0.38,0,78,0.10,-300,-0.38,47955.5,4.80,5
734,Exit long,2024-06-25 11:30,L-TP2,19908,2,79498,134,0.17,0,374,0.47,-85,-0.11,48089.5,4.81,30
734,Entry long,2024-06-25 09:00,ORB Long A+ (2c),19874.5,2,79498,134,0.17,0,374,0.47,-85,-0.11,48089.5,4.81,30
735,Exit long,2024-06-27 09:45,L-TP2,20035.75,2,80443,-300,-0.37,0,23,0.03,-300,-0.37,47789.5,4.78,7
735,Entry long,2024-06-27 09:10,ORB Long A (2c),20110.75,2,80443,-300,-0.37,0,23,0.03,-300,-0.37,47789.5,4.78,7
736,Exit long,2024-06-28 09:25,L-TP2,20213.25,2,80504,349,0.43,0,589,0.73,-7,-0.01,48138.5,4.81,8
736,Entry long,2024-06-28 08:45,ORB Long A+ (2c),20126,2,80504,349,0.43,0,589,0.73,-7,-0.01,48138.5,4.81,8
737,Exit short,2024-06-28 14:35,S-TP2,19966,1,40075.5,143.5,0.36,0,263.5,0.66,-81,-0.20,48282,4.83,40
737,Entry short,2024-06-28 11:15,ORB Short C (1c),20037.75,1,40075.5,143.5,0.36,0,263.5,0.66,-81,-0.20,48282,4.83,40
738,Exit long,2024-07-01 15:25,EOD Close,20046.5,2,80016,170,0.21,0,280,0.35,-106,-0.13,48452,4.85,52
738,Entry long,2024-07-01 11:05,ORB Long A (2c),20004,2,80016,170,0.21,0,280,0.35,-106,-0.13,48452,4.85,52
739,Exit long,2024-07-02 14:55,L-TP2,20257,2,80362,666,0.83,0,666,0.83,-117,-0.15,49118,4.91,64
739,Entry long,2024-07-02 09:35,ORB Long B (2c),20090.5,2,80362,666,0.83,0,666,0.83,-117,-0.15,49118,4.91,64
740,Exit long,2024-07-03 11:00,L-TP2,20383.75,2,81072,463,0.57,0,463,0.57,-131,-0.16,49581,4.96,27
740,Entry long,2024-07-03 08:45,ORB Long B+ (2c),20268,2,81072,463,0.57,0,463,0.57,-131,-0.16,49581,4.96,27
741,Exit long,2024-07-05 15:25,EOD Close,20613,2,82056,396,0.48,0,503,0.61,-207,-0.25,49977,5.00,78
741,Entry long,2024-07-05 08:55,ORB Long A (2c),20514,2,82056,396,0.48,0,503,0.61,-207,-0.25,49977,5.00,78
742,Exit short,2024-07-09 13:45,S-TP2,20676,2,82875,171,0.21,0,411,0.50,-94,-0.11,50148,5.01,53
742,Entry short,2024-07-09 09:20,ORB Short C+ (2c),20718.75,2,82875,171,0.21,0,411,0.50,-94,-0.11,50148,5.01,53
743,Exit long,2024-07-10 10:00,L-TP2,20721.5,2,83098,-212,-0.26,0,85,0.10,-212,-0.26,49936,4.99,15
743,Entry long,2024-07-10 08:45,ORB Long A (2c),20774.5,2,83098,-212,-0.26,0,85,0.10,-212,-0.26,49936,4.99,15
744,Exit long,2024-07-10 13:45,L-TP2,20883.75,3,124615.5,687,0.55,0,687,0.55,-40.5,-0.03,50623,5.06,33
744,Entry long,2024-07-10 11:00,ORB Long B+ (3c),20769.25,3,124615.5,687,0.55,0,687,0.55,-40.5,-0.03,50623,5.06,33
745,Exit short,2024-07-11 09:15,S-TP2,20698.25,2,83345,552,0.66,0,552,0.66,-143,-0.17,51175,5.12,5
745,Entry short,2024-07-11 08:50,ORB Short B (2c),20836.25,2,83345,552,0.66,0,552,0.66,-143,-0.17,51175,5.12,5
746,Exit long,2024-07-12 09:20,L-TP2,20526.75,2,81980,127,0.15,0,367,0.45,-23,-0.03,51302,5.13,7
746,Entry long,2024-07-12 08:45,ORB Long A+ (2c),20495,2,81980,127,0.15,0,367,0.45,-23,-0.03,51302,5.13,7
747,Exit long,2024-07-15 10:25,L-TP2,20736.5,2,82671,275,0.33,0,515,0.62,-73,-0.09,51577,5.16,16
747,Entry long,2024-07-15 09:05,ORB Long B+ (2c),20667.75,2,82671,275,0.33,0,515,0.62,-73,-0.09,51577,5.16,16
748,Exit short,2024-07-19 10:45,S-TP2,19764,2,79207,151,0.19,0,391,0.49,-294,-0.37,51728,5.17,16
748,Entry short,2024-07-19 09:25,ORB Short B+ (2c),19801.75,2,79207,151,0.19,0,391,0.49,-294,-0.37,51728,5.17,16
749,Exit long,2024-07-22 09:00,L-TP2,19946,2,80084,-300,-0.37,0,23,0.03,-300,-0.37,51428,5.14,3
749,Entry long,2024-07-22 08:45,ORB Long B (2c),20021,2,80084,-300,-0.37,0,23,0.03,-300,-0.37,51428,5.14,3
750,Exit short,2024-07-22 10:50,S-TP2,19869,2,79524,48,0.06,0,288,0.36,-72,-0.09,51476,5.15,7
750,Entry short,2024-07-22 10:15,ORB Short A (2c),19881,2,79524,48,0.06,0,288,0.36,-72,-0.09,51476,5.15,7
751,Exit short,2024-07-24 12:15,S-TP2,19368,2,78049,577,0.74,0,817,1.05,-45,-0.06,52053,5.21,40
751,Entry short,2024-07-24 08:55,ORB Short A (2c),19512.25,2,78049,577,0.74,0,817,1.05,-45,-0.06,52053,5.21,40
752,Exit short,2024-07-25 09:05,S-TP2,19030.5,2,76405,283,0.37,0,523,0.68,-11,-0.01,52336,5.23,3
752,Entry short,2024-07-25 08:50,ORB Short A+ (2c),19101.25,2,76405,283,0.37,0,523,0.68,-11,-0.01,52336,5.23,3
753,Exit short,2024-07-26 09:00,S-TP2,19148.25,1,38125,-171.5,-0.45,0,4,0.01,-171.5,-0.45,52164.5,5.22,3
753,Entry short,2024-07-26 08:45,ORB Short A (1c),19062.5,1,38125,-171.5,-0.45,0,4,0.01,-171.5,-0.45,52164.5,5.22,3
754,Exit short,2024-07-26 09:20,S-TP2,19145.5,1,38119.5,-171.5,-0.45,0,3,0.01,-171.5,-0.45,51993,5.20,3
754,Entry short,2024-07-26 09:05,ORB Short A (1c),19059.75,1,38119.5,-171.5,-0.45,0,3,0.01,-171.5,-0.45,51993,5.20,3
755,Exit short,2024-07-26 10:05,S-TP2,19149.5,1,38127.5,-171.5,-0.45,0,46,0.12,-171.5,-0.45,51821.5,5.18,7
755,Entry short,2024-07-26 09:30,ORB Short B+ (1c),19063.75,1,38127.5,-171.5,-0.45,0,46,0.12,-171.5,-0.45,51821.5,5.18,7
756,Exit long,2024-07-29 09:10,L-TP2,19269.25,1,38716.5,-178,-0.46,0,38,0.10,-178,-0.46,51643.5,5.16,3
756,Entry long,2024-07-29 08:55,ORB Long B (1c),19358.25,1,38716.5,-178,-0.46,0,38,0.10,-178,-0.46,51643.5,5.16,3
757,Exit short,2024-07-29 10:40,S-TP2,19173,1,38443.5,97.5,0.25,0,217.5,0.57,-19.5,-0.05,51741,5.17,9
757,Entry short,2024-07-29 09:55,ORB Short A (1c),19221.75,1,38443.5,97.5,0.25,0,217.5,0.57,-19.5,-0.05,51741,5.17,9
758,Exit short,2024-08-01 10:05,S-TP2,19258.25,1,39009,492.5,1.26,0,492.5,1.26,-19.5,-0.05,52233.5,5.22,9
758,Entry short,2024-08-01 09:20,ORB Short B+ (1c),19504.5,1,39009,492.5,1.26,0,492.5,1.26,-19.5,-0.05,52233.5,5.22,9
759,Exit short,2024-08-02 11:40,S-TP2,18631,1,37065,-197,-0.53,0,18.5,0.05,-197,-0.53,52036.5,5.20,6
759,Entry short,2024-08-02 11:10,ORB Short B+ (1c),18532.5,1,37065,-197,-0.53,0,18.5,0.05,-197,-0.53,52036.5,5.20,6
760,Exit short,2024-08-02 15:25,EOD Close,18552,1,37016.5,-87.5,-0.24,0,127,0.34,-160.5,-0.43,51949,5.19,43
760,Entry short,2024-08-02 11:50,ORB Short B+ (1c),18508.25,1,37016.5,-87.5,-0.24,0,127,0.34,-160.5,-0.43,51949,5.19,43
761,Exit short,2024-08-07 12:00,S-TP2,18251,1,36778,276,0.75,0,276,0.75,-41.5,-0.11,52225,5.22,16
761,Entry short,2024-08-07 10:40,ORB Short C (1c),18389,1,36778,276,0.75,0,276,0.75,-41.5,-0.11,52225,5.22,16
762,Exit short,2024-08-09 09:10,S-TP2,18528.75,1,36888.5,-169,-0.46,0,80,0.22,-169,-0.46,52056,5.21,5
762,Entry short,2024-08-09 08:45,ORB Short B (1c),18444.25,1,36888.5,-169,-0.46,0,80,0.22,-169,-0.46,52056,5.21,5
763,Exit short,2024-08-12 09:15,S-TP2,18672.75,1,37104.5,-241,-0.65,0,56.5,0.15,-241,-0.65,51815,5.18,6
763,Entry short,2024-08-12 08:45,ORB Short A+ (1c),18552.25,1,37104.5,-241,-0.65,0,56.5,0.15,-241,-0.65,51815,5.18,6
764,Exit short,2024-08-14 15:25,EOD Close,19156.25,1,38055,-257.5,-0.68,0,18,0.05,-267.5,-0.70,51557.5,5.16,45
764,Entry short,2024-08-14 11:40,ORB Short B (1c),19027.5,1,38055,-257.5,-0.68,0,18,0.05,-267.5,-0.70,51557.5,5.16,45
765,Exit long,2024-08-15 12:50,L-TP2,19583.75,1,38817.5,350,0.90,0,350,0.90,-12,-0.03,51907.5,5.19,49
765,Entry long,2024-08-15 08:45,ORB Long C+ (1c),19408.75,1,38817.5,350,0.90,0,350,0.90,-12,-0.03,51907.5,5.19,49
766,Exit long,2024-08-16 13:05,L-TP2,19602.5,2,78220,190,0.24,0,430,0.55,-32,-0.04,52097.5,5.21,30
766,Entry long,2024-08-16 10:35,ORB Long B+ (2c),19555,2,78220,190,0.24,0,430,0.55,-32,-0.04,52097.5,5.21,30
767,Exit long,2024-08-19 09:15,L-TP2,19545,2,78480,-300,-0.38,0,22,0.03,-300,-0.38,51797.5,5.18,6
767,Entry long,2024-08-19 08:45,ORB Long A (2c),19620,2,78480,-300,-0.38,0,22,0.03,-300,-0.38,51797.5,5.18,6
768,Exit long,2024-08-19 13:45,L-TP2,19783.75,2,78479,656,0.84,0,656,0.84,-7,-0.01,52453.5,5.25,48
768,Entry long,2024-08-19 09:45,ORB Long B (2c),19619.75,2,78479,656,0.84,0,656,0.84,-7,-0.01,52453.5,5.25,48
769,Exit long,2024-08-20 09:15,L-TP2,19816.75,2,79526,-259,-0.33,0,173,0.22,-259,-0.33,52194.5,5.22,6
769,Entry long,2024-08-20 08:45,ORB Long A (2c),19881.5,2,79526,-259,-0.33,0,173,0.22,-259,-0.33,52194.5,5.22,6
770,Exit long,2024-08-21 09:10,L-TP2,19855,2,79461,-41,-0.05,0,199,0.25,-41,-0.05,52153.5,5.22,4
770,Entry long,2024-08-21 08:50,ORB Long A (2c),19865.25,2,79461,-41,-0.05,0,199,0.25,-41,-0.05,52153.5,5.22,4
771,Exit long,2024-08-21 10:50,L-TP2,19813.25,2,79545,-292,-0.37,0,33,0.04,-292,-0.37,51861.5,5.19,8
771,Entry long,2024-08-21 10:10,ORB Long B (2c),19886.25,2,79545,-292,-0.37,0,33,0.04,-292,-0.37,51861.5,5.19,8
772,Exit long,2024-08-21 13:35,L-TP2,19893,3,119173.5,184.5,0.15,0,544.5,0.46,-46.5,-0.04,52046,5.20,21
772,Entry long,2024-08-21 11:50,ORB Long B+ (3c),19862.25,3,119173.5,184.5,0.15,0,544.5,0.46,-46.5,-0.04,52046,5.20,21
773,Exit long,2024-08-23 11:00,L-TP2,19706.5,2,79159,-333,-0.42,0,115,0.15,-333,-0.42,51713,5.17,9
773,Entry long,2024-08-23 10:15,ORB Long A (2c),19789.75,2,79159,-333,-0.42,0,115,0.15,-333,-0.42,51713,5.17,9
774,Exit long,2024-08-23 14:00,L-TP2,19706.5,2,79061,-235,-0.30,0,15,0.02,-235,-0.30,51478,5.15,16
774,Entry long,2024-08-23 12:40,ORB Long A (2c),19765.25,2,79061,-235,-0.30,0,15,0.02,-235,-0.30,51478,5.15,16
775,Exit short,2024-08-26 09:30,S-TP2,19558.25,2,78921,688,0.87,0,688,0.87,-70,-0.09,52166,5.22,9
775,Entry short,2024-08-26 08:45,ORB Short B (2c),19730.25,2,78921,688,0.87,0,688,0.87,-70,-0.09,52166,5.22,9
776,Exit long,2024-08-27 10:25,L-TP2,19634.5,1,39100,169,0.43,0,289,0.74,-45.5,-0.12,52335,5.23,19
776,Entry long,2024-08-27 08:50,ORB Long B+ (1c),19550,1,39100,169,0.43,0,289,0.74,-45.5,-0.12,52335,5.23,19
777,Exit long,2024-08-29 09:00,L-TP2,19620.75,2,78465,18,0.02,0,276,0.35,-285,-0.36,52353,5.24,3
777,Entry long,2024-08-29 08:45,ORB Long B+ (2c),19616.25,2,78465,18,0.02,0,276,0.35,-285,-0.36,52353,5.24,3
778,Exit long,2024-08-29 09:55,L-TP2,19632,2,78471,57,0.07,0,297,0.38,-43,-0.05,52410,5.24,5
778,Entry long,2024-08-29 09:30,ORB Long B (2c),19617.75,2,78471,57,0.07,0,297,0.38,-43,-0.05,52410,5.24,5
779,Exit long,2024-08-29 13:25,L-TP2,19537.25,2,78449,-300,-0.38,0,95,0.12,-300,-0.38,52110,5.21,9
779,Entry long,2024-08-29 12:40,ORB Long A (2c),19612.25,2,78449,-300,-0.38,0,95,0.12,-300,-0.38,52110,5.21,9
780,Exit long,2024-08-30 09:55,L-TP2,19513,2,78332,-280,-0.36,0,180,0.23,-280,-0.36,51830,5.18,13
780,Entry long,2024-08-30 08:50,ORB Long A (2c),19583,2,78332,-280,-0.36,0,180,0.23,-280,-0.36,51830,5.18,13
781,Exit short,2024-09-05 11:40,S-TP2,18955.25,1,37738.5,-172,-0.46,0,54.5,0.14,-172,-0.46,51658,5.17,15
781,Entry short,2024-09-05 10:25,ORB Short B+ (1c),18869.25,1,37738.5,-172,-0.46,0,54.5,0.14,-172,-0.46,51658,5.17,15
782,Exit short,2024-09-06 10:00,S-TP2,18565,2,74983,723,0.96,0,963,1.28,-173,-0.23,52381,5.24,13
782,Entry short,2024-09-06 08:55,ORB Short B (2c),18745.75,2,74983,723,0.96,0,963,1.28,-173,-0.23,52381,5.24,13
783,Exit short,2024-09-09 10:25,S-TP2,18557.25,1,37166,51.5,0.14,0,171.5,0.46,-22.5,-0.06,52432.5,5.24,11
783,Entry short,2024-09-09 09:30,ORB Short B (1c),18583,1,37166,51.5,0.14,0,171.5,0.46,-22.5,-0.06,52432.5,5.24,11
784,Exit short,2024-09-10 11:20,S-TP2,18649.75,1,37421.5,122,0.33,0,242,0.65,-159.5,-0.43,52554.5,5.26,26
784,Entry short,2024-09-10 09:10,ORB Short B+ (1c),18710.75,1,37421.5,122,0.33,0,242,0.65,-159.5,-0.43,52554.5,5.26,26
785,Exit short,2024-09-11 09:30,S-TP2,18616.25,1,37591,358.5,0.95,0,358.5,0.95,-55,-0.15,52913,5.29,8
785,Entry short,2024-09-11 08:50,ORB Short A (1c),18795.5,1,37591,358.5,0.95,0,358.5,0.95,-55,-0.15,52913,5.29,8
786,Exit long,2024-09-12 13:50,L-TP2,19423.25,1,38622,224.5,0.58,0,344.5,0.89,-128.5,-0.33,53137.5,5.31,56
786,Entry long,2024-09-12 09:10,ORB Long B (1c),19311,1,38622,224.5,0.58,0,344.5,0.89,-128.5,-0.33,53137.5,5.31,56
787,Exit long,2024-09-13 15:25,EOD Close,19522.25,1,39013.5,31,0.08,0,140.5,0.36,-187.5,-0.48,53168.5,5.32,76
787,Entry long,2024-09-13 09:05,ORB Long B (1c),19506.75,1,39013.5,31,0.08,0,140.5,0.36,-187.5,-0.48,53168.5,5.32,76
788,Exit long,2024-09-16 09:30,L-TP2,19361.75,1,38913,-189.5,-0.49,0,11.5,0.03,-189.5,-0.49,52979,5.30,4
788,Entry long,2024-09-16 09:10,ORB Long B (1c),19456.5,1,38913,-189.5,-0.49,0,11.5,0.03,-189.5,-0.49,52979,5.30,4
789,Exit long,2024-09-17 09:55,L-TP2,19756.5,2,79355,-329,-0.41,0,9,0.01,-329,-0.41,52650,5.27,2
789,Entry long,2024-09-17 09:45,ORB Long B (2c),19838.75,2,79355,-329,-0.41,0,9,0.01,-329,-0.41,52650,5.27,2
790,Exit long,2024-09-19 13:15,L-TP2,20143,2,80341,231,0.29,0,471,0.59,-145,-0.18,52881,5.29,48
790,Entry long,2024-09-19 09:15,ORB Long B (2c),20085.25,2,80341,231,0.29,0,471,0.59,-145,-0.18,52881,5.29,48
791,Exit long,2024-09-23 12:00,L-TP2,20031.75,2,80401,-274,-0.34,0,106,0.13,-274,-0.34,52607,5.26,39
791,Entry long,2024-09-23 08:45,ORB Long A (2c),20100.25,2,80401,-274,-0.34,0,106,0.13,-274,-0.34,52607,5.26,39
792,Exit short,2024-09-24 09:10,S-TP2,20044.75,1,40184.5,95,0.24,0,215,0.54,-0.5,0.00,52702,5.27,3
792,Entry short,2024-09-24 08:55,ORB Short C (1c),20092.25,1,40184.5,95,0.24,0,215,0.54,-0.5,0.00,52702,5.27,3
793,Exit long,2024-09-24 15:25,EOD Close,20187,2,80655,93,0.12,0,204,0.25,-220,-0.27,52795,5.28,56
793,Entry long,2024-09-24 10:45,ORB Long A (2c),20163.75,2,80655,93,0.12,0,204,0.25,-220,-0.27,52795,5.28,56
794,Exit long,2024-09-25 12:00,L-TP2,20147.5,1,40464.5,-169.5,-0.42,0,81,0.20,-169.5,-0.42,52625.5,5.26,37
794,Entry long,2024-09-25 08:55,ORB Long A (1c),20232.25,1,40464.5,-169.5,-0.42,0,81,0.20,-169.5,-0.42,52625.5,5.26,37
795,Exit short,2024-09-26 09:50,S-TP2,20258.5,1,40834.5,317.5,0.78,0,317.5,0.78,-41.5,-0.10,52943,5.29,12
795,Entry short,2024-09-26 08:50,ORB Short C (1c),20417.25,1,40834.5,317.5,0.78,0,317.5,0.78,-41.5,-0.10,52943,5.29,12
796,Exit short,2024-09-27 12:00,S-TP2,20270,1,40576,36,0.09,0,156,0.38,-103,-0.25,52979,5.30,33
796,Entry short,2024-09-27 09:15,ORB Short C+ (1c),20288,1,40576,36,0.09,0,156,0.38,-103,-0.25,52979,5.30,33
797,Exit long,2024-10-02 11:45,L-TP2,20029.5,2,79992,126,0.16,0,366,0.46,-208,-0.26,53105,5.31,30
797,Entry long,2024-10-02 09:15,ORB Long B (2c),19998,2,79992,126,0.16,0,366,0.46,-208,-0.26,53105,5.31,30
798,Exit long,2024-10-03 09:10,L-TP2,20053.5,2,80046,168,0.21,0,414,0.52,-16,-0.02,53273,5.33,4
798,Entry long,2024-10-03 08:50,ORB Long A+ (2c),20011.5,2,80046,168,0.21,0,414,0.52,-16,-0.02,53273,5.33,4
799,Exit long,2024-10-03 09:40,L-TP2,19938.5,2,80054,-300,-0.37,0,45,0.06,-300,-0.37,52973,5.30,2
799,Entry long,2024-10-03 09:30,ORB Long A+ (2c),20013.5,2,80054,-300,-0.37,0,45,0.06,-300,-0.37,52973,5.30,2
800,Exit long,2024-10-03 09:55,L-TP2,19943.25,2,80073,-300,-0.37,0,4,0.00,-300,-0.37,52673,5.27,1
800,Entry long,2024-10-03 09:50,ORB Long B+ (2c),20018.25,2,80073,-300,-0.37,0,4,0.00,-300,-0.37,52673,5.27,1
801,Exit long,2024-10-07 13:00,L-TP2,20107.25,1,40338,-123.5,-0.31,0,37.5,0.09,-123.5,-0.31,52549.5,5.25,45
801,Entry long,2024-10-07 09:15,ORB Long C+ (1c),20169,1,40338,-123.5,-0.31,0,37.5,0.09,-123.5,-0.31,52549.5,5.25,45
802,Exit long,2024-10-08 10:15,L-TP2,20214.25,2,80554,303,0.38,0,543,0.67,-40,-0.05,52852.5,5.29,17
802,Entry long,2024-10-08 08:50,ORB Long B+ (2c),20138.5,2,80554,303,0.38,0,543,0.67,-40,-0.05,52852.5,5.29,17
803,Exit long,2024-10-09 10:50,L-TP2,20433.75,2,81203,532,0.66,0,532,0.66,-28,-0.03,53384.5,5.34,20
803,Entry long,2024-10-09 09:10,ORB Long A+ (2c),20300.75,2,81203,532,0.66,0,532,0.66,-28,-0.03,53384.5,5.34,20
804,Exit short,2024-10-10 09:00,S-TP2,20386.5,2,81246,-300,-0.37,0,41,0.05,-300,-0.37,53084.5,5.31,3
804,Entry short,2024-10-10 08:45,ORB Short B (2c),20311.5,2,81246,-300,-0.37,0,41,0.05,-300,-0.37,53084.5,5.31,3
805,Exit long,2024-10-10 11:30,L-TP2,20448,2,81609,183,0.22,0,423,0.52,-168,-0.21,53267.5,5.33,28
805,Entry long,2024-10-10 09:10,ORB Long A (2c),20402.25,2,81609,183,0.22,0,423,0.52,-168,-0.21,53267.5,5.33,28
806,Exit long,2024-10-14 09:55,L-TP2,20564.5,2,82558,-300,-0.36,0,162,0.20,-300,-0.36,52967.5,5.30,14
806,Entry long,2024-10-14 08:45,ORB Long A (2c),20639.5,2,82558,-300,-0.36,0,162,0.20,-300,-0.36,52967.5,5.30,14
807,Exit long,2024-10-14 15:25,EOD Close,20613,2,82481,-29,-0.04,0,186,0.23,-114,-0.14,52938.5,5.29,41
807,Entry long,2024-10-14 12:00,ORB Long B+ (2c),20620.25,2,82481,-29,-0.04,0,186,0.23,-114,-0.14,52938.5,5.29,41
808,Exit short,2024-10-15 09:30,S-TP2,20422.25,2,82331,642,0.78,0,642,0.78,-13,-0.02,53580.5,5.36,4
808,Entry short,2024-10-15 09:10,ORB Short B (2c),20582.75,2,82331,642,0.78,0,642,0.78,-13,-0.02,53580.5,5.36,4
809,Exit long,2024-10-18 15:25,EOD Close,20489.75,2,82055,-96,-0.12,0,73,0.09,-286,-0.35,53484.5,5.35,76
809,Entry long,2024-10-18 09:05,ORB Long A (2c),20513.75,2,82055,-96,-0.12,0,73,0.09,-286,-0.35,53484.5,5.35,76
810,Exit long,2024-10-21 09:40,L-TP2,20423,2,81962,-270,-0.33,0,255,0.31,-270,-0.33,53214.5,5.32,11
810,Entry long,2024-10-21 08:45,ORB Long B (2c),20490.5,2,81962,-270,-0.33,0,255,0.31,-270,-0.33,53214.5,5.32,11
811,Exit long,2024-10-22 13:30,L-TP2,20542,2,81849,319,0.39,0,559,0.68,-148,-0.18,53533.5,5.35,56
811,Entry long,2024-10-22 08:50,ORB Long A (2c),20462.25,2,81849,319,0.39,0,559,0.68,-148,-0.18,53533.5,5.35,56
812,Exit long,2024-10-24 15:25,EOD Close,20395.25,2,81525,56,0.07,0,128,0.16,-214,-0.26,53589.5,5.36,33
812,Entry long,2024-10-24 12:40,ORB Long A (2c),20381.25,2,81525,56,0.07,0,128,0.16,-214,-0.26,53589.5,5.36,33
813,Exit long,2024-10-25 09:45,L-TP2,20647.5,2,82458,132,0.16,0,372,0.45,-7,-0.01,53721.5,5.37,12
813,Entry long,2024-10-25 08:45,ORB Long A (2c),20614.5,2,82458,132,0.16,0,372,0.45,-7,-0.01,53721.5,5.37,12
814,Exit short,2024-10-25 12:50,S-TP2,20562,1,40974,-150,-0.37,0,6,0.01,-150,-0.37,53571.5,5.36,2
814,Entry short,2024-10-25 12:40,ORB Short C (1c),20487,1,40974,-150,-0.37,0,6,0.01,-150,-0.37,53571.5,5.36,2
815,Exit short,2024-10-28 09:40,S-TP2,20613.25,2,82153,-300,-0.37,0,23,0.03,-300,-0.37,53271.5,5.33,10
815,Entry short,2024-10-28 08:50,ORB Short B (2c),20538.25,2,82153,-300,-0.37,0,23,0.03,-300,-0.37,53271.5,5.33,10
816,Exit short,2024-10-28 15:25,EOD Close,20513.5,1,41105,78,0.19,0,133,0.32,-39,-0.09,53349.5,5.33,64
816,Entry short,2024-10-28 10:05,ORB Short C (1c),20552.5,1,41105,78,0.19,0,133,0.32,-39,-0.09,53349.5,5.33,64
817,Exit long,2024-10-29 09:30,L-TP2,20543,2,82128,44,0.05,0,284,0.35,-84,-0.10,53393.5,5.34,6
817,Entry long,2024-10-29 09:00,ORB Long A (2c),20532,2,82128,44,0.05,0,284,0.35,-84,-0.10,53393.5,5.34,6
818,Exit long,2024-10-30 12:30,L-TP2,20603.75,2,82715,-300,-0.36,0,83,0.10,-300,-0.36,53093.5,5.31,39
818,Entry long,2024-10-30 09:15,ORB Long B (2c),20678.75,2,82715,-300,-0.36,0,83,0.10,-300,-0.36,53093.5,5.31,39
819,Exit long,2024-11-06 15:25,EOD Close,20907,2,83251,377,0.45,0,492,0.59,-109,-0.13,53470.5,5.35,51
819,Entry long,2024-11-06 11:10,ORB Long B+ (2c),20812.75,2,83251,377,0.45,0,492,0.59,-109,-0.13,53470.5,5.35,51
820,Exit long,2024-11-07 15:25,EOD Close,21230.5,2,84437,485,0.57,0,577,0.68,-91,-0.11,53955.5,5.40,78
820,Entry long,2024-11-07 08:55,ORB Long A (2c),21109.25,2,84437,485,0.57,0,577,0.68,-91,-0.11,53955.5,5.40,78
821,Exit long,2024-11-08 15:25,EOD Close,21230.25,2,84932,-11,-0.01,0,134,0.16,-99,-0.12,53944.5,5.39,36
821,Entry long,2024-11-08 12:25,ORB Long C+ (2c),21233,2,84932,-11,-0.01,0,134,0.16,-99,-0.12,53944.5,5.39,36
822,Exit short,2024-11-11 12:35,S-TP2,21158.25,2,84781,148,0.17,0,388,0.46,-196,-0.23,54092.5,5.41,46
822,Entry short,2024-11-11 08:45,ORB Short B (2c),21195.25,2,84781,148,0.17,0,388,0.46,-196,-0.23,54092.5,5.41,46
823,Exit long,2024-11-13 13:15,L-TP2,21208.75,2,84782,53,0.06,0,293,0.35,-105,-0.12,54145.5,5.41,25
823,Entry long,2024-11-13 11:10,ORB Long B (2c),21195.5,2,84782,53,0.06,0,293,0.35,-105,-0.12,54145.5,5.41,25
824,Exit long,2024-11-22 15:25,EOD Close,20859.75,2,83453,-14,-0.02,0,69,0.08,-272,-0.33,54131.5,5.41,41
824,Entry long,2024-11-22 12:00,ORB Long B (2c),20863.25,2,83453,-14,-0.02,0,69,0.08,-272,-0.33,54131.5,5.41,41
825,Exit short,2024-11-25 11:50,S-TP2,20840.25,2,83724,363,0.43,0,603,0.72,-125,-0.15,54494.5,5.45,36
825,Entry short,2024-11-25 08:50,ORB Short B (2c),20931,2,83724,363,0.43,0,603,0.72,-125,-0.15,54494.5,5.45,36
826,Exit long,2024-11-26 09:00,L-TP2,20941.5,2,84066,-300,-0.36,0,34,0.04,-300,-0.36,54194.5,5.42,3
826,Entry long,2024-11-26 08:45,ORB Long B (2c),21016.5,2,84066,-300,-0.36,0,34,0.04,-300,-0.36,54194.5,5.42,3
827,Exit long,2024-11-29 11:45,EOD Close (Early/Half-Day),20994.5,2,83586,392,0.47,0,452,0.54,-14,-0.02,54586.5,5.46,35
827,Entry long,2024-11-29 08:50,ORB Long A+ (2c),20896.5,2,83586,392,0.47,0,452,0.54,-14,-0.02,54586.5,5.46,35
828,Exit long,2024-12-02 12:30,L-TP2,21199.5,2,84596,202,0.24,0,442,0.52,-91,-0.11,54788.5,5.48,45
828,Entry long,2024-12-02 08:45,ORB Long A (2c),21149,2,84596,202,0.24,0,442,0.52,-91,-0.11,54788.5,5.48,45
829,Exit long,2024-12-03 15:25,EOD Close,21324.75,2,84816,483,0.57,0,499,0.59,-168,-0.20,55271.5,5.53,78
829,Entry long,2024-12-03 08:55,ORB Long A (2c),21204,2,84816,483,0.57,0,499,0.59,-168,-0.20,55271.5,5.53,78
830,Exit long,2024-12-04 14:35,L-TP2,21533.75,3,128623.5,579,0.45,0,579,0.45,-130.5,-0.10,55850.5,5.59,66
830,Entry long,2024-12-04 09:05,ORB Long B+ (3c),21437.25,3,128623.5,579,0.45,0,579,0.45,-130.5,-0.10,55850.5,5.59,66
831,Exit long,2024-12-06 15:25,EOD Close,21632.75,2,86368,163,0.19,0,310,0.36,-77,-0.09,56013.5,5.60,80
831,Entry long,2024-12-06 08:45,ORB Long A+ (2c),21592,2,86368,163,0.19,0,310,0.36,-77,-0.09,56013.5,5.60,80
832,Exit long,2024-12-09 09:25,L-TP2,21582.75,2,86580,-249,-0.29,0,16,0.02,-249,-0.29,55764.5,5.58,8
832,Entry long,2024-12-09 08:45,ORB Long A+ (2c),21645,2,86580,-249,-0.29,0,16,0.02,-249,-0.29,55764.5,5.58,8
833,Exit short,2024-12-09 10:20,S-TP2,21497,2,86217,229,0.27,0,469,0.54,-91,-0.11,55993.5,5.60,11
833,Entry short,2024-12-09 09:25,ORB Short B (2c),21554.25,2,86217,229,0.27,0,469,0.54,-91,-0.11,55993.5,5.60,11
834,Exit long,2024-12-10 09:55,L-TP2,21505.25,2,86310,-289,-0.33,0,117,0.14,-289,-0.33,55704.5,5.57,11
834,Entry long,2024-12-10 09:00,ORB Long A (2c),21577.5,2,86310,-289,-0.33,0,117,0.14,-289,-0.33,55704.5,5.57,11
835,Exit long,2024-12-11 09:50,L-TP2,21676.25,2,86677,28,0.03,0,268,0.31,-8,-0.01,55732.5,5.57,13
835,Entry long,2024-12-11 08:45,ORB Long B+ (2c),21669.25,2,86677,28,0.03,0,268,0.31,-8,-0.01,55732.5,5.57,13
836,Exit short,2024-12-13 10:15,S-TP2,21726.75,1,43490,36.5,0.08,0,156.5,0.36,-64,-0.15,55769,5.58,7
836,Entry short,2024-12-13 09:40,ORB Short C (1c),21745,1,43490,36.5,0.08,0,156.5,0.36,-64,-0.15,55769,5.58,7
837,Exit long,2024-12-16 13:15,L-TP2,22133.75,2,87869,666,0.76,0,666,0.76,-154,-0.18,56435,5.64,53
837,Entry long,2024-12-16 08:50,ORB Long A (2c),21967.25,2,87869,666,0.76,0,666,0.76,-154,-0.18,56435,5.64,53
838,Exit short,2024-12-17 10:10,S-TP2,22354,1,44558,-150,-0.34,0,69.5,0.16,-150,-0.34,56285,5.63,14
838,Entry short,2024-12-17 09:00,ORB Short C (1c),22279,1,44558,-150,-0.34,0,69.5,0.16,-150,-0.34,56285,5.63,14
839,Exit long,2024-12-17 11:00,L-TP2,22304.75,2,89519,-300,-0.34,0,26,0.03,-300,-0.34,55985,5.60,5
839,Entry long,2024-12-17 10:35,ORB Long B+ (2c),22379.75,2,89519,-300,-0.34,0,26,0.03,-300,-0.34,55985,5.60,5
840,Exit long,2024-12-18 13:00,L-TP2,22235,2,89240,-300,-0.34,0,167,0.19,-300,-0.34,55685,5.57,46
840,Entry long,2024-12-18 09:10,ORB Long B (2c),22310,2,89240,-300,-0.34,0,167,0.19,-300,-0.34,55685,5.57,46
841,Exit long,2024-12-23 13:50,L-TP2,21717,1,43363,71,0.16,0,191,0.44,-78,-0.18,55756,5.58,36
841,Entry long,2024-12-23 10:50,ORB Long C+ (1c),21681.5,1,43363,71,0.16,0,191,0.44,-78,-0.18,55756,5.58,36
842,Exit long,2024-12-24 11:45,EOD Close (Early/Half-Day),21977.5,2,87517,393,0.45,0,480,0.55,-32,-0.04,56149,5.61,35
842,Entry long,2024-12-24 08:50,ORB Long A (2c),21879.25,2,87517,393,0.45,0,480,0.55,-32,-0.04,56149,5.61,35
843,Exit long,2024-12-26 11:45,L-TP2,22015,1,44024.5,5.5,0.01,0,125.5,0.29,-74,-0.17,56154.5,5.62,19
843,Entry long,2024-12-26 10:10,ORB Long C+ (1c),22012.25,1,44024.5,5.5,0.01,0,125.5,0.29,-74,-0.17,56154.5,5.62,19
844,Exit long,2024-12-26 15:25,EOD Close,21996.5,2,88053,-67,-0.08,0,191,0.22,-136,-0.15,56087.5,5.61,43
844,Entry long,2024-12-26 11:50,ORB Long B+ (2c),22013.25,2,88053,-67,-0.08,0,191,0.22,-136,-0.15,56087.5,5.61,43
845,Exit short,2025-01-02 11:50,S-TP2,21060.75,1,42303.5,182,0.43,0,337,0.80,-1,0.00,56269.5,5.63,5
845,Entry short,2025-01-02 11:25,ORB Short A (1c),21151.75,1,42303.5,182,0.43,0,337,0.80,-1,0.00,56269.5,5.63,5
846,Exit long,2025-01-06 12:45,L-TP2,21726,1,43661,-209,-0.48,0,133,0.30,-209,-0.48,56060.5,5.61,48
846,Entry long,2025-01-06 08:45,ORB Long B (1c),21830.5,1,43661,-209,-0.48,0,133,0.30,-209,-0.48,56060.5,5.61,48
847,Exit short,2025-01-08 09:35,S-TP2,21353.5,1,42488.5,-218.5,-0.51,0,26,0.06,-218.5,-0.51,55842,5.58,5
847,Entry short,2025-01-08 09:10,ORB Short B+ (1c),21244.25,1,42488.5,-218.5,-0.51,0,26,0.06,-218.5,-0.51,55842,5.58,5
848,Exit short,2025-01-08 11:35,S-TP2,21226,1,42568.5,116.5,0.27,0,236.5,0.56,-18.5,-0.04,55958.5,5.60,4
848,Entry short,2025-01-08 11:15,ORB Short B (1c),21284.25,1,42568.5,116.5,0.27,0,236.5,0.56,-18.5,-0.04,55958.5,5.60,4
849,Exit short,2025-01-10 09:15,S-TP2,20934.75,1,42070,200.5,0.48,0,320.5,0.76,-70,-0.17,56159,5.62,6
849,Entry short,2025-01-10 08:45,ORB Short A+ (1c),21035,1,42070,200.5,0.48,0,320.5,0.76,-70,-0.17,56159,5.62,6
850,Exit short,2025-01-10 10:40,S-TP2,20946,1,42108.5,216.5,0.51,0,336.5,0.80,-137.5,-0.33,56375.5,5.64,12
850,Entry short,2025-01-10 09:40,ORB Short A (1c),21054.25,1,42108.5,216.5,0.51,0,336.5,0.80,-137.5,-0.33,56375.5,5.64,12
851,Exit short,2025-01-14 09:10,S-TP2,21094.75,1,42013,-176.5,-0.42,0,81.5,0.19,-176.5,-0.42,56199,5.62,4
851,Entry short,2025-01-14 08:50,ORB Short A+ (1c),21006.5,1,42013,-176.5,-0.42,0,81.5,0.19,-176.5,-0.42,56199,5.62,4
852,Exit short,2025-01-14 10:20,S-TP2,20935,1,42032.5,162.5,0.39,0,282.5,0.67,-24.5,-0.06,56361.5,5.64,11
852,Entry short,2025-01-14 09:25,ORB Short A (1c),21016.25,1,42032.5,162.5,0.39,0,282.5,0.67,-24.5,-0.06,56361.5,5.64,11
853,Exit long,2025-01-17 15:25,EOD Close,21589.5,1,43315,-136,-0.31,0,30,0.07,-171,-0.39,56225.5,5.62,39
853,Entry long,2025-01-17 12:10,ORB Long C (1c),21657.5,1,43315,-136,-0.31,0,30,0.07,-171,-0.39,56225.5,5.62,39
854,Exit long,2025-01-21 15:25,EOD Close,21766.25,1,43440,92.5,0.21,0,130,0.30,-45.5,-0.10,56318,5.63,44
854,Entry long,2025-01-21 11:45,ORB Long B+ (1c),21720,1,43440,92.5,0.21,0,130,0.30,-45.5,-0.10,56318,5.63,44
855,Exit long,2025-01-22 12:15,L-TP2,22034,1,43974,94,0.21,0,214,0.49,-23,-0.05,56412,5.64,42
855,Entry long,2025-01-22 08:45,ORB Long A (1c),21987,1,43974,94,0.21,0,214,0.49,-23,-0.05,56412,5.64,42
856,Exit long,2025-01-23 13:15,L-TP2,21924.25,1,43841,7.5,0.02,0,127.5,0.29,-51.5,-0.12,56419.5,5.64,45
856,Entry long,2025-01-23 09:30,ORB Long C (1c),21920.5,1,43841,7.5,0.02,0,127.5,0.29,-51.5,-0.12,56419.5,5.64,45
857,Exit long,2025-01-24 09:15,L-TP2,22000,2,88254,-254,-0.29,0,58,0.07,-254,-0.29,56165.5,5.62,6
857,Entry long,2025-01-24 08:45,ORB Long B+ (2c),22063.5,2,88254,-254,-0.29,0,58,0.07,-254,-0.29,56165.5,5.62,6
858,Exit long,2025-01-31 10:35,L-TP2,21905.75,1,43714,97.5,0.22,0,217.5,0.50,-56,-0.13,56263,5.63,21
858,Entry long,2025-01-31 08:50,ORB Long B+ (1c),21857,1,43714,97.5,0.22,0,217.5,0.50,-56,-0.13,56263,5.63,21
859,Exit short,2025-02-03 09:20,S-TP2,21228,1,42256.5,-199.5,-0.47,0,30,0.07,-199.5,-0.47,56063.5,5.61,2
859,Entry short,2025-02-03 09:10,ORB Short A (1c),21128.25,1,42256.5,-199.5,-0.47,0,30,0.07,-199.5,-0.47,56063.5,5.61,2
860,Exit long,2025-02-05 12:25,L-TP2,21682,1,43184,180,0.42,0,300,0.69,-60,-0.14,56243.5,5.62,34
860,Entry long,2025-02-05 09:35,ORB Long C (1c),21592,1,43184,180,0.42,0,300,0.69,-60,-0.14,56243.5,5.62,34
861,Exit long,2025-02-06 09:25,L-TP2,21789.5,2,87172,-14,-0.02,0,226,0.26,-113,-0.13,56229.5,5.62,8
861,Entry long,2025-02-06 08:45,ORB Long B+ (2c),21793,2,87172,-14,-0.02,0,226,0.26,-113,-0.13,56229.5,5.62,8
862,Exit long,2025-02-06 13:30,L-TP2,21738,2,87228,-276,-0.32,0,139,0.16,-276,-0.32,55953.5,5.60,40
862,Entry long,2025-02-06 10:10,ORB Long B (2c),21807,2,87228,-276,-0.32,0,139,0.16,-276,-0.32,55953.5,5.60,40
863,Exit long,2025-02-10 11:05,L-TP2,21833.75,2,87259,76,0.09,0,316,0.36,-6,-0.01,56029.5,5.60,25
863,Entry long,2025-02-10 09:00,ORB Long A (2c),21814.75,2,87259,76,0.09,0,316,0.36,-6,-0.01,56029.5,5.60,25
864,Exit long,2025-02-11 15:25,EOD Close,21793.25,1,43602,-15.5,-0.04,0,140.5,0.32,-170.5,-0.39,56014,5.60,75
864,Entry long,2025-02-11 09:10,ORB Long B (1c),21801,1,43602,-15.5,-0.04,0,140.5,0.32,-170.5,-0.39,56014,5.60,75
865,Exit long,2025-02-12 09:40,L-TP2,21714,1,43351,77,0.18,0,197,0.45,-190,-0.44,56091,5.61,11
865,Entry long,2025-02-12 08:45,ORB Long A (1c),21675.5,1,43351,77,0.18,0,197,0.45,-190,-0.44,56091,5.61,11
866,Exit long,2025-02-12 13:05,L-TP2,21768.5,1,43362.5,174.5,0.40,0,294.5,0.68,-8.5,-0.02,56265.5,5.63,31
866,Entry long,2025-02-12 10:30,ORB Long B (1c),21681.25,1,43362.5,174.5,0.40,0,294.5,0.68,-8.5,-0.02,56265.5,5.63,31
867,Exit long,2025-02-13 15:25,EOD Close,22078.25,1,43946.5,210,0.48,0,301,0.68,-165.5,-0.38,56475.5,5.65,74
867,Entry long,2025-02-13 09:15,ORB Long B (1c),21973.25,1,43946.5,210,0.48,0,301,0.68,-165.5,-0.38,56475.5,5.65,74
868,Exit long,2025-02-14 15:25,EOD Close,22208.5,2,88579,255,0.29,0,317,0.36,-212,-0.24,56730.5,5.67,76
868,Entry long,2025-02-14 09:05,ORB Long B+ (2c),22144.75,2,88579,255,0.29,0,317,0.36,-212,-0.24,56730.5,5.67,76
869,Exit long,2025-02-17 11:45,EOD Close (Early/Half-Day),22238.5,2,88981,-27,-0.03,0,28,0.03,-92,-0.10,56703.5,5.67,21
869,Entry long,2025-02-17 10:00,ORB Long B (2c),22245.25,2,88981,-27,-0.03,0,28,0.03,-92,-0.10,56703.5,5.67,21
870,Exit short,2025-02-19 09:30,S-TP2,22178,1,44332,-24,-0.05,0,96,0.22,-52.5,-0.12,56679.5,5.67,9
870,Entry short,2025-02-19 08:45,ORB Short C (1c),22166,1,44332,-24,-0.05,0,96,0.22,-52.5,-0.12,56679.5,5.67,9
871,Exit long,2025-02-19 15:25,EOD Close,22223.75,2,88949,-54,-0.06,0,250,0.28,-170,-0.19,56625.5,5.66,57
871,Entry long,2025-02-19 10:40,ORB Long B (2c),22237.25,2,88949,-54,-0.06,0,250,0.28,-170,-0.19,56625.5,5.66,57
872,Exit short,2025-02-25 08:55,S-TP2,21271,2,85148,64,0.08,0,304,0.36,-37,-0.04,56689.5,5.67,2
872,Entry short,2025-02-25 08:45,ORB Short A+ (2c),21287,2,85148,64,0.08,0,304,0.36,-37,-0.04,56689.5,5.67,2
873,Exit long,2025-02-26 10:55,L-TP2,21349.75,2,85109,290,0.34,0,530,0.62,-70,-0.08,56979.5,5.70,26
873,Entry long,2025-02-26 08:45,ORB Long B (2c),21277.25,2,85109,290,0.34,0,530,0.62,-70,-0.08,56979.5,5.70,26
874,Exit short,2025-02-26 13:20,S-TP2,21124.75,2,84686,187,0.22,0,427,0.50,-134,-0.16,57166.5,5.72,11
874,Entry short,2025-02-26 12:25,ORB Short A (2c),21171.5,2,84686,187,0.22,0,427,0.50,-134,-0.16,57166.5,5.72,11
875,Exit short,2025-03-03 09:00,S-TP2,20780,1,41882.5,322.5,0.77,0,322.5,0.77,-45.5,-0.11,57489,5.75,3
875,Entry short,2025-03-03 08:45,ORB Short B+ (1c),20941.25,1,41882.5,322.5,0.77,0,322.5,0.77,-45.5,-0.11,57489,5.75,3
876,Exit short,2025-03-03 12:20,S-TP2,20764.25,1,41865,336.5,0.80,0,456.5,1.09,-105,-0.25,57825.5,5.78,33
876,Entry short,2025-03-03 09:35,ORB Short B (1c),20932.5,1,41865,336.5,0.80,0,456.5,1.09,-105,-0.25,57825.5,5.78,33
877,Exit short,2025-03-04 09:25,S-TP2,20135.75,1,40462,190.5,0.47,0,310.5,0.77,-50.5,-0.12,58016,5.80,6
877,Entry short,2025-03-04 08:55,ORB Short A+ (1c),20231,1,40462,190.5,0.47,0,310.5,0.77,-50.5,-0.12,58016,5.80,6
878,Exit short,2025-03-05 11:00,S-TP2,20396.75,1,40591,-202.5,-0.50,0,161,0.40,-202.5,-0.50,57813.5,5.78,10
878,Entry short,2025-03-05 10:10,ORB Short B+ (1c),20295.5,1,40591,-202.5,-0.50,0,161,0.40,-202.5,-0.50,57813.5,5.78,10
879,Exit short,2025-03-06 11:55,S-TP2,20150.5,1,40374.5,73.5,0.18,0,193.5,0.48,-89.5,-0.22,57887,5.79,11
879,Entry short,2025-03-06 11:00,ORB Short B (1c),20187.25,1,40374.5,73.5,0.18,0,193.5,0.48,-89.5,-0.22,57887,5.79,11
880,Exit short,2025-03-07 10:55,S-TP2,19826,1,40042,390,0.97,0,510,1.27,-28,-0.07,58277,5.83,12
880,Entry short,2025-03-07 09:55,ORB Short B (1c),20021,1,40042,390,0.97,0,510,1.27,-28,-0.07,58277,5.83,12
881,Exit short,2025-03-10 09:25,S-TP2,19714.25,1,39530.5,102,0.26,0,222,0.56,-124.5,-0.31,58379,5.84,7
881,Entry short,2025-03-10 08:50,ORB Short A (1c),19765.25,1,39530.5,102,0.26,0,222,0.56,-124.5,-0.31,58379,5.84,7
882,Exit short,2025-03-11 09:05,S-TP2,19510.75,1,38768.5,-253,-0.65,0,12,0.03,-253,-0.65,58126,5.81,1
882,Entry short,2025-03-11 09:00,ORB Short A (1c),19384.25,1,38768.5,-253,-0.65,0,12,0.03,-253,-0.65,58126,5.81,1
883,Exit short,2025-03-11 12:40,S-TP2,19261,1,38749,227,0.59,0,347,0.90,-118,-0.30,58353,5.84,19
883,Entry short,2025-03-11 11:05,ORB Short B+ (1c),19374.5,1,38749,227,0.59,0,347,0.90,-118,-0.30,58353,5.84,19
884,Exit short,2025-03-13 10:40,S-TP2,19343.5,1,38890.5,203.5,0.52,0,337.5,0.87,-93.5,-0.24,58556.5,5.86,13
884,Entry short,2025-03-13 09:35,ORB Short B (1c),19445.25,1,38890.5,203.5,0.52,0,337.5,0.87,-93.5,-0.24,58556.5,5.86,13
885,Exit short,2025-03-17 12:35,S-TP2,19802.75,1,39336.5,-269,-0.68,0,79.5,0.20,-269,-0.68,58287.5,5.83,31
885,Entry short,2025-03-17 10:00,ORB Short B (1c),19668.25,1,39336.5,-269,-0.68,0,79.5,0.20,-269,-0.68,58287.5,5.83,31
886,Exit short,2025-03-18 15:25,EOD Close,19712,1,39406,-18,-0.05,0,197.5,0.50,-161,-0.41,58269.5,5.83,79
886,Entry short,2025-03-18 08:50,ORB Short B+ (1c),19703,1,39406,-18,-0.05,0,197.5,0.50,-161,-0.41,58269.5,5.83,79
887,Exit short,2025-03-28 09:25,S-TP2,19652.25,1,39677,372.5,0.94,0,372.5,0.94,-9.5,-0.02,58642,5.86,5
887,Entry short,2025-03-28 09:00,ORB Short A (1c),19838.5,1,39677,372.5,0.94,0,372.5,0.94,-9.5,-0.02,58642,5.86,5
888,Exit short,2025-04-01 09:35,S-TP2,19400,1,38598.5,-201.5,-0.52,0,76,0.20,-201.5,-0.52,58440.5,5.84,5
888,Entry short,2025-04-01 09:10,ORB Short A (1c),19299.25,1,38598.5,-201.5,-0.52,0,76,0.20,-201.5,-0.52,58440.5,5.84,5
889,Exit short,2025-04-03 10:10,S-TP2,18780.25,1,37819,258.5,0.68,0,378.5,1.00,-97,-0.26,58699,5.87,13
889,Entry short,2025-04-03 09:05,ORB Short A+ (1c),18909.5,1,37819,258.5,0.68,0,378.5,1.00,-97,-0.26,58699,5.87,13
890,Exit short,2025-04-03 12:35,S-TP2,18883,1,37804,38,0.10,0,158,0.42,-123.5,-0.33,58737,5.87,13
890,Entry short,2025-04-03 11:30,ORB Short A (1c),18902,1,37804,38,0.10,0,158,0.42,-123.5,-0.33,58737,5.87,13
891,Exit short,2025-04-04 09:50,S-TP2,17774,1,36003,455,1.26,0,692.5,1.92,-138.5,-0.38,59192,5.92,8
891,Entry short,2025-04-04 09:10,ORB Short B+ (1c),18001.5,1,36003,455,1.26,0,692.5,1.92,-138.5,-0.38,59192,5.92,8
892,Exit short,2025-04-04 10:10,S-TP2,18090.5,1,35944.5,-236.5,-0.66,0,22,0.06,-236.5,-0.66,58955.5,5.90,1
892,Entry short,2025-04-04 10:05,ORB Short B+ (1c),17972.25,1,35944.5,-236.5,-0.66,0,22,0.06,-236.5,-0.66,58955.5,5.90,1
893,Exit short,2025-04-08 11:25,S-TP2,17905.25,1,36035,224.5,0.62,0,352.5,0.98,-112.5,-0.31,59180,5.92,8
893,Entry short,2025-04-08 10:45,ORB Short C+ (1c),18017.5,1,36035,224.5,0.62,0,352.5,0.98,-112.5,-0.31,59180,5.92,8
894,Exit short,2025-04-10 10:35,S-TP2,18473.25,1,37323.5,377,1.01,0,497,1.33,-279,-0.75,59557,5.96,20
894,Entry short,2025-04-10 08:55,ORB Short A (1c),18661.75,1,37323.5,377,1.01,0,497,1.33,-279,-0.75,59557,5.96,20
895,Exit short,2025-04-11 09:40,S-TP2,18479,1,36608,-350,-0.96,0,68,0.19,-350,-0.96,59207,5.92,3
895,Entry short,2025-04-11 09:25,ORB Short B (1c),18304,1,36608,-350,-0.96,0,68,0.19,-350,-0.96,59207,5.92,3
896,Exit short,2025-04-11 10:35,S-TP2,18524.25,1,36698.5,-350,-0.95,0,11.5,0.03,-350,-0.95,58857,5.89,3
896,Entry short,2025-04-11 10:20,ORB Short B (1c),18349.25,1,36698.5,-350,-0.95,0,11.5,0.03,-350,-0.95,58857,5.89,3
897,Exit short,2025-04-14 11:10,S-TP2,18805.75,1,37893,281.5,0.74,0,416,1.10,-92.5,-0.24,59138.5,5.91,9
897,Entry short,2025-04-14 10:25,ORB Short B (1c),18946.5,1,37893,281.5,0.74,0,416,1.10,-92.5,-0.24,59138.5,5.91,9
898,Exit short,2025-04-16 10:20,S-TP2,18679,1,37108,-250,-0.67,0,88.5,0.24,-250,-0.67,58888.5,5.89,18
898,Entry short,2025-04-16 08:50,ORB Short B+ (1c),18554,1,37108,-250,-0.67,0,88.5,0.24,-250,-0.67,58888.5,5.89,18
899,Exit short,2025-04-16 12:45,S-TP2,18375.75,1,37129,377.5,1.02,0,377.5,1.02,-64.5,-0.17,59266,5.93,14
899,Entry short,2025-04-16 11:35,ORB Short B (1c),18564.5,1,37129,377.5,1.02,0,377.5,1.02,-64.5,-0.17,59266,5.93,14
900,Exit short,2025-04-17 13:10,S-TP2,18509.5,1,36718,-301,-0.82,0,195.5,0.53,-301,-0.82,58965,5.90,46
900,Entry short,2025-04-17 09:20,ORB Short B (1c),18359,1,36718,-301,-0.82,0,195.5,0.53,-301,-0.82,58965,5.90,46
901,Exit short,2025-04-21 09:35,S-TP2,17957.75,1,36111,195.5,0.54,0,315.5,0.87,-9,-0.02,59160.5,5.92,9
901,Entry short,2025-04-21 08:50,ORB Short A (1c),18055.5,1,36111,195.5,0.54,0,315.5,0.87,-9,-0.02,59160.5,5.92,9
902,Exit long,2025-04-22 10:35,L-TP2,18326,1,36483.5,168.5,0.46,0,288.5,0.79,-85,-0.23,59329,5.93,22
902,Entry long,2025-04-22 08:45,ORB Long B (1c),18241.75,1,36483.5,168.5,0.46,0,288.5,0.79,-85,-0.23,59329,5.93,22
903,Exit long,2025-04-25 09:20,L-TP2,19256.25,1,38752,-239.5,-0.62,0,59.5,0.15,-239.5,-0.62,59089.5,5.91,3
903,Entry long,2025-04-25 09:05,ORB Long B (1c),19376,1,38752,-239.5,-0.62,0,59.5,0.15,-239.5,-0.62,59089.5,5.91,3
904,Exit long,2025-04-25 12:35,L-TP2,19494.5,1,38747.5,241.5,0.62,0,361.5,0.93,-129.5,-0.33,59331,5.93,29
904,Entry long,2025-04-25 10:10,ORB Long B (1c),19373.75,1,38747.5,241.5,0.62,0,361.5,0.93,-129.5,-0.33,59331,5.93,29
905,Exit short,2025-04-28 10:35,S-TP2,19372,1,38929.5,185.5,0.48,0,305.5,0.78,-149.5,-0.38,59516.5,5.95,20
905,Entry short,2025-04-28 08:55,ORB Short B (1c),19464.75,1,38929.5,185.5,0.48,0,305.5,0.78,-149.5,-0.38,59516.5,5.95,20
906,Exit long,2025-04-29 13:05,L-TP2,19683.75,1,39030.5,337,0.86,0,337,0.86,-92,-0.24,59853.5,5.99,52
906,Entry long,2025-04-29 08:45,ORB Long B+ (1c),19515.25,1,39030.5,337,0.86,0,337,0.86,-92,-0.24,59853.5,5.99,52
907,Exit long,2025-05-01 14:55,L-TP2,19888.5,1,39999.5,-222.5,-0.56,0,251,0.63,-222.5,-0.56,59631,5.96,66
907,Entry long,2025-05-01 09:25,ORB Long B (1c),19999.75,1,39999.5,-222.5,-0.56,0,251,0.63,-222.5,-0.56,59631,5.96,66
908,Exit long,2025-05-02 12:10,L-TP2,20206,1,40263,149,0.37,0,269,0.67,-40,-0.10,59780,5.98,37
908,Entry long,2025-05-02 09:05,ORB Long B (1c),20131.5,1,40263,149,0.37,0,269,0.67,-40,-0.10,59780,5.98,37
909,Exit long,2025-05-05 14:00,L-TP2,20131.25,2,80239,286,0.36,0,526,0.66,-203,-0.25,60066,6.01,61
909,Entry long,2025-05-05 08:55,ORB Long B+ (2c),20059.75,2,80239,286,0.36,0,526,0.66,-203,-0.25,60066,6.01,61
910,Exit long,2025-05-06 10:50,L-TP2,19893,1,39734,52,0.13,0,172,0.43,0,0.00,60118,6.01,19
910,Entry long,2025-05-06 09:15,ORB Long B (1c),19867,1,39734,52,0.13,0,172,0.43,0,0.00,60118,6.01,19
911,Exit short,2025-05-07 13:05,S-TP2,19745.75,1,39698.5,207,0.52,0,207,0.52,-152.5,-0.38,60325,6.03,39
911,Entry short,2025-05-07 09:50,ORB Short C (1c),19849.25,1,39698.5,207,0.52,0,207,0.52,-152.5,-0.38,60325,6.03,39
912,Exit short,2025-05-08 10:00,S-TP2,20038,1,40153,77,0.19,0,197,0.49,-96.5,-0.24,60402,6.04,15
912,Entry short,2025-05-08 08:45,ORB Short B (1c),20076.5,1,40153,77,0.19,0,197,0.49,-96.5,-0.24,60402,6.04,15
913,Exit long,2025-05-08 10:45,L-TP2,20311.75,1,40386,237.5,0.59,0,237.5,0.59,-22,-0.05,60639.5,6.06,3
913,Entry long,2025-05-08 10:30,ORB Long A (1c),20193,1,40386,237.5,0.59,0,237.5,0.59,-22,-0.05,60639.5,6.06,3
914,Exit long,2025-05-12 15:25,EOD Close,20953,1,41857,49,0.12,0,135,0.32,-142,-0.34,60688.5,6.07,40
914,Entry long,2025-05-12 12:05,ORB Long B+ (1c),20928.5,1,41857,49,0.12,0,135,0.32,-142,-0.34,60688.5,6.07,40
915,Exit long,2025-05-13 10:25,L-TP2,21278.75,1,42221.5,336,0.80,0,336,0.80,-16.5,-0.04,61024.5,6.10,19
915,Entry long,2025-05-13 08:50,ORB Long A+ (1c),21110.75,1,42221.5,336,0.80,0,336,0.80,-16.5,-0.04,61024.5,6.10,19
916,Exit long,2025-05-14 12:20,L-TP2,21314,1,42823.5,-195.5,-0.46,0,14.5,0.03,-195.5,-0.46,60829,6.08,10
916,Entry long,2025-05-14 11:30,ORB Long B+ (1c),21411.75,1,42823.5,-195.5,-0.46,0,14.5,0.03,-195.5,-0.46,60829,6.08,10
917,Exit long,2025-05-15 12:55,L-TP2,21469.75,1,42722.5,217,0.51,0,337,0.79,-15.5,-0.04,61046,6.10,35
917,Entry long,2025-05-15 10:00,ORB Long B (1c),21361.25,1,42722.5,217,0.51,0,337,0.79,-15.5,-0.04,61046,6.10,35
918,Exit long,2025-05-16 15:25,EOD Close,21501.75,2,85889,118,0.14,0,163,0.19,-151,-0.18,61164,6.12,35
918,Entry long,2025-05-16 12:30,ORB Long B+ (2c),21472.25,2,85889,118,0.14,0,163,0.19,-151,-0.18,61164,6.12,35
919,Exit long,2025-05-19 13:10,L-TP2,21485.5,1,42725.5,245.5,0.57,0,365.5,0.86,-43,-0.10,61409.5,6.14,53
919,Entry long,2025-05-19 08:45,ORB Long B+ (1c),21362.75,1,42725.5,245.5,0.57,0,365.5,0.86,-43,-0.10,61409.5,6.14,53
920,Exit long,2025-05-20 10:00,L-TP2,21390.5,2,85782,-220,-0.26,0,23,0.03,-220,-0.26,61189.5,6.12,4
920,Entry long,2025-05-20 09:40,ORB Long B (2c),21445.5,2,85782,-220,-0.26,0,23,0.03,-220,-0.26,61189.5,6.12,4
921,Exit long,2025-05-20 13:20,L-TP2,21390.5,2,85833,-271,-0.32,0,62,0.07,-271,-0.32,60918.5,6.09,21
921,Entry long,2025-05-20 11:35,ORB Long B (2c),21458.25,2,85833,-271,-0.32,0,62,0.07,-271,-0.32,60918.5,6.09,21
922,Exit long,2025-05-21 11:05,L-TP2,21546,1,42764,328,0.77,0,328,0.77,-39.5,-0.09,61246.5,6.12,28
922,Entry long,2025-05-21 08:45,ORB Long A (1c),21382,1,42764,328,0.77,0,328,0.77,-39.5,-0.09,61246.5,6.12,28
923,Exit long,2025-05-22 09:10,L-TP2,21270.25,1,42472.5,68,0.16,0,188,0.44,-18,-0.04,61314.5,6.13,4
923,Entry long,2025-05-22 08:50,ORB Long A (1c),21236.25,1,42472.5,68,0.16,0,188,0.44,-18,-0.04,61314.5,6.13,4
924,Exit long,2025-05-22 11:25,L-TP2,21264.75,1,42449.5,80,0.19,0,200,0.47,-116.5,-0.27,61394.5,6.14,20
924,Entry long,2025-05-22 09:45,ORB Long B (1c),21224.75,1,42449.5,80,0.19,0,200,0.47,-116.5,-0.27,61394.5,6.14,20
925,Exit long,2025-05-22 14:40,L-TP2,21277.75,2,84914,197,0.23,0,437,0.51,-4,0.00,61591.5,6.16,29
925,Entry long,2025-05-22 12:15,ORB Long B (2c),21228.5,2,84914,197,0.23,0,437,0.51,-4,0.00,61591.5,6.16,29
926,Exit long,2025-05-23 10:15,L-TP2,20886.25,1,41945.5,-173,-0.41,0,35.5,0.08,-173,-0.41,61418.5,6.14,11
926,Entry long,2025-05-23 09:20,ORB Long B (1c),20972.75,1,41945.5,-173,-0.41,0,35.5,0.08,-173,-0.41,61418.5,6.14,11
927,Exit long,2025-05-23 13:20,L-TP2,21023.75,1,41951.5,96,0.23,0,216,0.51,-79.5,-0.19,61514.5,6.15,24
927,Entry long,2025-05-23 11:20,ORB Long B (1c),20975.75,1,41951.5,96,0.23,0,216,0.51,-79.5,-0.19,61514.5,6.15,24
928,Exit long,2025-05-27 11:35,L-TP2,21450.75,1,42590.5,311,0.73,0,311,0.73,-6.5,-0.02,61825.5,6.18,32
928,Entry long,2025-05-27 08:55,ORB Long A (1c),21295.25,1,42590.5,311,0.73,0,311,0.73,-6.5,-0.02,61825.5,6.18,32
929,Exit short,2025-05-28 13:55,S-TP2,21461.5,1,42965,42,0.10,0,162,0.38,-44.5,-0.10,61867.5,6.19,62
929,Entry short,2025-05-28 08:45,ORB Short C (1c),21482.5,1,42965,42,0.10,0,162,0.38,-44.5,-0.10,61867.5,6.19,62
930,Exit short,2025-05-29 09:25,S-TP2,21440.25,1,42983.5,103,0.24,0,223,0.52,-132,-0.31,61970.5,6.20,8
930,Entry short,2025-05-29 08:45,ORB Short C (1c),21491.75,1,42983.5,103,0.24,0,223,0.52,-132,-0.31,61970.5,6.20,8
931,Exit long,2025-05-30 10:40,L-TP2,21301.75,1,42789.5,-186,-0.43,0,1,0.00,-186,-0.43,61784.5,6.18,13
931,Entry long,2025-05-30 09:35,ORB Long A (1c),21394.75,1,42789.5,-186,-0.43,0,1,0.00,-186,-0.43,61784.5,6.18,13
932,Exit long,2025-06-02 15:25,EOD Close,21565,1,42917,213,0.50,0,236.5,0.55,-68,-0.16,61997.5,6.20,41
932,Entry long,2025-06-02 12:00,ORB Long B (1c),21458.5,1,42917,213,0.50,0,236.5,0.55,-68,-0.16,61997.5,6.20,41
933,Exit long,2025-06-03 13:00,L-TP2,21699.75,1,43231.5,168,0.39,0,288,0.67,-116.5,-0.27,62165.5,6.22,48
933,Entry long,2025-06-03 09:00,ORB Long A (1c),21615.75,1,43231.5,168,0.39,0,288,0.67,-116.5,-0.27,62165.5,6.22,48
934,Exit short,2025-06-05 09:35,S-TP2,21808.5,1,43447.5,-169.5,-0.39,0,46,0.11,-169.5,-0.39,61996,6.20,8
934,Entry short,2025-06-05 08:55,ORB Short B (1c),21723.75,1,43447.5,-169.5,-0.39,0,46,0.11,-169.5,-0.39,61996,6.20,8
935,Exit long,2025-06-05 11:10,L-TP2,21876.25,1,43715,37.5,0.09,0,157.5,0.36,-26,-0.06,62033.5,6.20,15
935,Entry long,2025-06-05 09:55,ORB Long A (1c),21857.5,1,43715,37.5,0.09,0,157.5,0.36,-26,-0.06,62033.5,6.20,15
936,Exit short,2025-06-05 13:15,S-TP2,21668.25,1,43445.5,109,0.25,0,232.5,0.54,-134,-0.31,62142.5,6.21,18
936,Entry short,2025-06-05 11:45,ORB Short B (1c),21722.75,1,43445.5,109,0.25,0,232.5,0.54,-134,-0.31,62142.5,6.21,18
937,Exit long,2025-06-06 09:25,L-TP2,21771.25,1,43715.5,-173,-0.40,0,11,0.03,-173,-0.40,61969.5,6.20,8
937,Entry long,2025-06-06 08:45,ORB Long A (1c),21857.75,1,43715.5,-173,-0.40,0,11,0.03,-173,-0.40,61969.5,6.20,8
938,Exit long,2025-06-09 09:55,L-TP2,21832.5,2,87262,68,0.08,0,308,0.35,-128,-0.15,62037.5,6.20,13
938,Entry long,2025-06-09 08:50,ORB Long A (2c),21815.5,2,87262,68,0.08,0,308,0.35,-128,-0.15,62037.5,6.20,13
939,Exit short,2025-06-10 10:50,S-TP2,21863.75,1,43556,-171.5,-0.39,0,11,0.03,-171.5,-0.39,61866,6.19,4
939,Entry short,2025-06-10 10:30,ORB Short C (1c),21778,1,43556,-171.5,-0.39,0,11,0.03,-171.5,-0.39,61866,6.19,4
940,Exit long,2025-06-10 14:40,L-TP2,21932.25,2,87577,152,0.17,0,392,0.45,-293,-0.33,62018,6.20,44
940,Entry long,2025-06-10 11:00,ORB Long B+ (2c),21894.25,2,87577,152,0.17,0,392,0.45,-293,-0.33,62018,6.20,44
941,Exit short,2025-06-11 09:20,S-TP2,22024.75,1,43907.5,-142,-0.32,0,4,0.01,-142,-0.32,61876,6.19,7
941,Entry short,2025-06-11 08:45,ORB Short C (1c),21953.75,1,43907.5,-142,-0.32,0,4,0.01,-142,-0.32,61876,6.19,7
942,Exit long,2025-06-11 11:05,L-TP2,21960,2,88126,-286,-0.32,0,141,0.16,-286,-0.32,61590,6.16,21
942,Entry long,2025-06-11 09:20,ORB Long B+ (2c),22031.5,2,88126,-286,-0.32,0,141,0.16,-286,-0.32,61590,6.16,21
943,Exit long,2025-06-12 10:15,L-TP2,21917.5,2,87546,124,0.14,0,364,0.42,-187,-0.21,61714,6.17,18
943,Entry long,2025-06-12 08:45,ORB Long A+ (2c),21886.5,2,87546,124,0.14,0,364,0.42,-187,-0.21,61714,6.17,18
944,Exit long,2025-06-13 13:15,L-TP2,21716,2,87192,-328,-0.38,0,231,0.26,-328,-0.38,61386,6.14,34
944,Entry long,2025-06-13 10:25,ORB Long B (2c),21798,2,87192,-328,-0.38,0,231,0.26,-328,-0.38,61386,6.14,34
945,Exit long,2025-06-16 10:55,L-TP2,22164.5,2,88425,233,0.26,0,473,0.53,-40,-0.05,61619,6.16,26
945,Entry long,2025-06-16 08:45,ORB Long A+ (2c),22106.25,2,88425,233,0.26,0,473,0.53,-40,-0.05,61619,6.16,26
946,Exit long,2025-06-17 11:55,L-TP2,22039.25,2,88485,-328,-0.37,0,61,0.07,-328,-0.37,61291,6.13,33
946,Entry long,2025-06-17 09:10,ORB Long A (2c),22121.25,2,88485,-328,-0.37,0,61,0.07,-328,-0.37,61291,6.13,33
947,Exit short,2025-06-17 13:55,S-TP2,21968,1,44028.5,92.5,0.21,0,212.5,0.48,-70.5,-0.16,61383.5,6.14,18
947,Entry short,2025-06-17 12:25,ORB Short C (1c),22014.25,1,44028.5,92.5,0.21,0,212.5,0.48,-70.5,-0.16,61383.5,6.14,18
948,Exit long,2025-06-18 10:40,L-TP2,22038.75,2,88010,145,0.16,0,385,0.44,-88,-0.10,61528.5,6.15,23
948,Entry long,2025-06-18 08:45,ORB Long A (2c),22002.5,2,88010,145,0.16,0,385,0.44,-88,-0.10,61528.5,6.15,23
949,Exit long,2025-06-23 09:55,L-TP2,21958,2,87616,216,0.25,0,456,0.52,-44,-0.05,61744.5,6.17,14
949,Entry long,2025-06-23 08:45,ORB Long A (2c),21904,2,87616,216,0.25,0,456,0.52,-44,-0.05,61744.5,6.17,14
950,Exit long,2025-06-23 12:35,L-TP2,22077.75,2,87582,729,0.83,0,729,0.83,-106,-0.12,62473.5,6.25,7
950,Entry long,2025-06-23 12:00,ORB Long B (2c),21895.5,2,87582,729,0.83,0,729,0.83,-106,-0.12,62473.5,6.25,7
951,Exit long,2025-06-24 15:25,EOD Close,22406,2,89346,278,0.31,0,445,0.50,-146,-0.16,62751.5,6.28,69
951,Entry long,2025-06-24 09:40,ORB Long B+ (2c),22336.5,2,89346,278,0.31,0,445,0.50,-146,-0.16,62751.5,6.28,69
952,Exit long,2025-06-26 15:25,EOD Close,22666.75,2,90287,380,0.42,0,484,0.54,-88,-0.10,63131.5,6.31,73
952,Entry long,2025-06-26 09:20,ORB Long B (2c),22571.75,2,90287,380,0.42,0,484,0.54,-88,-0.10,63131.5,6.31,73
953,Exit long,2025-06-27 13:15,L-TP2,22682,2,90975,-247,-0.27,0,320,0.35,-247,-0.27,62884.5,6.29,53
953,Entry long,2025-06-27 08:50,ORB Long B (2c),22743.75,2,90975,-247,-0.27,0,320,0.35,-247,-0.27,62884.5,6.29,53
954,Exit long,2025-07-02 10:00,L-TP2,22833.75,2,90842,493,0.54,0,493,0.54,-31,-0.03,63377.5,6.34,15
954,Entry long,2025-07-02 08:45,ORB Long A+ (2c),22710.5,2,90842,493,0.54,0,493,0.54,-31,-0.03,63377.5,6.34,15
955,Exit long,2025-07-03 11:45,EOD Close (Early/Half-Day),23057,2,91976,252,0.27,0,429,0.47,-23,-0.03,63629.5,6.36,35
955,Entry long,2025-07-03 08:50,ORB Long A+ (2c),22994,2,91976,252,0.27,0,429,0.47,-23,-0.03,63629.5,6.36,35
956,Exit short,2025-07-08 11:20,S-TP2,22944,2,91525,-251,-0.27,0,161,0.18,-251,-0.27,63378.5,6.34,29
956,Entry short,2025-07-08 08:55,ORB Short B (2c),22881.25,2,91525,-251,-0.27,0,161,0.18,-251,-0.27,63378.5,6.34,29
957,Exit long,2025-07-08 11:35,L-TP2,22889,2,91788,-232,-0.25,0,63,0.07,-232,-0.25,63146.5,6.31,3
957,Entry long,2025-07-08 11:20,ORB Long A (2c),22947,2,91788,-232,-0.25,0,63,0.07,-232,-0.25,63146.5,6.31,3
958,Exit long,2025-07-09 09:30,L-TP2,23010.5,2,92342,-300,-0.32,0,103,0.11,-300,-0.32,62846.5,6.28,9
958,Entry long,2025-07-09 08:45,ORB Long A (2c),23085.5,2,92342,-300,-0.32,0,103,0.11,-300,-0.32,62846.5,6.28,9
959,Exit short,2025-07-10 09:15,S-TP2,22961,2,91974,130,0.14,0,370,0.40,-68,-0.07,62976.5,6.30,6
959,Entry short,2025-07-10 08:45,ORB Short B (2c),22993.5,2,91974,130,0.14,0,370,0.40,-68,-0.07,62976.5,6.30,6
960,Exit long,2025-07-11 15:25,EOD Close,22936,2,91856,-112,-0.12,0,231,0.25,-221,-0.24,62864.5,6.29,78
960,Entry long,2025-07-11 08:55,ORB Long B+ (2c),22964,2,91856,-112,-0.12,0,231,0.25,-221,-0.24,62864.5,6.29,78
961,Exit long,2025-07-14 15:25,EOD Close,23024,2,91968,128,0.14,0,303,0.33,-29,-0.03,62992.5,6.30,66
961,Entry long,2025-07-14 09:55,ORB Long B (2c),22992,2,91968,128,0.14,0,303,0.33,-29,-0.03,62992.5,6.30,66
962,Exit short,2025-07-15 10:45,S-TP2,23174.5,1,46199,-150,-0.32,0,0.5,0.00,-150,-0.32,62842.5,6.28,10
962,Entry short,2025-07-15 09:55,ORB Short C (1c),23099.5,1,46199,-150,-0.32,0,0.5,0.00,-150,-0.32,62842.5,6.28,10
963,Exit short,2025-07-15 13:00,S-TP2,23173.5,2,92394,-300,-0.32,0,48,0.05,-300,-0.32,62542.5,6.25,13
963,Entry short,2025-07-15 11:55,ORB Short B (2c),23098.5,2,92394,-300,-0.32,0,48,0.05,-300,-0.32,62542.5,6.25,13
964,Exit long,2025-07-17 15:25,EOD Close,23265.5,2,92544,518,0.56,0,580,0.63,-86,-0.09,63060.5,6.31,80
964,Entry long,2025-07-17 08:45,ORB Long B+ (2c),23136,2,92544,518,0.56,0,580,0.63,-86,-0.09,63060.5,6.31,80
965,Exit long,2025-07-21 15:25,EOD Close,23340.25,2,93514,-153,-0.16,0,186,0.20,-201,-0.21,62907.5,6.29,80
965,Entry long,2025-07-21 08:45,ORB Long A (2c),23378.5,2,93514,-153,-0.16,0,186,0.20,-201,-0.21,62907.5,6.29,80
966,Exit short,2025-07-23 10:50,S-TP2,23240.75,2,92663,-300,-0.32,0,93,0.10,-300,-0.32,62607.5,6.26,23
966,Entry short,2025-07-23 08:55,ORB Short B (2c),23165.75,2,92663,-300,-0.32,0,93,0.10,-300,-0.32,62607.5,6.26,23
967,Exit long,2025-07-24 15:25,EOD Close,23392,2,93646,-78,-0.08,0,54,0.06,-179,-0.19,62529.5,6.25,39
967,Entry long,2025-07-24 12:10,ORB Long A (2c),23411.5,2,93646,-78,-0.08,0,54,0.06,-179,-0.19,62529.5,6.25,39
968,Exit long,2025-07-25 14:55,L-TP2,23417,2,93536,132,0.14,0,372,0.40,-45,-0.05,62661.5,6.27,74
968,Entry long,2025-07-25 08:45,ORB Long B+ (2c),23384,2,93536,132,0.14,0,372,0.40,-45,-0.05,62661.5,6.27,74
969,Exit long,2025-07-30 13:40,L-TP2,23529.75,2,94062,57,0.06,0,297,0.32,-162,-0.17,62718.5,6.27,52
969,Entry long,2025-07-30 09:20,ORB Long A+ (2c),23515.5,2,94062,57,0.06,0,297,0.32,-162,-0.17,62718.5,6.27,52
970,Exit long,2025-08-05 09:15,L-TP2,23306.5,2,93526,-300,-0.32,0,45,0.05,-300,-0.32,62418.5,6.24,6
970,Entry long,2025-08-05 08:45,ORB Long B+ (2c),23381.5,2,93526,-300,-0.32,0,45,0.05,-300,-0.32,62418.5,6.24,6
971,Exit long,2025-08-06 11:35,L-TP2,23388,2,92917,635,0.68,0,635,0.68,-260,-0.28,63053.5,6.31,33
971,Entry long,2025-08-06 08:50,ORB Long B (2c),23229.25,2,92917,635,0.68,0,635,0.68,-260,-0.28,63053.5,6.31,33
972,Exit long,2025-08-07 09:10,L-TP2,23582.75,2,94618,-287,-0.30,0,67,0.07,-287,-0.30,62766.5,6.28,3
972,Entry long,2025-08-07 08:55,ORB Long B+ (2c),23654.5,2,94618,-287,-0.30,0,67,0.07,-287,-0.30,62766.5,6.28,3
973,Exit long,2025-08-08 15:25,EOD Close,23752.75,2,94514,497,0.53,0,546,0.58,-66,-0.07,63263.5,6.33,80
973,Entry long,2025-08-08 08:45,ORB Long A+ (2c),23628.5,2,94514,497,0.53,0,546,0.58,-66,-0.07,63263.5,6.33,80
974,Exit long,2025-08-11 13:00,L-TP2,23681,2,94980,-256,-0.27,0,238,0.25,-256,-0.27,63007.5,6.30,49
974,Entry long,2025-08-11 08:55,ORB Long A (2c),23745,2,94980,-256,-0.27,0,238,0.25,-256,-0.27,63007.5,6.30,49
975,Exit long,2025-08-12 15:25,EOD Close,23937.75,2,95240,511,0.54,0,557,0.58,0,0.00,63518.5,6.35,64
975,Entry long,2025-08-12 10:05,ORB Long B+ (2c),23810,2,95240,511,0.54,0,557,0.58,0,0.00,63518.5,6.35,64
976,Exit long,2025-08-14 09:55,L-TP2,23945.5,2,95723,59,0.06,0,299,0.31,-132,-0.14,63577.5,6.36,14
976,Entry long,2025-08-14 08:45,ORB Long A (2c),23930.75,2,95723,59,0.06,0,299,0.31,-132,-0.14,63577.5,6.36,14
977,Exit long,2025-08-14 15:25,EOD Close,23882.25,2,95702,-173,-0.18,0,217,0.23,-244,-0.25,63404.5,6.34,55
977,Entry long,2025-08-14 10:50,ORB Long B+ (2c),23925.5,2,95702,-173,-0.18,0,217,0.23,-244,-0.25,63404.5,6.34,55
978,Exit long,2025-08-25 13:20,L-TP2,23556.75,2,94078,149,0.16,0,389,0.41,-60,-0.06,63553.5,6.36,53
978,Entry long,2025-08-25 08:55,ORB Long B (2c),23519.5,2,94078,149,0.16,0,389,0.41,-60,-0.06,63553.5,6.36,53
979,Exit long,2025-08-26 15:25,EOD Close,23606.75,1,47081,132.5,0.28,0,141,0.30,-123,-0.26,63686,6.37,73
979,Entry long,2025-08-26 09:20,ORB Long C+ (1c),23540.5,1,47081,132.5,0.28,0,141,0.30,-123,-0.26,63686,6.37,73
980,Exit long,2025-08-27 11:20,L-TP2,23571.75,1,47133,10.5,0.02,0,130.5,0.28,-2,0.00,63696.5,6.37,26
980,Entry long,2025-08-27 09:10,ORB Long C+ (1c),23566.5,1,47133,10.5,0.02,0,130.5,0.28,-2,0.00,63696.5,6.37,26
981,Exit long,2025-08-28 15:25,EOD Close,23763.5,2,95018,36,0.04,0,197,0.21,-129,-0.14,63732.5,6.37,48
981,Entry long,2025-08-28 11:25,ORB Long B+ (2c),23754.5,2,95018,36,0.04,0,197,0.21,-129,-0.14,63732.5,6.37,48
982,Exit short,2025-08-29 09:20,S-TP2,23488,2,94173,221,0.23,0,461,0.49,-130,-0.14,63953.5,6.40,7
982,Entry short,2025-08-29 08:45,ORB Short B (2c),23543.25,2,94173,221,0.23,0,461,0.49,-130,-0.14,63953.5,6.40,7
983,Exit long,2025-09-04 15:25,EOD Close,23691.25,2,94206,559,0.59,0,630,0.67,-155,-0.16,64512.5,6.45,55
983,Entry long,2025-09-04 10:50,ORB Long B (2c),23551.5,2,94206,559,0.59,0,630,0.67,-155,-0.16,64512.5,6.45,55
984,Exit short,2025-09-05 09:35,S-TP2,23628.25,1,47591.5,335,0.70,0,335,0.70,-14.5,-0.03,64847.5,6.48,6
984,Entry short,2025-09-05 09:05,ORB Short C+ (1c),23795.75,1,47591.5,335,0.70,0,335,0.70,-14.5,-0.03,64847.5,6.48,6
985,Exit long,2025-09-08 12:50,L-TP2,23772,2,95397,-309,-0.32,0,155,0.16,-309,-0.32,64538.5,6.45,49
985,Entry long,2025-09-08 08:45,ORB Long A (2c),23849.25,2,95397,-309,-0.32,0,155,0.16,-309,-0.32,64538.5,6.45,49
986,Exit long,2025-09-11 15:25,EOD Close,24012,2,96016,32,0.03,0,179,0.19,-37,-0.04,64570.5,6.46,66
986,Entry long,2025-09-11 09:55,ORB Long B+ (2c),24004,2,96016,32,0.03,0,179,0.19,-37,-0.04,64570.5,6.46,66
987,Exit long,2025-09-12 14:35,L-TP2,24099,2,96286,110,0.11,0,350,0.36,-28,-0.03,64680.5,6.47,63
987,Entry long,2025-09-12 09:20,ORB Long A (2c),24071.5,2,96286,110,0.11,0,350,0.36,-28,-0.03,64680.5,6.47,63
988,Exit long,2025-09-15 15:25,EOD Close,24289.75,2,96914,245,0.25,0,349,0.36,-30,-0.03,64925.5,6.49,80
988,Entry long,2025-09-15 08:45,ORB Long A (2c),24228.5,2,96914,245,0.25,0,349,0.36,-30,-0.03,64925.5,6.49,80
989,Exit long,2025-09-18 09:50,L-TP2,24749,2,98889,107,0.11,0,347,0.35,-6,-0.01,65032.5,6.50,10
989,Entry long,2025-09-18 09:00,ORB Long A (2c),24722.25,2,98889,107,0.11,0,347,0.35,-6,-0.01,65032.5,6.50,10
990,Exit long,2025-09-19 09:45,L-TP2,24737.25,2,99174,-225,-0.23,0,90,0.09,-225,-0.23,64807.5,6.48,12
990,Entry long,2025-09-19 08:45,ORB Long A (2c),24793.5,2,99174,-225,-0.23,0,90,0.09,-225,-0.23,64807.5,6.48,12
991,Exit long,2025-09-19 15:25,EOD Close,24869,2,99181,295,0.30,0,371,0.37,-23,-0.02,65102.5,6.51,53
991,Entry long,2025-09-19 11:00,ORB Long B+ (2c),24795.25,2,99181,295,0.30,0,371,0.37,-23,-0.02,65102.5,6.51,53
992,Exit short,2025-09-23 12:45,S-TP2,24839.25,2,99761,404,0.40,0,644,0.65,-139,-0.14,65506.5,6.55,46
992,Entry short,2025-09-23 08:55,ORB Short B (2c),24940.25,2,99761,404,0.40,0,644,0.65,-139,-0.14,65506.5,6.55,46
993,Exit long,2025-09-25 11:20,L-TP2,24637,1,49212,62,0.13,0,182,0.37,-44.5,-0.09,65568.5,6.56,25
993,Entry long,2025-09-25 09:15,ORB Long C+ (1c),24606,1,49212,62,0.13,0,182,0.37,-44.5,-0.09,65568.5,6.56,25
994,Exit long,2025-09-29 10:15,L-TP2,24872.25,2,99789,-300,-0.30,0,111,0.11,-300,-0.30,65268.5,6.53,18
994,Entry long,2025-09-29 08:45,ORB Long B+ (2c),24947.25,2,99789,-300,-0.30,0,111,0.11,-300,-0.30,65268.5,6.53,18
995,Exit long,2025-09-30 10:25,L-TP2,24767.5,2,99370,-300,-0.30,0,86,0.09,-300,-0.30,64968.5,6.50,6
995,Entry long,2025-09-30 09:55,ORB Long B (2c),24842.5,2,99370,-300,-0.30,0,86,0.09,-300,-0.30,64968.5,6.50,6
996,Exit long,2025-10-01 13:05,L-TP2,25011,2,99431,613,0.62,0,613,0.62,-14,-0.01,65581.5,6.56,46
996,Entry long,2025-10-01 09:15,ORB Long A (2c),24857.75,2,99431,613,0.62,0,613,0.62,-14,-0.01,65581.5,6.56,46
997,Exit long,2025-10-06 15:25,EOD Close,25179.25,2,100899,-182,-0.18,0,113,0.11,-202,-0.20,65399.5,6.54,37
997,Entry long,2025-10-06 12:20,ORB Long A+ (2c),25224.75,2,100899,-182,-0.18,0,113,0.11,-202,-0.20,65399.5,6.54,37
998,Exit long,2025-10-08 14:55,L-TP2,25333.75,2,100645,690,0.69,0,690,0.69,-74,-0.07,66089.5,6.61,74
998,Entry long,2025-10-08 08:45,ORB Long A+ (2c),25161.25,2,100645,690,0.69,0,690,0.69,-74,-0.07,66089.5,6.61,74
999,Exit short,2025-10-09 13:15,S-TP2,25220.75,1,50503.5,62,0.12,0,182,0.36,-46,-0.09,66151.5,6.62,46
999,Entry short,2025-10-09 09:25,ORB Short C (1c),25251.75,1,50503.5,62,0.12,0,182,0.36,-46,-0.09,66151.5,6.62,46
1000,Exit long,2025-10-13 09:20,L-TP2,24809.5,2,99553,-315,-0.32,0,102,0.10,-315,-0.32,65836.5,6.58,5
1000,Entry long,2025-10-13 08:55,ORB Long B (2c),24888.25,2,99553,-315,-0.32,0,102,0.10,-315,-0.32,65836.5,6.58,5
1001,Exit long,2025-10-13 09:50,L-TP2,24774.25,2,99412,-315,-0.32,0,142,0.14,-315,-0.32,65521.5,6.55,4
1001,Entry long,2025-10-13 09:30,ORB Long B (2c),24853,2,99412,-315,-0.32,0,142,0.14,-315,-0.32,65521.5,6.55,4
1002,Exit long,2025-10-13 12:15,L-TP2,24898.5,2,99462,132,0.13,0,372,0.37,-54,-0.05,65653.5,6.57,24
1002,Entry long,2025-10-13 10:15,ORB Long B (2c),24865.5,2,99462,132,0.13,0,372,0.37,-54,-0.05,65653.5,6.57,24
1003,Exit long,2025-10-15 10:45,L-TP2,24924.75,1,50028.5,-179,-0.36,0,207,0.41,-179,-0.36,65474.5,6.55,22
1003,Entry long,2025-10-15 08:55,ORB Long A (1c),25014.25,1,50028.5,-179,-0.36,0,207,0.41,-179,-0.36,65474.5,6.55,22
1004,Exit short,2025-10-15 12:10,S-TP2,24740.75,1,49809,327.5,0.66,0,327.5,0.66,-178,-0.36,65802,6.58,16
1004,Entry short,2025-10-15 10:50,ORB Short C (1c),24904.5,1,49809,327.5,0.66,0,327.5,0.66,-178,-0.36,65802,6.58,16
1005,Exit long,2025-10-16 10:25,L-TP2,25036,2,100438,-294,-0.29,0,281,0.28,-294,-0.29,65508,6.55,11
1005,Entry long,2025-10-16 09:30,ORB Long B (2c),25109.5,2,100438,-294,-0.29,0,281,0.28,-294,-0.29,65508,6.55,11
1006,Exit long,2025-10-20 15:00,L-TP2,25295,1,50461,129,0.26,0,249,0.49,-57,-0.11,65637,6.56,74
1006,Entry long,2025-10-20 08:50,ORB Long A (1c),25230.5,1,50461,129,0.26,0,249,0.49,-57,-0.11,65637,6.56,74
1007,Exit long,2025-10-21 15:00,L-TP2,25233,2,101234,-302,-0.30,0,156,0.15,-302,-0.30,65335,6.53,51
1007,Entry long,2025-10-21 10:45,ORB Long B+ (2c),25308.5,2,101234,-302,-0.30,0,156,0.15,-302,-0.30,65335,6.53,51
1008,Exit long,2025-10-22 09:25,L-TP2,25178.75,1,50561.5,-204,-0.40,0,3.5,0.01,-204,-0.40,65131,6.51,7
1008,Entry long,2025-10-22 08:50,ORB Long A+ (1c),25280.75,1,50561.5,-204,-0.40,0,3.5,0.01,-204,-0.40,65131,6.51,7
1009,Exit short,2025-10-22 10:40,S-TP2,25063,1,50250.5,124.5,0.25,0,244.5,0.49,-133,-0.26,65255.5,6.53,15
1009,Entry short,2025-10-22 09:25,ORB Short B (1c),25125.25,1,50250.5,124.5,0.25,0,244.5,0.49,-133,-0.26,65255.5,6.53,15
1010,Exit long,2025-10-23 12:35,L-TP2,25264.5,1,50274.5,254.5,0.51,0,254.5,0.51,-107,-0.21,65510,6.55,46
1010,Entry long,2025-10-23 08:45,ORB Long A+ (1c),25137.25,1,50274.5,254.5,0.51,0,254.5,0.51,-107,-0.21,65510,6.55,46
1011,Exit long,2025-10-24 15:25,EOD Close,25518.25,1,51064.5,-28,-0.05,0,73.5,0.14,-199.5,-0.39,65482,6.55,76
1011,Entry long,2025-10-24 09:05,ORB Long A (1c),25532.25,1,51064.5,-28,-0.05,0,73.5,0.14,-199.5,-0.39,65482,6.55,76
1012,Exit long,2025-10-27 15:25,EOD Close,25996,2,103465,519,0.50,0,528,0.51,-177,-0.17,66001,6.60,77
1012,Entry long,2025-10-27 09:00,ORB Long A (2c),25866.25,2,103465,519,0.50,0,528,0.51,-177,-0.17,66001,6.60,77
1013,Exit long,2025-10-28 14:50,L-TP2,26172,2,104436,252,0.24,0,492,0.47,-73,-0.07,66253,6.63,40
1013,Entry long,2025-10-28 11:30,ORB Long A (2c),26109,2,104436,252,0.24,0,492,0.47,-73,-0.07,66253,6.63,40
1014,Exit short,2025-10-31 11:25,S-TP2,26015.5,1,52205.5,174.5,0.33,0,294.5,0.56,-160.5,-0.31,66427.5,6.64,30
1014,Entry short,2025-10-31 08:55,ORB Short C (1c),26102.75,1,52205.5,174.5,0.33,0,294.5,0.56,-160.5,-0.31,66427.5,6.64,30
1015,Exit long,2025-11-10 09:55,L-TP2,25538.5,1,51280,-203,-0.40,0,53,0.10,-203,-0.40,66224.5,6.62,11
1015,Entry long,2025-11-10 09:00,ORB Long A+ (1c),25640,1,51280,-203,-0.40,0,53,0.10,-203,-0.40,66224.5,6.62,11
1016,Exit short,2025-11-10 11:50,S-TP2,25625,1,51047,-203,-0.40,0,142.5,0.28,-203,-0.40,66021.5,6.60,23
1016,Entry short,2025-11-10 09:55,ORB Short C (1c),25523.5,1,51047,-203,-0.40,0,142.5,0.28,-203,-0.40,66021.5,6.60,23
1017,Exit long,2025-11-10 15:25,EOD Close,25729.5,1,51281,178,0.35,0,239,0.47,-24,-0.05,66199.5,6.62,41
1017,Entry long,2025-11-10 12:00,ORB Long A (1c),25640.5,1,51281,178,0.35,0,239,0.47,-24,-0.05,66199.5,6.62,41
1018,Exit long,2025-11-11 15:25,EOD Close,25666,2,102630,34,0.03,0,153,0.15,-201,-0.20,66233.5,6.62,38
1018,Entry long,2025-11-11 12:15,ORB Long B (2c),25657.5,2,102630,34,0.03,0,153,0.15,-201,-0.20,66233.5,6.62,38
1019,Exit short,2025-11-18 09:05,S-TP2,24494.25,1,49247,258.5,0.52,0,387,0.79,-41.5,-0.08,66492,6.65,4
1019,Entry short,2025-11-18 08:45,ORB Short A+ (1c),24623.5,1,49247,258.5,0.52,0,387,0.79,-41.5,-0.08,66492,6.65,4
1020,Exit short,2025-11-18 11:20,S-TP2,24633.25,2,98584,51,0.05,0,291,0.30,-207,-0.21,66543,6.65,10
1020,Entry short,2025-11-18 10:30,ORB Short A (2c),24646,2,98584,51,0.05,0,291,0.30,-207,-0.21,66543,6.65,10
1021,Exit short,2025-11-19 12:35,S-TP2,24694.75,1,49143.5,-246,-0.50,0,127.5,0.26,-246,-0.50,66297,6.63,13
1021,Entry short,2025-11-19 11:30,ORB Short B+ (1c),24571.75,1,49143.5,-246,-0.50,0,127.5,0.26,-246,-0.50,66297,6.63,13
1022,Exit short,2025-11-20 10:15,S-TP2,24963.75,1,50197.5,270,0.54,0,270,0.54,-27.5,-0.05,66567,6.66,3
1022,Entry short,2025-11-20 10:00,ORB Short C (1c),25098.75,1,50197.5,270,0.54,0,270,0.54,-27.5,-0.05,66567,6.66,3
1023,Exit short,2025-11-21 09:40,S-TP2,23987.25,1,48279,304.5,0.63,0,424.5,0.88,-169.5,-0.35,66871.5,6.69,8
1023,Entry short,2025-11-21 09:00,ORB Short A (1c),24139.5,1,48279,304.5,0.63,0,424.5,0.88,-169.5,-0.35,66871.5,6.69,8
1024,Exit short,2025-11-25 09:40,S-TP2,24832.5,1,49376,-289,-0.59,0,49,0.10,-289,-0.59,66582.5,6.66,8
1024,Entry short,2025-11-25 09:00,ORB Short A+ (1c),24688,1,49376,-289,-0.59,0,49,0.10,-289,-0.59,66582.5,6.66,8
1025,Exit long,2025-11-28 11:45,EOD Close (Early/Half-Day),25405.75,1,50869,-57.5,-0.11,0,11,0.02,-134,-0.26,66525,6.65,20
1025,Entry long,2025-11-28 10:05,ORB Long C (1c),25434.5,1,50869,-57.5,-0.11,0,11,0.02,-134,-0.26,66525,6.65,20
1026,Exit long,2025-12-01 13:10,L-TP2,25435.75,1,50692.5,179,0.35,0,299,0.59,-160,-0.32,66704,6.67,52
1026,Entry long,2025-12-01 08:50,ORB Long A (1c),25346.25,1,50692.5,179,0.35,0,299,0.59,-160,-0.32,66704,6.67,52
1027,Exit long,2025-12-02 10:20,L-TP2,25507.75,1,51270,-254.5,-0.50,0,70,0.14,-254.5,-0.50,66449.5,6.64,16
1027,Entry long,2025-12-02 09:00,ORB Long A (1c),25635,1,51270,-254.5,-0.50,0,70,0.14,-254.5,-0.50,66449.5,6.64,16
1028,Exit long,2025-12-03 15:25,EOD Close,25641.5,1,51143.5,139.5,0.27,0,228,0.45,-147.5,-0.29,66589,6.66,77
1028,Entry long,2025-12-03 09:00,ORB Long A+ (1c),25571.75,1,51143.5,139.5,0.27,0,228,0.45,-147.5,-0.29,66589,6.66,77
1029,Exit long,2025-12-05 10:30,L-TP2,25675.5,1,51589.5,-238.5,-0.46,0,146,0.28,-238.5,-0.46,66350.5,6.64,20
1029,Entry long,2025-12-05 08:50,ORB Long A+ (1c),25794.75,1,51589.5,-238.5,-0.46,0,146,0.28,-238.5,-0.46,66350.5,6.64,20
1030,Exit long,2025-12-09 15:25,EOD Close,25680.5,1,51314,47,0.09,0,163,0.32,-43,-0.08,66397.5,6.64,72
1030,Entry long,2025-12-09 09:25,ORB Long B (1c),25657,1,51314,47,0.09,0,163,0.32,-43,-0.08,66397.5,6.64,72
1031,Exit long,2025-12-10 14:10,L-TP2,25851.5,1,51335.5,367.5,0.72,0,367.5,0.72,-177.5,-0.35,66765,6.68,28
1031,Entry long,2025-12-10 11:50,ORB Long B (1c),25667.75,1,51335.5,367.5,0.72,0,367.5,0.72,-177.5,-0.35,66765,6.68,28
1032,Exit long,2025-12-11 15:25,EOD Close,25819.5,1,51327,312,0.61,0,355.5,0.69,-67,-0.13,67077,6.71,34
1032,Entry long,2025-12-11 12:35,ORB Long A (1c),25663.5,1,51327,312,0.61,0,355.5,0.69,-67,-0.13,67077,6.71,34
1033,Exit long,2025-12-23 15:25,EOD Close,25816,1,51479,153,0.30,0,165.5,0.32,-23,-0.04,67230,6.72,65
1033,Entry long,2025-12-23 10:00,ORB Long B (1c),25739.5,1,51479,153,0.30,0,165.5,0.32,-23,-0.04,67230,6.72,65
1034,Exit long,2025-12-24 11:45,EOD Close (Early/Half-Day),25874.5,2,103311,187,0.18,0,242,0.23,-95,-0.09,67417,6.74,31
1034,Entry long,2025-12-24 09:10,ORB Long B (2c),25827.75,2,103311,187,0.18,0,242,0.23,-95,-0.09,67417,6.74,31
1035,Exit long,2025-12-30 10:40,L-TP2,25734,2,102945,-9,-0.01,0,231,0.22,-232,-0.23,67408,6.74,23
1035,Entry long,2025-12-30 08:45,ORB Long B (2c),25736.25,2,102945,-9,-0.01,0,231,0.22,-232,-0.23,67408,6.74,23
1036,Exit long,2025-12-30 14:55,L-TP2,25675.5,2,102942,-240,-0.23,0,34,0.03,-240,-0.23,67168,6.72,32
1036,Entry long,2025-12-30 12:15,ORB Long B (2c),25735.5,2,102942,-240,-0.23,0,34,0.03,-240,-0.23,67168,6.72,32
1037,Exit long,2026-01-02 09:10,L-TP2,25678,2,103020,-308,-0.30,0,194,0.19,-308,-0.30,66860,6.69,5
1037,Entry long,2026-01-02 08:45,ORB Long A+ (2c),25755,2,103020,-308,-0.30,0,194,0.19,-308,-0.30,66860,6.69,5
1038,Exit short,2026-01-02 09:30,S-TP2,25517.25,2,102416,347,0.34,0,587,0.57,-9,-0.01,67207,6.72,4
1038,Entry short,2026-01-02 09:10,ORB Short B (2c),25604,2,102416,347,0.34,0,587,0.57,-9,-0.01,67207,6.72,4
1039,Exit long,2026-01-05 11:30,L-TP2,25609.25,2,102749,-312,-0.30,0,83,0.08,-312,-0.30,66895,6.69,17
1039,Entry long,2026-01-05 10:05,ORB Long B+ (2c),25687.25,2,102749,-312,-0.30,0,83,0.08,-312,-0.30,66895,6.69,17
1040,Exit long,2026-01-06 15:25,EOD Close,25822.75,2,102840,451,0.44,0,511,0.50,-284,-0.28,67346,6.73,80
1040,Entry long,2026-01-06 08:45,ORB Long B+ (2c),25710,2,102840,451,0.44,0,511,0.50,-284,-0.28,67346,6.73,80
1041,Exit long,2026-01-07 12:20,L-TP2,25938,2,103464,288,0.28,0,528,0.51,-228,-0.22,67634,6.76,35
1041,Entry long,2026-01-07 09:25,ORB Long A (2c),25866,2,103464,288,0.28,0,528,0.51,-228,-0.22,67634,6.76,35
1042,Exit long,2026-01-09 09:40,L-TP2,25819,2,103199,77,0.07,0,317,0.31,-7,-0.01,67711,6.77,4
1042,Entry long,2026-01-09 09:20,ORB Long B (2c),25799.75,2,103199,77,0.07,0,317,0.31,-7,-0.01,67711,6.77,4
1043,Exit long,2026-01-09 14:20,L-TP2,25981.75,2,103247,680,0.66,0,680,0.66,-4,0.00,68391,6.84,53
1043,Entry long,2026-01-09 09:55,ORB Long B+ (2c),25811.75,2,103247,680,0.66,0,680,0.66,-4,0.00,68391,6.84,53
1044,Exit long,2026-01-12 14:50,L-TP2,25960.5,2,103574,268,0.26,0,508,0.49,-120,-0.12,68659,6.87,72
1044,Entry long,2026-01-12 08:50,ORB Long B+ (2c),25893.5,2,103574,268,0.26,0,508,0.49,-120,-0.12,68659,6.87,72
1045,Exit short,2026-01-13 09:35,S-TP2,25871.75,1,51860.5,117,0.23,0,237,0.46,-55,-0.11,68776,6.88,7
1045,Entry short,2026-01-13 09:00,ORB Short C (1c),25930.25,1,51860.5,117,0.23,0,237,0.46,-55,-0.11,68776,6.88,7
1046,Exit short,2026-01-20 15:10,S-TP2,25159,2,100908,272,0.27,0,512,0.51,-43,-0.04,69048,6.90,32
1046,Entry short,2026-01-20 12:30,ORB Short B+ (2c),25227,2,100908,272,0.27,0,512,0.51,-43,-0.04,69048,6.90,32
1047,Exit long,2026-01-21 09:30,L-TP2,25413.75,2,100944,711,0.70,0,711,0.70,-30,-0.03,69759,6.98,9
1047,Entry long,2026-01-21 08:45,ORB Long B (2c),25236,2,100944,711,0.70,0,711,0.70,-30,-0.03,69759,6.98,9
1048,Exit long,2026-01-26 14:00,L-TP2,25872.75,1,51676,69.5,0.13,0,189.5,0.37,-70,-0.14,69828.5,6.98,61
1048,Entry long,2026-01-26 08:55,ORB Long B (1c),25838,1,51676,69.5,0.13,0,189.5,0.37,-70,-0.14,69828.5,6.98,61
1049,Exit long,2026-01-27 15:25,EOD Close,26095.25,1,52075,115.5,0.22,0,154,0.30,-31,-0.06,69944,6.99,79
1049,Entry long,2026-01-27 08:50,ORB Long A+ (1c),26037.5,1,52075,115.5,0.22,0,154,0.30,-31,-0.06,69944,6.99,79
1050,Exit short,2026-02-04 10:10,S-TP2,25112.25,1,50399,174.5,0.35,0,294.5,0.58,-212.5,-0.42,70118.5,7.01,15
1050,Entry short,2026-02-04 08:55,ORB Short A (1c),25199.5,1,50399,174.5,0.35,0,294.5,0.58,-212.5,-0.42,70118.5,7.01,15
1051,Exit long,2026-02-06 09:00,L-TP2,24807.5,1,49863,-248,-0.50,0,105,0.21,-248,-0.50,69870.5,6.99,3
1051,Entry long,2026-02-06 08:45,ORB Long B (1c),24931.5,1,49863,-248,-0.50,0,105,0.21,-248,-0.50,69870.5,6.99,3
1052,Exit short,2026-02-11 09:20,S-TP2,25102.25,1,50610,405.5,0.80,0,405.5,0.80,-75.5,-0.15,70276,7.03,5
1052,Entry short,2026-02-11 08:55,ORB Short B+ (1c),25305,1,50610,405.5,0.80,0,405.5,0.80,-75.5,-0.15,70276,7.03,5
1053,Exit short,2026-02-16 11:45,EOD Close (Early/Half-Day),24759,1,49419.5,-98.5,-0.20,0,78.5,0.16,-111,-0.22,70177.5,7.02,28
1053,Entry short,2026-02-16 09:25,ORB Short C (1c),24709.75,1,49419.5,-98.5,-0.20,0,78.5,0.16,-111,-0.22,70177.5,7.02,28
1054,Exit short,2026-02-23 10:20,S-TP2,24727.75,1,49733,277.5,0.56,0,397.5,0.80,-126.5,-0.25,70455,7.05,16
1054,Entry short,2026-02-23 09:00,ORB Short A+ (1c),24866.5,1,49733,277.5,0.56,0,397.5,0.80,-126.5,-0.25,70455,7.05,16
1055,Exit short,2026-03-03 09:30,S-TP2,24410.75,1,49003.5,182,0.37,0,302,0.62,-130.5,-0.27,70637,7.06,9
1055,Entry short,2026-03-03 08:45,ORB Short A+ (1c),24501.75,1,49003.5,182,0.37,0,302,0.62,-130.5,-0.27,70637,7.06,9
1056,Exit long,2026-03-05 09:20,L-TP2,25028.25,1,50285.5,-229,-0.46,0,131,0.26,-229,-0.46,70408,7.04,6
1056,Entry long,2026-03-05 08:50,ORB Long B (1c),25142.75,1,50285.5,-229,-0.46,0,131,0.26,-229,-0.46,70408,7.04,6
1057,Exit long,2026-03-11 09:20,L-TP2,25035,1,50245,-175,-0.35,0,53.5,0.11,-175,-0.35,70233,7.02,4
1057,Entry long,2026-03-11 09:00,ORB Long C+ (1c),25122.5,1,50245,-175,-0.35,0,53.5,0.11,-175,-0.35,70233,7.02,4
1058,Exit short,2026-03-12 09:35,S-TP2,24572.75,1,49473,327.5,0.66,0,327.5,0.66,-61,-0.12,70560.5,7.06,10
1058,Entry short,2026-03-12 08:45,ORB Short A (1c),24736.5,1,49473,327.5,0.66,0,327.5,0.66,-61,-0.12,70560.5,7.06,10
1059,Exit short,2026-03-13 10:05,S-TP2,24521.5,1,49190.5,147.5,0.30,0,267.5,0.54,-5,-0.01,70708,7.07,5
1059,Entry short,2026-03-13 09:40,ORB Short B (1c),24595.25,1,49190.5,147.5,0.30,0,267.5,0.54,-5,-0.01,70708,7.07,5
1060,Exit short,2026-03-20 12:35,S-TP2,24172,1,48727,383,0.79,0,383,0.79,-15.5,-0.03,71091,7.11,45
1060,Entry short,2026-03-20 08:50,ORB Short A+ (1c),24363.5,1,48727,383,0.79,0,383,0.79,-15.5,-0.03,71091,7.11,45
1061,Exit short,2026-03-25 10:20,S-TP2,24347.25,1,48836.5,142,0.29,0,262,0.54,-202,-0.41,71233,7.12,19
1061,Entry short,2026-03-25 08:45,ORB Short A (1c),24418.25,1,48836.5,142,0.29,0,262,0.54,-202,-0.41,71233,7.12,19
1062,Exit short,2026-03-25 15:25,EOD Close,24352.25,1,48759.5,55,0.11,0,135.5,0.28,-228,-0.47,71288,7.13,58
1062,Entry short,2026-03-25 10:35,ORB Short B+ (1c),24379.75,1,48759.5,55,0.11,0,135.5,0.28,-228,-0.47,71288,7.13,58
1063,Exit short,2026-03-26 12:50,S-TP2,23897.25,1,48126.5,332,0.69,0,332,0.69,-128,-0.27,71620,7.16,28
1063,Entry short,2026-03-26 10:30,ORB Short B+ (1c),24063.25,1,48126.5,332,0.69,0,332,0.69,-128,-0.27,71620,7.16,28
1064,Exit short,2026-03-27 13:40,S-TP2,23387,1,47050.5,276.5,0.59,0,396.5,0.84,-171.5,-0.36,71896.5,7.19,58
1064,Entry short,2026-03-27 08:50,ORB Short A+ (1c),23525.25,1,47050.5,276.5,0.59,0,396.5,0.84,-171.5,-0.36,71896.5,7.19,58
1065,Exit short,2026-03-30 12:40,S-TP2,23229,1,46654,196,0.42,0,316,0.68,-40.5,-0.09,72092.5,7.21,20
1065,Entry short,2026-03-30 11:00,ORB Short B+ (1c),23327,1,46654,196,0.42,0,316,0.68,-40.5,-0.09,72092.5,7.21,20
1066,Exit long,2026-04-06 12:10,L-TP2,24247.5,1,48761.5,-266.5,-0.55,0,144.5,0.30,-266.5,-0.55,71826,7.18,40
1066,Entry long,2026-04-06 08:50,ORB Long A (1c),24380.75,1,48761.5,-266.5,-0.55,0,144.5,0.30,-266.5,-0.55,71826,7.18,40
1067,Exit long,2026-04-09 11:15,L-TP2,25204.5,1,50244.5,164.5,0.33,0,284.5,0.57,-65.5,-0.13,71990.5,7.20,9
1067,Entry long,2026-04-09 10:30,ORB Long A (1c),25122.25,1,50244.5,164.5,0.33,0,284.5,0.57,-65.5,-0.13,71990.5,7.20,9
1068,Exit long,2026-04-10 10:40,L-TP2,25290,1,50777,-197,-0.39,0,1,0.00,-197,-0.39,71793.5,7.18,4
1068,Entry long,2026-04-10 10:20,ORB Long B (1c),25388.5,1,50777,-197,-0.39,0,1,0.00,-197,-0.39,71793.5,7.18,4
1069,Exit long,2026-04-13 11:25,L-TP2,25379.25,1,50542,216.5,0.43,0,216.5,0.43,-84,-0.17,72010,7.20,32
1069,Entry long,2026-04-13 08:45,ORB Long B+ (1c),25271,1,50542,216.5,0.43,0,216.5,0.43,-84,-0.17,72010,7.20,32
1070,Exit long,2026-04-14 12:15,L-TP2,25941,1,51517,365,0.71,0,365,0.71,-32.5,-0.06,72375,7.24,38
1070,Entry long,2026-04-14 09:05,ORB Long A+ (1c),25758.5,1,51517,365,0.71,0,365,0.71,-32.5,-0.06,72375,7.24,38
1071,Exit long,2026-04-15 11:15,L-TP2,26233.75,1,52138,329.5,0.63,0,329.5,0.63,-43.5,-0.08,72704.5,7.27,28
1071,Entry long,2026-04-15 08:55,ORB Long A (1c),26069,1,52138,329.5,0.63,0,329.5,0.63,-43.5,-0.08,72704.5,7.27,28
1072,Exit long,2026-04-16 15:25,EOD Close,26458,1,52929,-13,-0.02,0,196.5,0.37,-219,-0.41,72691.5,7.27,64
1072,Entry long,2026-04-16 10:05,ORB Long B+ (1c),26464.5,1,52929,-13,-0.02,0,196.5,0.37,-219,-0.41,72691.5,7.27,64
1073,Exit long,2026-04-17 10:40,L-TP2,26817.25,1,53463,171.5,0.32,0,291.5,0.55,-65,-0.12,72863,7.29,21
1073,Entry long,2026-04-17 08:55,ORB Long A (1c),26731.5,1,53463,171.5,0.32,0,291.5,0.55,-65,-0.12,72863,7.29,21
1074,Exit long,2026-04-21 09:55,L-TP2,26736.75,1,53678,-204.5,-0.38,0,92,0.17,-204.5,-0.38,72658.5,7.27,12
1074,Entry long,2026-04-21 08:55,ORB Long A (1c),26839,1,53678,-204.5,-0.38,0,92,0.17,-204.5,-0.38,72658.5,7.27,12
1075,Exit short,2026-04-21 14:45,S-TP2,26611.75,1,53383.5,160,0.30,0,280,0.52,-193,-0.36,72818.5,7.28,57
1075,Entry short,2026-04-21 10:00,ORB Short C (1c),26691.75,1,53383.5,160,0.30,0,280,0.52,-193,-0.36,72818.5,7.28,57
1076,Exit long,2026-04-22 12:10,L-TP2,27035.25,1,53845,225.5,0.42,0,225.5,0.42,-1.5,0.00,73044,7.30,36
1076,Entry long,2026-04-22 09:10,ORB Long B (1c),26922.5,1,53845,225.5,0.42,0,225.5,0.42,-1.5,0.00,73044,7.30,36
1077,Exit long,2026-04-23 09:00,L-TP2,26981.25,1,54160,-197.5,-0.36,0,4,0.01,-197.5,-0.36,72846.5,7.28,3
1077,Entry long,2026-04-23 08:45,ORB Long A+ (1c),27080,1,54160,-197.5,-0.36,0,4,0.01,-197.5,-0.36,72846.5,7.28,3
1078,Exit long,2026-04-23 12:05,L-TP2,26975.75,1,54149,-197.5,-0.36,0,163,0.30,-197.5,-0.36,72649,7.26,27
1078,Entry long,2026-04-23 09:50,ORB Long A (1c),27074.5,1,54149,-197.5,-0.36,0,163,0.30,-197.5,-0.36,72649,7.26,27
1079,Exit short,2026-04-23 12:25,S-TP2,26920,1,53909,69,0.13,0,189,0.35,-26,-0.05,72718,7.27,4
1079,Entry short,2026-04-23 12:05,ORB Short B (1c),26954.5,1,53909,69,0.13,0,189,0.35,-26,-0.05,72718,7.27,4
1080,Exit short,2026-04-24 09:10,S-TP2,27260.25,1,54346,-174.5,-0.32,0,86,0.16,-174.5,-0.32,72543.5,7.25,4
1080,Entry short,2026-04-24 08:50,ORB Short C (1c),27173,1,54346,-174.5,-0.32,0,86,0.16,-174.5,-0.32,72543.5,7.25,4
1081,Exit long,2026-04-24 12:20,L-TP2,27372,1,54522.5,221.5,0.41,0,341.5,0.63,-29,-0.05,72765,7.28,31
1081,Entry long,2026-04-24 09:45,ORB Long B+ (1c),27261.25,1,54522.5,221.5,0.41,0,341.5,0.63,-29,-0.05,72765,7.28,31
1082,Exit long,2026-04-27 15:25,EOD Close,27424.75,1,54875.5,-26,-0.05,0,29,0.05,-96,-0.17,72739,7.27,35
1082,Entry long,2026-04-27 12:30,ORB Long A (1c),27437.75,1,54875.5,-26,-0.05,0,29,0.05,-96,-0.17,72739,7.27,35
1083,Exit long,2026-04-30 15:00,L-TP2,27564.5,1,54996.5,132.5,0.24,0,252.5,0.46,-16.5,-0.03,72871.5,7.29,29
1083,Entry long,2026-04-30 12:35,ORB Long B (1c),27498.25,1,54996.5,132.5,0.24,0,252.5,0.46,-16.5,-0.03,72871.5,7.29,29
1084,Exit long,2026-05-04 10:15,L-TP2,27808.25,1,55793,-176.5,-0.32,0,89,0.16,-176.5,-0.32,72695,7.27,16
1084,Entry long,2026-05-04 08:55,ORB Long B (1c),27896.5,1,55793,-176.5,-0.32,0,89,0.16,-176.5,-0.32,72695,7.27,16
1085,Exit long,2026-05-05 15:25,EOD Close,28235.75,1,56215.5,256,0.46,0,278.5,0.50,-72.5,-0.13,72951,7.30,73
1085,Entry long,2026-05-05 09:20,ORB Long B+ (1c),28107.75,1,56215.5,256,0.46,0,278.5,0.50,-72.5,-0.13,72951,7.30,73
1086,Exit long,2026-05-06 09:05,L-TP2,28402,1,56990.5,-186.5,-0.33,0,21.5,0.04,-186.5,-0.33,72764.5,7.28,3
1086,Entry long,2026-05-06 08:50,ORB Long A+ (1c),28495.25,1,56990.5,-186.5,-0.33,0,21.5,0.04,-186.5,-0.33,72764.5,7.28,3
1087,Exit long,2026-05-06 11:45,L-TP2,28541,1,56970.5,111.5,0.20,0,231.5,0.41,-20,-0.04,72876,7.29,27
1087,Entry long,2026-05-06 09:30,ORB Long A (1c),28485.25,1,56970.5,111.5,0.20,0,231.5,0.41,-20,-0.04,72876,7.29,27
1088,Exit long,2026-05-07 09:55,L-TP2,28933.75,2,115148,587,0.51,0,587,0.51,-67,-0.06,73463,7.35,13
1088,Entry long,2026-05-07 08:50,ORB Long B (2c),28787,2,115148,587,0.51,0,587,0.51,-67,-0.06,73463,7.35,13
1089,Exit long,2026-05-11 15:10,L-TP2,29332.75,1,58880.5,-215,-0.37,0,80.5,0.14,-215,-0.37,73248,7.32,53
1089,Entry long,2026-05-11 10:45,ORB Long B+ (1c),29440.25,1,58880.5,-215,-0.37,0,80.5,0.14,-215,-0.37,73248,7.32,53
1090,Exit short,2026-05-13 09:20,S-TP2,29245.25,1,58271.5,-219,-0.38,0,80.5,0.14,-219,-0.38,73029,7.30,7
1090,Entry short,2026-05-13 08:45,ORB Short B (1c),29135.75,1,58271.5,-219,-0.38,0,80.5,0.14,-219,-0.38,73029,7.30,7
1091,Exit long,2026-05-13 12:05,L-TP2,29491,1,58620.5,361.5,0.62,0,361.5,0.62,-57.5,-0.10,73390.5,7.34,27
1091,Entry long,2026-05-13 09:50,ORB Long A (1c),29310.25,1,58620.5,361.5,0.62,0,361.5,0.62,-57.5,-0.10,73390.5,7.34,27
1092,Exit long,2026-05-14 08:55,L-TP2,29555.75,1,59332,-220.5,-0.37,0,37.5,0.06,-220.5,-0.37,73170,7.32,2
1092,Entry long,2026-05-14 08:45,ORB Long A (1c),29666,1,59332,-220.5,-0.37,0,37.5,0.06,-220.5,-0.37,73170,7.32,2
1093,Exit long,2026-05-14 11:25,L-TP2,29723.75,1,59271,176.5,0.30,0,296.5,0.50,-80.5,-0.14,73346.5,7.33,26
1093,Entry long,2026-05-14 09:15,ORB Long B (1c),29635.5,1,59271,176.5,0.30,0,296.5,0.50,-80.5,-0.14,73346.5,7.33,26
1094,Exit long,2026-05-14 13:00,L-TP2,29692.5,2,118593,177,0.15,0,417,0.35,-46,-0.04,73523.5,7.35,7
1094,Entry long,2026-05-14 12:25,ORB Long A (2c),29648.25,2,118593,177,0.15,0,417,0.35,-46,-0.04,73523.5,7.35,7
1095,Exit long,2026-05-19 13:55,L-TP2,28954,1,58138.5,-230.5,-0.40,0,114,0.20,-230.5,-0.40,73293,7.33,22
1095,Entry long,2026-05-19 12:05,ORB Long B (1c),29069.25,1,58138.5,-230.5,-0.40,0,114,0.20,-230.5,-0.40,73293,7.33,22
1096,Exit long,2026-05-20 10:15,L-TP2,29322.5,1,58335,310,0.53,0,456,0.78,-101.5,-0.17,73603,7.36,12
1096,Entry long,2026-05-20 09:15,ORB Long A (1c),29167.5,1,58335,310,0.53,0,456,0.78,-101.5,-0.17,73603,7.36,12
1097,Exit long,2026-05-21 09:20,L-TP2,29174,1,58589.5,-241.5,-0.41,0,88,0.15,-241.5,-0.41,73361.5,7.34,6
1097,Entry long,2026-05-21 08:50,ORB Long B+ (1c),29294.75,1,58589.5,-241.5,-0.41,0,88,0.15,-241.5,-0.41,73361.5,7.34,6
1098,Exit long,2026-05-21 12:20,L-TP2,29444.75,1,58590,299.5,0.51,0,299.5,0.51,-176,-0.30,73661,7.37,19
1098,Entry long,2026-05-21 10:45,ORB Long B (1c),29295,1,58590,299.5,0.51,0,299.5,0.51,-176,-0.30,73661,7.37,19
1099,Exit long,2026-05-22 13:35,L-TP2,29629.75,1,59473,-213.5,-0.36,0,22.5,0.04,-213.5,-0.36,73447.5,7.34,14
1099,Entry long,2026-05-22 12:25,ORB Long A (1c),29736.5,1,59473,-213.5,-0.36,0,22.5,0.04,-213.5,-0.36,73447.5,7.34,14
1100,Exit long,2026-05-26 09:55,L-TP2,30059,1,59947,171,0.29,0,291,0.49,-120,-0.20,73618.5,7.36,14
1100,Entry long,2026-05-26 08:45,ORB Long A+ (1c),29973.5,1,59947,171,0.29,0,291,0.49,-120,-0.20,73618.5,7.36,14
1101,Exit long,2026-05-26 15:25,EOD Close,30061.25,2,119849,396,0.33,0,599,0.50,-145,-0.12,74014.5,7.40,53
1101,Entry long,2026-05-26 11:00,ORB Long A (2c),29962.25,2,119849,396,0.33,0,599,0.50,-145,-0.12,74014.5,7.40,53
1102,Exit short,2026-05-28 09:10,S-TP2,30051,1,59863.5,-238.5,-0.40,0,23,0.04,-238.5,-0.40,73776,7.38,5
1102,Entry short,2026-05-28 08:45,ORB Short C (1c),29931.75,1,59863.5,-238.5,-0.40,0,23,0.04,-238.5,-0.40,73776,7.38,5
1103,Exit long,2026-05-28 13:45,L-TP2,30282,1,60322.5,241.5,0.40,0,361.5,0.60,-196,-0.32,74017.5,7.40,55
1103,Entry long,2026-05-28 09:10,ORB Long A (1c),30161.25,1,60322.5,241.5,0.40,0,361.5,0.60,-196,-0.32,74017.5,7.40,55
1104,Exit long,2026-05-29 09:25,L-TP2,30365.5,1,60973,-242,-0.40,0,98.5,0.16,-242,-0.40,73775.5,7.38,8
1104,Entry long,2026-05-29 08:45,ORB Long A (1c),30486.5,1,60973,-242,-0.40,0,98.5,0.16,-242,-0.40,73775.5,7.38,8
1105,Exit long,2026-06-01 13:10,L-TP2,30632,1,60925.5,338.5,0.56,0,458.5,0.75,-25.5,-0.04,74114,7.41,35
1105,Entry long,2026-06-01 10:15,ORB Long A (1c),30462.75,1,60925.5,338.5,0.56,0,458.5,0.75,-25.5,-0.04,74114,7.41,35
1106,Exit long,2026-06-02 15:25,EOD Close,30737.75,1,61208,267.5,0.44,0,319,0.52,-154.5,-0.25,74381.5,7.44,78
1106,Entry long,2026-06-02 08:55,ORB Long A+ (1c),30604,1,61208,267.5,0.44,0,319,0.52,-154.5,-0.25,74381.5,7.44,78
1107,Exit long,2026-06-04 10:45,L-TP2,30409,1,60739.5,78.5,0.13,0,198.5,0.33,-2,0.00,74460,7.45,9
1107,Entry long,2026-06-04 10:00,ORB Long A (1c),30369.75,1,60739.5,78.5,0.13,0,198.5,0.33,-2,0.00,74460,7.45,9
1108,Exit short,2026-06-10 14:00,S-TP2,28635.25,1,57497.5,227,0.39,0,358.5,0.62,-296,-0.51,74687,7.47,46
1108,Entry short,2026-06-10 10:10,ORB Short B+ (1c),28748.75,1,57497.5,227,0.39,0,358.5,0.62,-296,-0.51,74687,7.47,46
1109,Exit short,2026-06-11 10:10,S-TP2,28783.5,1,57298.5,-268.5,-0.47,0,143.5,0.25,-268.5,-0.47,74418.5,7.44,3
1109,Entry short,2026-06-11 09:55,ORB Short B (1c),28649.25,1,57298.5,-268.5,-0.47,0,143.5,0.25,-268.5,-0.47,74418.5,7.44,3
1110,Exit long,2026-06-12 10:30,L-TP2,29699.25,1,59024.5,374,0.63,0,494,0.84,-319.5,-0.54,74792.5,7.48,13
1110,Entry long,2026-06-12 09:25,ORB Long C (1c),29512.25,1,59024.5,374,0.63,0,494,0.84,-319.5,-0.54,74792.5,7.48,13
1111,Exit long,2026-06-12 12:10,L-TP2,29693.5,1,59044,343,0.58,0,463,0.78,-86.5,-0.15,75135.5,7.51,13
1111,Entry long,2026-06-12 11:05,ORB Long C (1c),29522,1,59044,343,0.58,0,463,0.78,-86.5,-0.15,75135.5,7.51,13
1112,Exit long,2026-06-15 15:25,EOD Close,30849,1,61561,137,0.22,0,276,0.45,-220.5,-0.36,75272.5,7.53,80
1112,Entry long,2026-06-15 08:45,ORB Long B+ (1c),30780.5,1,61561,137,0.22,0,276,0.45,-220.5,-0.36,75272.5,7.53,80
1113,Exit long,2026-06-16 09:15,L-TP2,30750.75,1,61723,-221.5,-0.36,0,55,0.09,-221.5,-0.36,75051,7.51,6
1113,Entry long,2026-06-16 08:45,ORB Long B+ (1c),30861.5,1,61723,-221.5,-0.36,0,55,0.09,-221.5,-0.36,75051,7.51,6
1114,Exit long,2026-06-17 09:40,L-TP2,30398,1,61081.5,-285.5,-0.47,0,5,0.01,-285.5,-0.47,74765.5,7.48,4
1114,Entry long,2026-06-17 09:20,ORB Long B (1c),30540.75,1,61081.5,-285.5,-0.47,0,5,0.01,-285.5,-0.47,74765.5,7.48,4
1115,Exit long,2026-06-18 15:25,EOD Close,30730.25,1,61247.5,213,0.35,0,319,0.52,-321,-0.52,74978.5,7.50,73
1115,Entry long,2026-06-18 09:20,ORB Long B (1c),30623.75,1,61247.5,213,0.35,0,319,0.52,-321,-0.52,74978.5,7.50,73
1116,Exit long,2026-06-22 09:25,L-TP2,30762.5,1,61875,-350,-0.57,0,60.5,0.10,-350,-0.57,74628.5,7.46,6
1116,Entry long,2026-06-22 08:55,ORB Long B (1c),30937.5,1,61875,-350,-0.57,0,60.5,0.10,-350,-0.57,74628.5,7.46,6
1117,Exit short,2026-06-29 09:15,S-TP2,29387.75,1,59085.5,310,0.52,0,537.5,0.91,-23.5,-0.04,74938.5,7.49,3
1117,Entry short,2026-06-29 09:00,ORB Short A+ (1c),29542.75,1,59085.5,310,0.52,0,537.5,0.91,-23.5,-0.04,74938.5,7.49,3
1118,Exit long,2026-06-30 13:05,L-TP2,30503,1,60587,419,0.69,0,539,0.89,-38.5,-0.06,75357.5,7.54,51
1118,Entry long,2026-06-30 08:50,ORB Long A (1c),30293.5,1,60587,419,0.69,0,539,0.89,-38.5,-0.06,75357.5,7.54,51
1119,Exit long,2026-07-02 09:25,L-TP2,30059,1,60468,-350,-0.58,0,118,0.20,-350,-0.58,75007.5,7.50,7
1119,Entry long,2026-07-02 08:50,ORB Long A (1c),30234,1,60468,-350,-0.58,0,118,0.20,-350,-0.58,75007.5,7.50,7
1120,Exit short,2026-07-07 09:30,S-TP2,29319.5,1,58910.5,271.5,0.46,0,391.5,0.66,-100,-0.17,75279,7.53,8
1120,Entry short,2026-07-07 08:50,ORB Short A (1c),29455.25,1,58910.5,271.5,0.46,0,391.5,0.66,-100,-0.17,75279,7.53,8
1121,Exit short,2026-07-08 11:40,S-TP2,29348.75,1,58347.5,-350,-0.60,0,279.5,0.48,-350,-0.60,74929,7.49,23
1121,Entry short,2026-07-08 09:45,ORB Short B+ (1c),29173.75,1,58347.5,-350,-0.60,0,279.5,0.48,-350,-0.60,74929,7.49,23
1122,Exit long,2026-07-10 09:30,L-TP2,29796.5,1,59883,-290,-0.48,0,54,0.09,-290,-0.48,74639,7.46,9
1122,Entry long,2026-07-10 08:45,ORB Long B (1c),29941.5,1,59883,-290,-0.48,0,54,0.09,-290,-0.48,74639,7.46,9
1123,Exit long,2026-07-10 15:25,EOD Close,30055,1,59898,212,0.35,0,255.5,0.43,-230.5,-0.38,74851,7.49,61
1123,Entry long,2026-07-10 10:20,ORB Long B (1c),29949,1,59898,212,0.35,0,255.5,0.43,-230.5,-0.38,74851,7.49,61
1124,Exit short,2026-07-13 09:30,S-TP2,29710.25,1,59081,-339.5,-0.57,0,94.5,0.16,-339.5,-0.57,74511.5,7.45,8
1124,Entry short,2026-07-13 08:50,ORB Short A+ (1c),29540.5,1,59081,-339.5,-0.57,0,94.5,0.16,-339.5,-0.57,74511.5,7.45,8
1125,Exit short,2026-07-13 15:25,EOD Close,29437,1,59024,150,0.25,0,251,0.43,-138,-0.23,74661.5,7.47,47
1125,Entry short,2026-07-13 11:30,ORB Short A (1c),29512,1,59024,150,0.25,0,251,0.43,-138,-0.23,74661.5,7.47,47
1126,Exit short,2026-07-16 09:05,S-TP2,29431,1,58545.5,-316.5,-0.54,0,30,0.05,-316.5,-0.54,74345,7.43,4
1126,Entry short,2026-07-16 08:45,ORB Short A (1c),29272.75,1,58545.5,-316.5,-0.54,0,30,0.05,-316.5,-0.54,74345,7.43,4
1127,Exit short,2026-07-16 14:50,S-TP2,29139,1,58586.5,308.5,0.53,0,428.5,0.73,-118.5,-0.20,74653.5,7.47,44
1127,Entry short,2026-07-16 11:10,ORB Short B+ (1c),29293.25,1,58586.5,308.5,0.53,0,428.5,0.73,-118.5,-0.20,74653.5,7.47,44
1128,Exit short,2026-07-23 10:20,S-TP2,28542.75,1,57289.5,204,0.36,0,324,0.57,-52.5,-0.09,74857.5,7.49,8
1128,Entry short,2026-07-23 09:40,ORB Short B (1c),28644.75,1,57289.5,204,0.36,0,324,0.57,-52.5,-0.09,74857.5,7.49,8
1129,Exit short,2026-07-23 14:20,S-TP2,28561,1,57274,152,0.27,0,272,0.47,-81,-0.14,75009.5,7.50,31
1129,Entry short,2026-07-23 11:45,ORB Short B+ (1c),28637,1,57274,152,0.27,0,272,0.47,-81,-0.14,75009.5,7.50,31
1130,Exit short,2026-07-24 13:45,S-TP2,28319,1,56871.5,233.5,0.41,0,353.5,0.62,-217,-0.38,75243,7.52,20
1130,Entry short,2026-07-24 12:05,ORB Short A (1c),28435.75,1,56871.5,233.5,0.41,0,353.5,0.62,-217,-0.38,75243,7.52,20
1131,Exit short,2026-07-28 09:45,S-TP2,27842.25,1,55393.5,-291,-0.53,0,187,0.34,-291,-0.53,74952,7.50,11
1131,Entry short,2026-07-28 08:50,ORB Short A (1c),27696.75,1,55393.5,-291,-0.53,0,187,0.34,-291,-0.53,74952,7.50,11
1132,Exit long,2026-08-04 12:55,L-TP2,29838.25,1,58919,757.5,1.29,0,877.5,1.49,-69,-0.12,75709.5,7.57,50
1132,Entry long,2026-08-04 08:45,ORB Long A (1c),29459.5,1,58919,757.5,1.29,0,877.5,1.49,-69,-0.12,75709.5,7.57,50
1133,Exit long,2026-08-07 11:30,L-TP2,29683,1,59653.5,-287.5,-0.48,0,56.5,0.09,-287.5,-0.48,75422,7.54,13
1133,Entry long,2026-08-07 10:25,ORB Long B (1c),29826.75,1,59653.5,-287.5,-0.48,0,56.5,0.09,-287.5,-0.48,75422,7.54,13
1134,Exit long,2026-08-10 15:25,EOD Close,29751.25,1,59749,-246.5,-0.41,0,51,0.09,-303.5,-0.51,75175.5,7.52,76
1134,Entry long,2026-08-10 09:05,ORB Long B (1c),29874.5,1,59749,-246.5,-0.41,0,51,0.09,-303.5,-0.51,75175.5,7.52,76
1135,Exit short,2026-08-11 15:25,EOD Close,29674.5,1,59321.5,-27.5,-0.05,0,254.5,0.43,-288.5,-0.49,75148,7.51,80
1135,Entry short,2026-08-11 08:45,ORB Short B (1c),29660.75,1,59321.5,-27.5,-0.05,0,254.5,0.43,-288.5,-0.49,75148,7.51,80
1136,Exit short,2026-08-12 15:25,EOD Close,29819.5,1,59698.5,59.5,0.10,0,70.5,0.12,-159,-0.27,75207.5,7.52,61
1136,Entry short,2026-08-12 10:20,ORB Short C (1c),29849.25,1,59698.5,59.5,0.10,0,70.5,0.12,-159,-0.27,75207.5,7.52,61
1137,Exit long,2026-08-17 12:05,L-TP2,30165.25,1,60539,-208.5,-0.34,0,34.5,0.06,-208.5,-0.34,74999,7.50,25
1137,Entry long,2026-08-17 10:00,ORB Long B (1c),30269.5,1,60539,-208.5,-0.34,0,34.5,0.06,-208.5,-0.34,74999,7.50,25
1138,Exit short,2026-08-24 09:30,S-TP2,29080.5,1,57951.5,-209.5,-0.36,0,44.5,0.08,-209.5,-0.36,74789.5,7.48,6
1138,Entry short,2026-08-24 09:00,ORB Short A (1c),28975.75,1,57951.5,-209.5,-0.36,0,44.5,0.08,-209.5,-0.36,74789.5,7.48,6
1139,Exit long,2026-08-27 15:10,L-TP2,29647.5,1,59185.5,109.5,0.19,0,229.5,0.39,-164,-0.28,74899,7.49,70
1139,Entry long,2026-08-27 09:20,ORB Long B (1c),29592.75,1,59185.5,109.5,0.19,0,229.5,0.39,-164,-0.28,74899,7.49,70
1140,Exit long,2026-08-28 10:45,L-TP2,29643.25,1,59468.5,-182,-0.31,0,155,0.26,-182,-0.31,74717,7.47,13
1140,Entry long,2026-08-28 09:40,ORB Long B (1c),29734.25,1,59468.5,-182,-0.31,0,155,0.26,-182,-0.31,74717,7.47,13
1141,Exit short,2026-09-02 09:10,S-TP2,29119,1,58059,-179,-0.31,0,24.5,0.04,-179,-0.31,74538,7.45,4
1141,Entry short,2026-09-02 08:50,ORB Short B+ (1c),29029.5,1,58059,-179,-0.31,0,24.5,0.04,-179,-0.31,74538,7.45,4
1142,Exit long,2026-09-04 09:25,L-TP2,29564.5,1,59319.5,-190.5,-0.32,0,64.5,0.11,-190.5,-0.32,74347.5,7.43,7
1142,Entry long,2026-09-04 08:50,ORB Long C+ (1c),29659.75,1,59319.5,-190.5,-0.32,0,64.5,0.11,-190.5,-0.32,74347.5,7.43,7
1143,Exit long,2026-09-17 15:25,EOD Close,29715.25,1,59481.5,-51,-0.09,0,105,0.18,-74,-0.12,74296.5,7.43,56
1143,Entry long,2026-09-17 10:45,ORB Long C (1c),29740.75,1,59481.5,-51,-0.09,0,105,0.18,-74,-0.12,74296.5,7.43,56
1144,Exit long,2026-09-21 09:30,L-TP2,30533.75,1,60717.5,350,0.58,0,350,0.58,-14,-0.02,74646.5,7.46,9
1144,Entry long,2026-09-21 08:45,ORB Long A (1c),30358.75,1,60717.5,350,0.58,0,350,0.58,-14,-0.02,74646.5,7.46,9
1145,Exit long,2026-09-22 15:20,L-TP2,31006,1,61883,129,0.21,0,249,0.40,-116,-0.19,74775.5,7.48,78
1145,Entry long,2026-09-22 08:50,ORB Long A (1c),30941.5,1,61883,129,0.21,0,249,0.40,-116,-0.19,74775.5,7.48,78
1146,Exit short,2026-09-23 09:15,S-TP2,30695.5,1,61759,368,0.60,0,368,0.60,-18,-0.03,75143.5,7.51,6
1146,Entry short,2026-09-23 08:45,ORB Short B (1c),30879.5,1,61759,368,0.60,0,368,0.60,-18,-0.03,75143.5,7.51,6
1147,Exit long,2026-09-24 10:05,L-TP2,30524.5,1,61261,-212,-0.35,0,27.5,0.04,-212,-0.35,74931.5,7.49,8
1147,Entry long,2026-09-24 09:25,ORB Long A (1c),30630.5,1,61261,-212,-0.35,0,27.5,0.04,-212,-0.35,74931.5,7.49,8
1148,Exit long,2026-09-25 09:00,L-TP2,30805.5,1,61821.5,-210.5,-0.34,0,31,0.05,-210.5,-0.34,74721,7.47,2
1148,Entry long,2026-09-25 08:50,ORB Long A+ (1c),30910.75,1,61821.5,-210.5,-0.34,0,31,0.05,-210.5,-0.34,74721,7.47,2
1149,Exit short,2026-09-25 10:00,S-TP2,30846.5,1,61482.5,-210.5,-0.34,0,114.5,0.19,-210.5,-0.34,74510.5,7.45,10
1149,Entry short,2026-09-25 09:10,ORB Short B (1c),30741.25,1,61482.5,-210.5,-0.34,0,114.5,0.19,-210.5,-0.34,74510.5,7.45,10
1150,Exit short,2026-09-25 10:55,S-TP2,30857.25,1,61504,-210.5,-0.34,0,42,0.07,-210.5,-0.34,74300,7.43,3
1150,Entry short,2026-09-25 10:40,ORB Short C (1c),30752,1,61504,-210.5,-0.34,0,42,0.07,-210.5,-0.34,74300,7.43,3
1151,Exit long,2026-09-30 14:50,L-TP2,30730.25,1,61682,-221.5,-0.36,0,130,0.21,-221.5,-0.36,74078.5,7.41,71
1151,Entry long,2026-09-30 08:55,ORB Long A+ (1c),30841,1,61682,-221.5,-0.36,0,130,0.21,-221.5,-0.36,74078.5,7.41,71
1152,Exit long,2026-10-02 10:10,L-TP2,31072.5,1,62369.5,-224.5,-0.36,0,196,0.31,-224.5,-0.36,73854,7.39,15
1152,Entry long,2026-10-02 08:55,ORB Long A (1c),31184.75,1,62369.5,-224.5,-0.36,0,196,0.31,-224.5,-0.36,73854,7.39,15
1153,Exit long,2026-10-05 14:50,L-TP2,31311,1,62462,160,0.26,0,280,0.45,-78.5,-0.13,74014,7.40,66
1153,Entry long,2026-10-05 09:20,ORB Long B (1c),31231,1,62462,160,0.26,0,280,0.45,-78.5,-0.13,74014,7.40,66
1154,Exit long,2026-10-06 15:25,EOD Close,31493,1,63155.5,-169.5,-0.27,0,77.5,0.12,-220.5,-0.35,73844.5,7.38,76
1154,Entry long,2026-10-06 09:05,ORB Long A (1c),31577.75,1,63155.5,-169.5,-0.27,0,77.5,0.12,-220.5,-0.35,73844.5,7.38,76
1155,Exit long,2026-10-08 09:40,L-TP2,31310,1,62561.5,58.5,0.09,0,178.5,0.29,-2.5,0.00,73903,7.39,5
1155,Entry long,2026-10-08 09:15,ORB Long C+ (1c),31280.75,1,62561.5,58.5,0.09,0,178.5,0.29,-2.5,0.00,73903,7.39,5