Trade number,Type,Date and time,Signal,Price USD,Size (qty),Size (value),Net PnL USD,Return %,Commission USD,Favorable excursion USD,Favorable excursion %,Adverse excursion USD,Adverse excursion %,Cumulative PnL USD,Cumulative PnL %,Duration (bars)
1,Exit long,2019-06-18 15:30,EOD Close,7678.5,2,30811,-97,-0.31,0,76,0.25,-179,-0.58,-97,-0.10,78
1,Entry long,2019-06-18 08:45,ORB Long B (2c),7702.75,2,30811,-97,-0.31,0,76,0.25,-179,-0.58,-97,-0.10,78
2,Exit short,2019-06-26 15:30,EOD Close,7647.5,1,15328.5,33.5,0.22,0,42,0.27,-8.5,-0.06,-63.5,-0.06,34
2,Entry short,2019-06-26 12:25,ORB Short C (1c),7664.25,1,15328.5,33.5,0.22,0,42,0.27,-8.5,-0.06,-63.5,-0.06,34
3,Exit long,2019-08-01 10:00,L-TP1,8006.5,2,31713,313,0.99,0,313,0.99,-6,-0.02,249.5,0.25,13
3,Entry long,2019-08-01 08:55,ORB Long B (2c),7928.25,2,31713,313,0.99,0,313,0.99,-6,-0.02,249.5,0.25,13
4,Exit short,2019-08-05 12:55,S-TP1,7415,2,29964,304,1.01,0,304,1.01,-112,-0.37,553.5,0.55,50
4,Entry short,2019-08-05 08:45,ORB Short A (2c),7491,2,29964,304,1.01,0,304,1.01,-112,-0.37,553.5,0.55,50
5,Exit short,2019-08-07 09:15,S-TP1,7481,2,29624,-300,-1.01,0,47,0.16,-300,-1.01,253.5,0.25,6
5,Entry short,2019-08-07 08:45,ORB Short A+ (2c),7406,2,29624,-300,-1.01,0,47,0.16,-300,-1.01,253.5,0.25,6
6,Exit short,2019-08-12 15:30,EOD Close,7567,2,30323,55,0.18,0,184,0.61,-212,-0.70,308.5,0.31,61
6,Entry short,2019-08-12 10:10,ORB Short B+ (2c),7580.75,2,30323,55,0.18,0,184,0.61,-212,-0.70,308.5,0.31,61
7,Exit long,2019-09-10 15:30,EOD Close,7820.25,2,31213,68,0.22,0,70,0.22,-170,-0.54,376.5,0.38,47
7,Entry long,2019-09-10 11:20,ORB Long B+ (2c),7803.25,2,31213,68,0.22,0,70,0.22,-170,-0.54,376.5,0.38,47
8,Exit short,2019-10-02 15:30,EOD Close,7547.5,2,30384,194,0.64,0,282,0.93,-94,-0.31,570.5,0.57,75
8,Entry short,2019-10-02 09:00,ORB Short A (2c),7596,2,30384,194,0.64,0,282,0.93,-94,-0.31,570.5,0.57,75
9,Exit long,2020-01-03 15:30,EOD Close,8806.5,2,35387,-161,-0.45,0,58,0.16,-163,-0.46,409.5,0.41,51
9,Entry long,2020-01-03 11:00,ORB Long A (2c),8846.75,2,35387,-161,-0.45,0,58,0.16,-163,-0.46,409.5,0.41,51
10,Exit long,2020-01-06 14:25,L-TP1,8848.5,2,35134,260,0.74,0,260,0.74,-8,-0.02,669.5,0.67,68
10,Entry long,2020-01-06 08:45,ORB Long B+ (2c),8783.5,2,35134,260,0.74,0,260,0.74,-8,-0.02,669.5,0.67,68
11,Exit long,2020-01-23 15:30,EOD Close,9248.75,2,36810,185,0.50,0,202,0.55,-107,-0.29,854.5,0.85,73
11,Entry long,2020-01-23 09:10,ORB Long B (2c),9202.5,2,36810,185,0.50,0,202,0.55,-107,-0.29,854.5,0.85,73
12,Exit short,2020-01-31 10:15,S-TP1,9039.25,1,18228,149.5,0.82,0,149.5,0.82,-37.5,-0.21,1004,1.00,17
12,Entry short,2020-01-31 08:50,ORB Short C (1c),9114,1,18228,149.5,0.82,0,149.5,0.82,-37.5,-0.21,1004,1.00,17
13,Exit long,2020-02-03 15:30,EOD Close,9105.75,2,36427,-4,-0.01,0,196,0.54,-73,-0.20,1000,1.00,78
13,Entry long,2020-02-03 08:45,ORB Long B+ (2c),9106.75,2,36427,-4,-0.01,0,196,0.54,-73,-0.20,1000,1.00,78
14,Exit long,2020-02-06 15:30,EOD Close,9456.75,2,37657,170,0.45,0,171,0.45,-96,-0.25,1170,1.17,76
14,Entry long,2020-02-06 08:55,ORB Long B+ (2c),9414.25,2,37657,170,0.45,0,171,0.45,-96,-0.25,1170,1.17,76
15,Exit long,2020-02-10 15:30,EOD Close,9524,2,37750,346,0.92,0,377,1.00,-22,-0.06,1516,1.52,77
15,Entry long,2020-02-10 08:50,ORB Long A+ (2c),9437.5,2,37750,346,0.92,0,377,1.00,-22,-0.06,1516,1.52,77
16,Exit short,2020-02-25 09:25,S-TP1,9053.75,2,36475,260,0.71,0,260,0.71,-116,-0.32,1776,1.78,8
16,Entry short,2020-02-25 08:45,ORB Short A+ (2c),9118.75,2,36475,260,0.71,0,260,0.71,-116,-0.32,1776,1.78,8
17,Exit short,2020-02-26 15:30,EOD Close,8863.5,2,35505,51,0.14,0,240,0.68,-215,-0.61,1827,1.83,33
17,Entry short,2020-02-26 12:30,ORB Short B+ (2c),8876.25,2,35505,51,0.14,0,240,0.68,-215,-0.61,1827,1.83,33
18,Exit short,2020-02-27 09:30,S-TP1,8564.25,2,34517,260,0.75,0,260,0.75,-20,-0.06,2087,2.09,3
18,Entry short,2020-02-27 09:15,ORB Short B (2c),8629.25,2,34517,260,0.75,0,260,0.75,-20,-0.06,2087,2.09,3
19,Exit short,2020-03-02 09:40,S-TP1,8539.5,2,33858,-300,-0.89,0,85,0.25,-300,-0.89,1787,1.79,7
19,Entry short,2020-03-02 09:05,ORB Short A+ (2c),8464.5,2,33858,-300,-0.89,0,85,0.25,-300,-0.89,1787,1.79,7
20,Exit short,2020-03-03 09:00,S-TP1,8841,2,35064,-300,-0.86,0,85,0.24,-300,-0.86,1487,1.49,2
20,Entry short,2020-03-03 08:50,ORB Short A (2c),8766,2,35064,-300,-0.86,0,85,0.24,-300,-0.86,1487,1.49,2
21,Exit short,2020-03-03 10:25,S-TP1,8724.25,2,35168,271,0.77,0,271,0.77,-180,-0.51,1758,1.76,3
21,Entry short,2020-03-03 10:10,ORB Short B (2c),8792,2,35168,271,0.77,0,271,0.77,-180,-0.51,1758,1.76,3
22,Exit short,2020-03-03 12:10,S-TP1,8712,2,35108,260,0.74,0,260,0.74,-161,-0.46,2018,2.02,9
22,Entry short,2020-03-03 11:25,ORB Short B (2c),8777,2,35108,260,0.74,0,260,0.74,-161,-0.46,2018,2.02,9
23,Exit short,2020-03-04 09:10,S-TP1,8747.5,2,34690,-300,-0.86,0,28,0.08,-300,-0.86,1718,1.72,4
23,Entry short,2020-03-04 08:50,ORB Short A (2c),8672.5,2,34690,-300,-0.86,0,28,0.08,-300,-0.86,1718,1.72,4
24,Exit short,2020-03-05 14:25,S-TP1,8615,2,34737,277,0.80,0,277,0.80,-245,-0.71,1995,2.00,33
24,Entry short,2020-03-05 11:40,ORB Short B (2c),8684.25,2,34737,277,0.80,0,277,0.80,-245,-0.71,1995,2.00,33
25,Exit short,2020-03-10 10:20,S-TP1,8015,1,16223,193,1.19,0,193,1.19,-52,-0.32,2188,2.19,7
25,Entry short,2020-03-10 09:45,ORB Short A (1c),8111.5,1,16223,193,1.19,0,193,1.19,-52,-0.32,2188,2.19,7
26,Exit short,2020-03-10 12:45,S-TP1,8050.75,2,32469,266,0.82,0,266,0.82,-124,-0.38,2454,2.45,4
26,Entry short,2020-03-10 12:25,ORB Short A (2c),8117.25,2,32469,266,0.82,0,266,0.82,-124,-0.38,2454,2.45,4
27,Exit short,2020-03-11 12:05,S-TP1,8015,1,16251,221,1.36,0,221,1.36,-103.5,-0.64,2675,2.68,30
27,Entry short,2020-03-11 09:35,ORB Short B+ (1c),8125.5,1,16251,221,1.36,0,221,1.36,-103.5,-0.64,2675,2.68,30
28,Exit short,2020-03-12 11:10,S-TP1,7326.75,1,14843,189.5,1.28,0,189.5,1.28,-22.5,-0.15,2864.5,2.86,7
28,Entry short,2020-03-12 10:35,ORB Short B (1c),7421.5,1,14843,189.5,1.28,0,189.5,1.28,-22.5,-0.15,2864.5,2.86,7
29,Exit long,2020-03-19 09:15,L-TP1,7364.75,1,14452,277.5,1.92,0,277.5,1.92,-84,-0.58,3142,3.14,4
29,Entry long,2020-03-19 08:55,ORB Long B (1c),7226,1,14452,277.5,1.92,0,277.5,1.92,-84,-0.58,3142,3.14,4
30,Exit short,2020-03-20 11:25,S-TP1,7140.75,1,14605.5,324,2.22,0,324,2.22,-142.5,-0.98,3466,3.47,13
30,Entry short,2020-03-20 10:20,ORB Short A+ (1c),7302.75,1,14605.5,324,2.22,0,324,2.22,-142.5,-0.98,3466,3.47,13
31,Exit short,2020-03-23 11:40,S-TP1,6972.25,1,13651.5,-293,-2.15,0,132,0.97,-293,-2.15,3173,3.17,15
31,Entry short,2020-03-23 10:25,ORB Short B+ (1c),6825.75,1,13651.5,-293,-2.15,0,132,0.97,-293,-2.15,3173,3.17,15
32,Exit short,2020-03-25 11:45,S-TP1,7624.25,1,14944.5,-304,-2.03,0,199.5,1.33,-304,-2.03,2869,2.87,34
32,Entry short,2020-03-25 08:55,ORB Short A (1c),7472.25,1,14944.5,-304,-2.03,0,199.5,1.33,-304,-2.03,2869,2.87,34
33,Exit short,2020-04-01 14:35,S-TP1,7415,1,15108,278,1.84,0,278,1.84,-29.5,-0.20,3147,3.15,38
33,Entry short,2020-04-01 11:25,ORB Short B+ (1c),7554,1,15108,278,1.84,0,278,1.84,-29.5,-0.20,3147,3.15,38
34,Exit short,2020-04-03 11:10,S-TP1,7484,1,15135.5,167.5,1.11,0,167.5,1.11,-16,-0.11,3314.5,3.31,21
34,Entry short,2020-04-03 09:25,ORB Short B (1c),7567.75,1,15135.5,167.5,1.11,0,167.5,1.11,-16,-0.11,3314.5,3.31,21
35,Exit long,2020-04-06 11:55,L-TP1,7935,1,15689,181,1.15,0,181,1.15,-29,-0.18,3495.5,3.50,37
35,Entry long,2020-04-06 08:50,ORB Long B (1c),7844.5,1,15689,181,1.15,0,181,1.15,-29,-0.18,3495.5,3.50,37
36,Exit long,2020-04-08 15:30,EOD Close,8201.5,1,16332,71,0.43,0,152,0.93,-92,-0.56,3566.5,3.57,58
36,Entry long,2020-04-08 10:25,ORB Long B (1c),8166,1,16332,71,0.43,0,152,0.93,-92,-0.56,3566.5,3.57,58
37,Exit long,2020-04-14 11:20,L-TP1,8637.25,1,17121.5,153,0.89,0,153,0.89,-37.5,-0.22,3719.5,3.72,31
37,Entry long,2020-04-14 08:45,ORB Long A+ (1c),8560.75,1,17121.5,153,0.89,0,153,0.89,-37.5,-0.22,3719.5,3.72,31
38,Exit long,2020-04-16 11:00,L-TP1,8785,2,34798,342,0.98,0,342,0.98,-84,-0.24,4061.5,4.06,15
38,Entry long,2020-04-16 09:45,ORB Long B (2c),8699.5,2,34798,342,0.98,0,342,0.98,-84,-0.24,4061.5,4.06,15
39,Exit long,2020-04-20 14:55,L-TP1,8712.75,2,35153,-302,-0.86,0,231,0.66,-302,-0.86,3759.5,3.76,66
39,Entry long,2020-04-20 09:25,ORB Long B (2c),8788.25,2,35153,-302,-0.86,0,231,0.66,-302,-0.86,3759.5,3.76,66
40,Exit long,2020-04-22 14:50,L-TP1,8685,2,34406,334,0.97,0,334,0.97,-52,-0.15,4093.5,4.09,50
40,Entry long,2020-04-22 10:40,ORB Long B (2c),8601.5,2,34406,334,0.97,0,334,0.97,-52,-0.15,4093.5,4.09,50
41,Exit long,2020-04-23 11:45,L-TP1,8671.75,2,34987,-300,-0.86,0,161,0.46,-300,-0.86,3793.5,3.79,30
41,Entry long,2020-04-23 09:15,ORB Long A (2c),8746.75,2,34987,-300,-0.86,0,161,0.46,-300,-0.86,3793.5,3.79,30
42,Exit short,2020-04-23 15:30,EOD Close,8591,1,17298,116,0.67,0,117.5,0.68,-117.5,-0.68,3909.5,3.91,31
42,Entry short,2020-04-23 12:40,ORB Short C (1c),8649,1,17298,116,0.67,0,117.5,0.68,-117.5,-0.68,3909.5,3.91,31
43,Exit long,2020-04-24 14:05,L-TP1,8748,1,17355.5,140.5,0.81,0,140.5,0.81,-22.5,-0.13,4050,4.05,32
43,Entry long,2020-04-24 11:25,ORB Long C+ (1c),8677.75,1,17355.5,140.5,0.81,0,140.5,0.81,-22.5,-0.13,4050,4.05,32
44,Exit short,2020-04-28 09:20,S-TP1,8765,2,35320,260,0.74,0,260,0.74,-36,-0.10,4310,4.31,5
44,Entry short,2020-04-28 08:55,ORB Short B (2c),8830,2,35320,260,0.74,0,260,0.74,-36,-0.10,4310,4.31,5
45,Exit long,2020-04-29 11:25,L-TP1,8952.75,2,35523,288,0.81,0,288,0.81,-57,-0.16,4598,4.60,32
45,Entry long,2020-04-29 08:45,ORB Long A+ (2c),8880.75,2,35523,288,0.81,0,288,0.81,-57,-0.16,4598,4.60,32
46,Exit long,2020-05-01 10:30,L-TP1,8780.75,2,35423,-300,-0.85,0,91,0.26,-300,-0.85,4298,4.30,18
46,Entry long,2020-05-01 09:00,ORB Long A+ (2c),8855.75,2,35423,-300,-0.85,0,91,0.26,-300,-0.85,4298,4.30,18
47,Exit long,2020-05-05 15:30,EOD Close,8909.5,2,35794,-156,-0.44,0,285,0.80,-255,-0.71,4142,4.14,78
47,Entry long,2020-05-05 08:45,ORB Long A (2c),8948.5,2,35794,-156,-0.44,0,285,0.80,-255,-0.71,4142,4.14,78
48,Exit short,2020-05-06 09:45,S-TP1,9040.5,1,17931,-150,-0.84,0,60,0.33,-150,-0.84,3992,3.99,9
48,Entry short,2020-05-06 09:00,ORB Short C+ (1c),8965.5,1,17931,-150,-0.84,0,60,0.33,-150,-0.84,3992,3.99,9
49,Exit long,2020-05-06 14:50,L-TP1,8960.25,2,36141,-300,-0.83,0,85,0.24,-300,-0.83,3692,3.69,61
49,Entry long,2020-05-06 09:45,ORB Long A (2c),9035.25,2,36141,-300,-0.83,0,85,0.24,-300,-0.83,3692,3.69,61
50,Exit short,2020-05-07 11:25,S-TP1,9109.75,1,18069.5,-150,-0.83,0,8.5,0.05,-150,-0.83,3542,3.54,20
50,Entry short,2020-05-07 09:45,ORB Short C (1c),9034.75,1,18069.5,-150,-0.83,0,8.5,0.05,-150,-0.83,3542,3.54,20
51,Exit long,2020-05-07 15:30,EOD Close,9113,2,36438,14,0.04,0,66,0.18,-176,-0.48,3556,3.56,46
51,Entry long,2020-05-07 11:25,ORB Long A (2c),9109.5,2,36438,14,0.04,0,66,0.18,-176,-0.48,3556,3.56,46
52,Exit long,2020-05-08 15:30,EOD Close,9215.75,2,36709,154,0.42,0,185,0.50,-107,-0.29,3710,3.71,72
52,Entry long,2020-05-08 09:15,ORB Long A (2c),9177.25,2,36709,154,0.42,0,185,0.50,-107,-0.29,3710,3.71,72
53,Exit long,2020-05-11 12:05,L-TP1,9285,2,36867,273,0.74,0,273,0.74,-76,-0.21,3983,3.98,39
53,Entry long,2020-05-11 08:50,ORB Long A (2c),9216.75,2,36867,273,0.74,0,273,0.74,-76,-0.21,3983,3.98,39
54,Exit long,2020-05-13 10:20,L-TP1,9076.75,2,36607,-300,-0.82,0,203,0.55,-300,-0.82,3683,3.68,16
54,Entry long,2020-05-13 09:00,ORB Long B+ (2c),9151.75,2,36607,-300,-0.82,0,203,0.55,-300,-0.82,3683,3.68,16
55,Exit long,2020-05-14 14:30,L-TP1,9044,2,35916,260,0.72,0,260,0.72,-171,-0.48,3943,3.94,31
55,Entry long,2020-05-14 11:55,ORB Long B (2c),8979,2,35916,260,0.72,0,260,0.72,-171,-0.48,3943,3.94,31
56,Exit long,2020-05-19 14:55,L-TP1,9297,2,37488,-300,-0.80,0,179,0.48,-300,-0.80,3643,3.64,72
56,Entry long,2020-05-19 08:55,ORB Long A (2c),9372,2,37488,-300,-0.80,0,179,0.48,-300,-0.80,3643,3.64,72
57,Exit long,2020-05-22 15:30,EOD Close,9412.75,2,37521,130,0.35,0,153,0.41,-175,-0.47,3773,3.77,77
57,Entry long,2020-05-22 08:50,ORB Long A+ (2c),9380.25,2,37521,130,0.35,0,153,0.41,-175,-0.47,3773,3.77,77
58,Exit long,2020-05-28 11:40,L-TP1,9535,2,37870,270,0.71,0,270,0.71,-92,-0.24,4043,4.04,30
58,Entry long,2020-05-28 09:10,ORB Long B (2c),9467.5,2,37870,270,0.71,0,270,0.71,-92,-0.24,4043,4.04,30
59,Exit long,2020-06-01 15:30,EOD Close,9595.5,2,38245,137,0.36,0,179,0.47,-103,-0.27,4180,4.18,75
59,Entry long,2020-06-01 09:00,ORB Long A+ (2c),9561.25,2,38245,137,0.36,0,179,0.47,-103,-0.27,4180,4.18,75
60,Exit long,2020-06-05 11:30,L-TP1,9835,1,19537.5,132.5,0.68,0,132.5,0.68,-65,-0.33,4312.5,4.31,33
60,Entry long,2020-06-05 08:45,ORB Long C (1c),9768.75,1,19537.5,132.5,0.68,0,132.5,0.68,-65,-0.33,4312.5,4.31,33
61,Exit long,2020-06-09 11:50,L-TP1,9985,2,39620,320,0.81,0,320,0.81,-119,-0.30,4632.5,4.63,36
61,Entry long,2020-06-09 08:50,ORB Long A (2c),9905,2,39620,320,0.81,0,320,0.81,-119,-0.30,4632.5,4.63,36
62,Exit long,2020-06-11 09:55,L-TP1,9896.75,2,39887,-300,-0.75,0,37,0.09,-300,-0.75,4332.5,4.33,5
62,Entry long,2020-06-11 09:30,ORB Long B (2c),9971.75,2,39887,-300,-0.75,0,37,0.09,-300,-0.75,4332.5,4.33,5
63,Exit long,2020-06-15 11:45,L-TP1,9685,2,38389,351,0.91,0,351,0.91,-162,-0.42,4683.5,4.68,34
63,Entry long,2020-06-15 08:55,ORB Long A (2c),9597.25,2,38389,351,0.91,0,351,0.91,-162,-0.42,4683.5,4.68,34
64,Exit long,2020-06-25 14:55,L-TP1,10097.5,1,20065,130,0.65,0,130,0.65,-133,-0.66,4813.5,4.81,44
64,Entry long,2020-06-25 11:15,ORB Long C (1c),10032.5,1,20065,130,0.65,0,130,0.65,-133,-0.66,4813.5,4.81,44
65,Exit long,2020-06-30 10:20,L-TP1,10085,2,40060,280,0.70,0,280,0.70,-10,-0.02,5093.5,5.09,18
65,Entry long,2020-06-30 08:50,ORB Long A (2c),10015,2,40060,280,0.70,0,280,0.70,-10,-0.02,5093.5,5.09,18
66,Exit long,2020-07-01 14:05,L-TP1,10281,2,40823,301,0.74,0,301,0.74,-48,-0.12,5394.5,5.39,56
66,Entry long,2020-07-01 09:25,ORB Long B (2c),10205.75,2,40823,301,0.74,0,301,0.74,-48,-0.12,5394.5,5.39,56
67,Exit long,2020-07-07 14:10,L-TP1,10552,2,42508,-300,-0.71,0,270,0.64,-300,-0.71,5094.5,5.09,65
67,Entry long,2020-07-07 08:45,ORB Long A (2c),10627,2,42508,-300,-0.71,0,270,0.64,-300,-0.71,5094.5,5.09,65
68,Exit long,2020-07-08 10:15,L-TP1,10552.25,2,42509,-300,-0.71,0,53,0.12,-300,-0.71,4794.5,4.79,16
68,Entry long,2020-07-08 08:55,ORB Long A (2c),10627.25,2,42509,-300,-0.71,0,53,0.12,-300,-0.71,4794.5,4.79,16
69,Exit long,2020-07-08 15:30,EOD Close,10668.5,2,42505,169,0.40,0,182,0.43,-262,-0.62,4963.5,4.96,40
69,Entry long,2020-07-08 11:55,ORB Long B+ (2c),10626.25,2,42505,169,0.40,0,182,0.43,-262,-0.62,4963.5,4.96,40
70,Exit long,2020-07-10 15:10,L-TP1,10835,2,43005,335,0.78,0,335,0.78,-20,-0.05,5298.5,5.30,37
70,Entry long,2020-07-10 12:05,ORB Long B+ (2c),10751.25,2,43005,335,0.78,0,335,0.78,-20,-0.05,5298.5,5.30,37
71,Exit long,2020-07-13 13:00,L-TP1,10923.75,2,43995,-300,-0.68,0,238,0.54,-300,-0.68,4998.5,5.00,43
71,Entry long,2020-07-13 09:25,ORB Long A (2c),10998.75,2,43995,-300,-0.68,0,238,0.54,-300,-0.68,4998.5,5.00,43
72,Exit short,2020-07-15 10:55,S-TP1,10586.75,1,21303.5,130,0.61,0,130,0.61,-54,-0.25,5128.5,5.13,11
72,Entry short,2020-07-15 10:00,ORB Short C (1c),10651.75,1,21303.5,130,0.61,0,130,0.61,-54,-0.25,5128.5,5.13,11
73,Exit long,2020-07-16 15:00,L-TP1,10535,1,21220,-150,-0.71,0,72,0.34,-150,-0.71,4978.5,4.98,34
73,Entry long,2020-07-16 12:10,ORB Long C+ (1c),10610,1,21220,-150,-0.71,0,72,0.34,-150,-0.71,4978.5,4.98,34
74,Exit long,2020-07-20 10:15,L-TP1,10785,2,42787,353,0.83,0,353,0.83,-23,-0.05,5331.5,5.33,15
74,Entry long,2020-07-20 09:00,ORB Long A (2c),10696.75,2,42787,353,0.83,0,353,0.83,-23,-0.05,5331.5,5.33,15
75,Exit long,2020-07-22 09:45,L-TP1,10808.75,2,43535,-300,-0.69,0,62,0.14,-300,-0.69,5031.5,5.03,11
75,Entry long,2020-07-22 08:50,ORB Long A (2c),10883.75,2,43535,-300,-0.69,0,62,0.14,-300,-0.69,5031.5,5.03,11
76,Exit long,2020-07-23 09:10,L-TP1,10786,2,43444,-300,-0.69,0,42,0.10,-300,-0.69,4731.5,4.73,5
76,Entry long,2020-07-23 08:45,ORB Long B+ (2c),10861,2,43444,-300,-0.69,0,42,0.10,-300,-0.69,4731.5,4.73,5
77,Exit long,2020-07-27 10:25,L-TP1,10540.75,2,42463,-300,-0.71,0,80,0.19,-300,-0.71,4431.5,4.43,20
77,Entry long,2020-07-27 08:45,ORB Long A (2c),10615.75,2,42463,-300,-0.71,0,80,0.19,-300,-0.71,4431.5,4.43,20
78,Exit long,2020-07-27 15:30,EOD Close,10675,2,42450,250,0.59,0,278,0.65,-43,-0.10,4681.5,4.68,34
78,Entry long,2020-07-27 12:25,ORB Long B+ (2c),10612.5,2,42450,250,0.59,0,278,0.65,-43,-0.10,4681.5,4.68,34
79,Exit long,2020-07-30 15:05,L-TP1,10735,2,42552,388,0.91,0,388,0.91,-16,-0.04,5069.5,5.07,55
79,Entry long,2020-07-30 10:30,ORB Long B (2c),10638,2,42552,388,0.91,0,388,0.91,-16,-0.04,5069.5,5.07,55
80,Exit long,2020-08-03 15:30,EOD Close,11041.75,2,44202,-35,-0.08,0,90,0.20,-237,-0.54,5034.5,5.03,75
80,Entry long,2020-08-03 09:00,ORB Long A (2c),11050.5,2,44202,-35,-0.08,0,90,0.20,-237,-0.54,5034.5,5.03,75
81,Exit long,2020-08-12 09:50,L-TP1,11107,2,44124,304,0.69,0,304,0.69,-52,-0.12,5338.5,5.34,13
81,Entry long,2020-08-12 08:45,ORB Long A+ (2c),11031,2,44124,304,0.69,0,304,0.69,-52,-0.12,5338.5,5.34,13
82,Exit long,2020-08-13 13:20,L-TP1,11163,2,44952,-300,-0.67,0,111,0.25,-300,-0.67,5038.5,5.04,46
82,Entry long,2020-08-13 09:30,ORB Long B (2c),11238,2,44952,-300,-0.67,0,111,0.25,-300,-0.67,5038.5,5.04,46
83,Exit short,2020-08-14 15:30,EOD Close,11142.75,2,44584,13,0.03,0,200,0.45,-164,-0.37,5051.5,5.05,78
83,Entry short,2020-08-14 08:45,ORB Short B (2c),11146,2,44584,13,0.03,0,200,0.45,-164,-0.37,5051.5,5.05,78
84,Exit long,2020-08-18 15:30,EOD Close,11406.25,2,45537,88,0.19,0,123,0.27,-74,-0.16,5139.5,5.14,32
84,Entry long,2020-08-18 12:35,ORB Long B+ (2c),11384.25,2,45537,88,0.19,0,123,0.27,-74,-0.16,5139.5,5.14,32
85,Exit short,2020-08-19 10:35,S-TP1,11422.5,2,45390,-300,-0.66,0,59,0.13,-300,-0.66,4839.5,4.84,22
85,Entry short,2020-08-19 08:45,ORB Short B (2c),11347.5,2,45390,-300,-0.66,0,59,0.13,-300,-0.66,4839.5,4.84,22
86,Exit long,2020-08-19 13:20,L-TP1,11346,2,45684,-300,-0.66,0,44,0.10,-300,-0.66,4539.5,4.54,21
86,Entry long,2020-08-19 11:35,ORB Long A (2c),11421,2,45684,-300,-0.66,0,44,0.10,-300,-0.66,4539.5,4.54,21
87,Exit long,2020-08-20 10:35,L-TP1,11415,2,45395,265,0.58,0,265,0.58,-27,-0.06,4804.5,4.80,22
87,Entry long,2020-08-20 08:45,ORB Long A (2c),11348.75,2,45395,265,0.58,0,265,0.58,-27,-0.06,4804.5,4.80,22
88,Exit long,2020-08-25 14:10,L-TP1,11707.5,2,46554,276,0.59,0,276,0.59,-165,-0.35,5080.5,5.08,59
88,Entry long,2020-08-25 09:15,ORB Long A (2c),11638.5,2,46554,276,0.59,0,276,0.59,-165,-0.35,5080.5,5.08,59
89,Exit long,2020-08-27 11:20,L-TP1,11951.25,1,24052.5,-150,-0.62,0,40,0.17,-150,-0.62,4930.5,4.93,16
89,Entry long,2020-08-27 10:00,ORB Long C+ (1c),12026.25,1,24052.5,-150,-0.62,0,40,0.17,-150,-0.62,4930.5,4.93,16
90,Exit long,2020-08-31 12:30,L-TP1,12135,2,48171,369,0.77,0,369,0.77,-107,-0.22,5299.5,5.30,45
90,Entry long,2020-08-31 08:45,ORB Long A (2c),12042.75,2,48171,369,0.77,0,369,0.77,-107,-0.22,5299.5,5.30,45
91,Exit long,2020-09-01 15:30,EOD Close,12321.25,2,48918,367,0.75,0,376,0.77,-118,-0.24,5666.5,5.67,75
91,Entry long,2020-09-01 09:00,ORB Long A (2c),12229.5,2,48918,367,0.75,0,376,0.77,-118,-0.24,5666.5,5.67,75
92,Exit short,2020-09-11 09:20,S-TP1,11219.25,2,44556,-321,-0.72,0,160,0.36,-321,-0.72,5345.5,5.35,5
92,Entry short,2020-09-11 08:55,ORB Short A (2c),11139,2,44556,-321,-0.72,0,160,0.36,-321,-0.72,5345.5,5.35,5
93,Exit short,2020-09-11 09:45,S-TP1,11240.75,2,44642,-321,-0.72,0,14,0.03,-321,-0.72,5024.5,5.02,2
93,Entry short,2020-09-11 09:35,ORB Short B (2c),11160.5,2,44642,-321,-0.72,0,14,0.03,-321,-0.72,5024.5,5.02,2
94,Exit short,2020-09-11 11:30,S-TP1,11071.5,2,44578,292,0.66,0,292,0.66,-119,-0.27,5316.5,5.32,12
94,Entry short,2020-09-11 10:30,ORB Short B+ (2c),11144.5,2,44578,292,0.66,0,292,0.66,-119,-0.27,5316.5,5.32,12
95,Exit short,2020-09-17 12:30,S-TP1,11016,1,21856,-176,-0.81,0,29.5,0.13,-176,-0.81,5140.5,5.14,9
95,Entry short,2020-09-17 11:45,ORB Short A (1c),10928,1,21856,-176,-0.81,0,29.5,0.13,-176,-0.81,5140.5,5.14,9
96,Exit short,2020-09-18 09:55,S-TP1,10950,1,22081,181,0.82,0,181,0.82,-131,-0.59,5321.5,5.32,14
96,Entry short,2020-09-18 08:45,ORB Short A+ (1c),11040.5,1,22081,181,0.82,0,181,0.82,-131,-0.59,5321.5,5.32,14
97,Exit short,2020-09-21 10:05,S-TP1,10761.5,1,21330.5,-192.5,-0.90,0,17,0.08,-192.5,-0.90,5129,5.13,6
97,Entry short,2020-09-21 09:35,ORB Short B (1c),10665.25,1,21330.5,-192.5,-0.90,0,17,0.08,-192.5,-0.90,5129,5.13,6
98,Exit short,2020-09-22 12:40,S-TP1,11075,1,21952,-198,-0.90,0,108.5,0.49,-198,-0.90,4931,4.93,47
98,Entry short,2020-09-22 08:45,ORB Short A+ (1c),10976,1,21952,-198,-0.90,0,108.5,0.49,-198,-0.90,4931,4.93,47
99,Exit short,2020-09-23 10:45,S-TP1,11015,2,44350,290,0.65,0,290,0.65,-70,-0.16,5221,5.22,23
99,Entry short,2020-09-23 08:50,ORB Short A (2c),11087.5,2,44350,290,0.65,0,290,0.65,-70,-0.16,5221,5.22,23
100,Exit long,2020-10-02 10:30,L-TP1,11351.5,1,22853,-150,-0.66,0,84.5,0.37,-150,-0.66,5071,5.07,18
100,Entry long,2020-10-02 09:00,ORB Long C (1c),11426.5,1,22853,-150,-0.66,0,84.5,0.37,-150,-0.66,5071,5.07,18
101,Exit long,2020-10-05 13:55,L-TP1,11453.75,2,45545,270,0.59,0,270,0.59,-12,-0.03,5341,5.34,59
101,Entry long,2020-10-05 09:00,ORB Long A (2c),11386.25,2,45545,270,0.59,0,270,0.59,-12,-0.03,5341,5.34,59
102,Exit long,2020-10-07 15:30,EOD Close,11480.75,2,45749,174,0.38,0,281,0.61,-176,-0.38,5515,5.52,57
102,Entry long,2020-10-07 10:30,ORB Long B+ (2c),11437.25,2,45749,174,0.38,0,281,0.61,-176,-0.38,5515,5.52,57
103,Exit short,2020-10-08 15:30,EOD Close,11541.25,1,23025.5,-57,-0.25,0,50,0.22,-101,-0.44,5458,5.46,78
103,Entry short,2020-10-08 08:45,ORB Short C (1c),11512.75,1,23025.5,-57,-0.25,0,50,0.22,-101,-0.44,5458,5.46,78
104,Exit long,2020-10-12 10:40,L-TP1,12035,2,47816,324,0.68,0,324,0.68,-3,-0.01,5782,5.78,10
104,Entry long,2020-10-12 09:50,ORB Long B+ (2c),11954,2,47816,324,0.68,0,324,0.68,-3,-0.01,5782,5.78,10
105,Exit long,2020-10-13 11:10,L-TP1,12091.75,1,24333.5,-150,-0.62,0,29.5,0.12,-150,-0.62,5632,5.63,10
105,Entry long,2020-10-13 10:20,ORB Long C+ (1c),12166.75,1,24333.5,-150,-0.62,0,29.5,0.12,-150,-0.62,5632,5.63,10
106,Exit short,2020-10-14 10:55,S-TP1,11965,2,48214,354,0.73,0,354,0.73,-204,-0.42,5986,5.99,18
106,Entry short,2020-10-14 09:25,ORB Short B (2c),12053.5,2,48214,354,0.73,0,354,0.73,-204,-0.42,5986,5.99,18
107,Exit long,2020-10-15 09:15,L-TP1,11800.75,2,47503,-300,-0.63,0,17,0.04,-300,-0.63,5686,5.69,5
107,Entry long,2020-10-15 08:50,ORB Long A (2c),11875.75,2,47503,-300,-0.63,0,17,0.04,-300,-0.63,5686,5.69,5
108,Exit long,2020-10-20 10:00,L-TP1,11628.25,2,46813,-300,-0.64,0,134,0.29,-300,-0.64,5386,5.39,13
108,Entry long,2020-10-20 08:55,ORB Long A+ (2c),11703.25,2,46813,-300,-0.64,0,134,0.29,-300,-0.64,5386,5.39,13
109,Exit long,2020-10-20 14:10,L-TP1,11658.5,2,46934,-300,-0.64,0,234,0.50,-300,-0.64,5086,5.09,32
109,Entry long,2020-10-20 11:30,ORB Long A+ (2c),11733.5,2,46934,-300,-0.64,0,234,0.50,-300,-0.64,5086,5.09,32
110,Exit long,2020-10-21 10:10,L-TP1,11672.75,2,46991,-300,-0.64,0,126,0.27,-300,-0.64,4786,4.79,17
110,Entry long,2020-10-21 08:45,ORB Long A (2c),11747.75,2,46991,-300,-0.64,0,126,0.27,-300,-0.64,4786,4.79,17
111,Exit short,2020-10-27 09:45,S-TP1,11570.5,2,45982,-300,-0.65,0,25,0.05,-300,-0.65,4486,4.49,5
111,Entry short,2020-10-27 09:20,ORB Short B+ (2c),11495.5,2,45982,-300,-0.65,0,25,0.05,-300,-0.65,4486,4.49,5
112,Exit long,2020-10-29 10:25,L-TP1,11335,2,44985,355,0.79,0,355,0.79,-26,-0.06,4841,4.84,19
112,Entry long,2020-10-29 08:50,ORB Long B (2c),11246.25,2,44985,355,0.79,0,355,0.79,-26,-0.06,4841,4.84,19
113,Exit short,2020-10-30 09:25,S-TP1,11065,2,44575,315,0.71,0,315,0.71,-182,-0.41,5156,5.16,8
113,Entry short,2020-10-30 08:45,ORB Short A (2c),11143.75,2,44575,315,0.71,0,315,0.71,-182,-0.41,5156,5.16,8
114,Exit long,2020-11-02 09:35,L-TP1,11124.5,2,44798,-300,-0.67,0,50,0.11,-300,-0.67,4856,4.86,9
114,Entry long,2020-11-02 08:50,ORB Long B (2c),11199.5,2,44798,-300,-0.67,0,50,0.11,-300,-0.67,4856,4.86,9
115,Exit short,2020-11-02 11:35,S-TP1,11041.5,2,44430,264,0.59,0,264,0.59,-1,0.00,5120,5.12,17
115,Entry short,2020-11-02 10:10,ORB Short A (2c),11107.5,2,44430,264,0.59,0,264,0.59,-1,0.00,5120,5.12,17
116,Exit long,2020-11-04 09:15,L-TP1,11753.75,1,23377.5,130,0.56,0,130,0.56,-12.5,-0.05,5250,5.25,3
116,Entry long,2020-11-04 09:00,ORB Long C+ (1c),11688.75,1,23377.5,130,0.56,0,130,0.56,-12.5,-0.05,5250,5.25,3
117,Exit long,2020-11-05 11:30,L-TP1,11982.25,2,48229,-300,-0.62,0,206,0.43,-300,-0.62,4950,4.95,33
117,Entry long,2020-11-05 08:45,ORB Long A+ (2c),12057.25,2,48229,-300,-0.62,0,206,0.43,-300,-0.62,4950,4.95,33
118,Exit long,2020-11-05 15:30,EOD Close,12094.75,2,48227,152,0.32,0,221,0.46,-151,-0.31,5102,5.10,31
118,Entry long,2020-11-05 12:40,ORB Long A (2c),12056.75,2,48227,152,0.32,0,221,0.46,-151,-0.31,5102,5.10,31
119,Exit short,2020-11-06 09:15,S-TP1,11974.75,1,23799.5,-150,-0.63,0,23.5,0.10,-150,-0.63,4952,4.95,4
119,Entry short,2020-11-06 08:55,ORB Short C (1c),11899.75,1,23799.5,-150,-0.63,0,23.5,0.10,-150,-0.63,4952,4.95,4
120,Exit long,2020-11-06 15:30,EOD Close,12089.5,2,48199,159,0.33,0,237,0.49,-105,-0.22,5111,5.11,56
120,Entry long,2020-11-06 10:35,ORB Long B+ (2c),12049.75,2,48199,159,0.33,0,237,0.49,-105,-0.22,5111,5.11,56
121,Exit long,2020-11-09 09:35,L-TP1,12179.5,2,49018,-300,-0.61,0,25,0.05,-300,-0.61,4811,4.81,4
121,Entry long,2020-11-09 09:15,ORB Long B+ (2c),12254.5,2,49018,-300,-0.61,0,25,0.05,-300,-0.61,4811,4.81,4
122,Exit long,2020-11-11 15:30,EOD Close,11904.5,2,47297,321,0.68,0,381,0.81,-197,-0.42,5132,5.13,70
122,Entry long,2020-11-11 09:25,ORB Long A (2c),11824.25,2,47297,321,0.68,0,381,0.81,-197,-0.42,5132,5.13,70
123,Exit long,2020-11-16 15:30,EOD Close,12030.5,2,47927,195,0.41,0,226,0.47,-211,-0.44,5327,5.33,74
123,Entry long,2020-11-16 09:05,ORB Long A (2c),11981.75,2,47927,195,0.41,0,226,0.47,-211,-0.44,5327,5.33,74
124,Exit long,2020-11-18 14:45,L-TP1,11922.5,1,23995,-150,-0.63,0,60.5,0.25,-150,-0.63,5177,5.18,46
124,Entry long,2020-11-18 10:55,ORB Long C+ (1c),11997.5,1,23995,-150,-0.63,0,60.5,0.25,-150,-0.63,5177,5.18,46
125,Exit long,2020-11-19 10:30,L-TP1,11961,2,47584,260,0.55,0,260,0.55,-52,-0.11,5437,5.44,21
125,Entry long,2020-11-19 08:45,ORB Long B+ (2c),11896,2,47584,260,0.55,0,260,0.55,-52,-0.11,5437,5.44,21
126,Exit long,2020-11-24 10:45,L-TP1,12035.5,2,47882,260,0.54,0,260,0.54,-28,-0.06,5697,5.70,13
126,Entry long,2020-11-24 09:40,ORB Long B (2c),11970.5,2,47882,260,0.54,0,260,0.54,-28,-0.06,5697,5.70,13
127,Exit long,2020-12-01 11:00,L-TP1,12453.25,2,49553,260,0.52,0,260,0.52,-153,-0.31,5957,5.96,26
127,Entry long,2020-12-01 08:50,ORB Long A (2c),12388.25,2,49553,260,0.52,0,260,0.52,-153,-0.31,5957,5.96,26
128,Exit long,2020-12-02 15:30,EOD Close,12464.25,2,49653,204,0.41,0,247,0.50,-59,-0.12,6161,6.16,72
128,Entry long,2020-12-02 09:15,ORB Long B (2c),12413.25,2,49653,204,0.41,0,247,0.50,-59,-0.12,6161,6.16,72
129,Exit long,2020-12-07 15:30,EOD Close,12590.25,2,50338,23,0.05,0,111,0.22,-150,-0.30,6184,6.18,76
129,Entry long,2020-12-07 08:55,ORB Long A+ (2c),12584.5,2,50338,23,0.05,0,111,0.22,-150,-0.30,6184,6.18,76
130,Exit short,2020-12-08 12:00,S-TP1,12604.75,2,50119,-300,-0.60,0,109,0.22,-300,-0.60,5884,5.88,39
130,Entry short,2020-12-08 08:45,ORB Short B (2c),12529.75,2,50119,-300,-0.60,0,109,0.22,-300,-0.60,5884,5.88,39
131,Exit long,2020-12-10 09:50,L-TP1,12434.5,2,49363,375,0.76,0,375,0.76,-2,0.00,6259,6.26,13
131,Entry long,2020-12-10 08:45,ORB Long B (2c),12340.75,2,49363,375,0.76,0,375,0.76,-2,0.00,6259,6.26,13
132,Exit long,2020-12-14 15:30,EOD Close,12467,2,49988,-120,-0.24,0,209,0.42,-207,-0.41,6139,6.14,77
132,Entry long,2020-12-14 08:50,ORB Long A+ (2c),12497,2,49988,-120,-0.24,0,209,0.42,-207,-0.41,6139,6.14,77
133,Exit long,2020-12-16 15:30,EOD Close,12676.5,2,50520,186,0.37,0,299,0.59,-78,-0.15,6325,6.33,67
133,Entry long,2020-12-16 09:40,ORB Long B (2c),12630,2,50520,186,0.37,0,299,0.59,-78,-0.15,6325,6.33,67
134,Exit short,2020-12-18 10:10,S-TP1,12672,2,50952,264,0.52,0,264,0.52,-17,-0.03,6589,6.59,17
134,Entry short,2020-12-18 08:45,ORB Short B (2c),12738,2,50952,264,0.52,0,264,0.52,-17,-0.03,6589,6.59,17
135,Exit long,2020-12-21 15:30,EOD Close,12684.75,2,50641,98,0.19,0,171,0.34,-95,-0.19,6687,6.69,38
135,Entry long,2020-12-21 12:05,ORB Long B (2c),12660.25,2,50641,98,0.19,0,171,0.34,-95,-0.19,6687,6.69,38
136,Exit long,2020-12-23 14:55,L-TP1,12651,2,50904,-300,-0.59,0,20,0.04,-300,-0.59,6387,6.39,34
136,Entry long,2020-12-23 12:05,ORB Long A+ (2c),12726,2,50904,-300,-0.59,0,20,0.04,-300,-0.59,6387,6.39,34
137,Exit long,2020-12-24 11:45,EOD Close (Early/Half-Day),12698,2,50879,-87,-0.17,0,12,0.02,-222,-0.44,6300,6.30,27
137,Entry long,2020-12-24 09:30,ORB Long A (2c),12719.75,2,50879,-87,-0.17,0,12,0.02,-222,-0.44,6300,6.30,27
138,Exit short,2020-12-30 15:30,EOD Close,12839,2,51440,84,0.16,0,158,0.31,-51,-0.10,6384,6.38,77
138,Entry short,2020-12-30 08:50,ORB Short B (2c),12860,2,51440,84,0.16,0,158,0.31,-51,-0.10,6384,6.38,77
139,Exit long,2021-01-05 15:30,EOD Close,12794,2,51052,124,0.24,0,180,0.35,-299,-0.59,6508,6.51,77
139,Entry long,2021-01-05 08:50,ORB Long A (2c),12763,2,51052,124,0.24,0,180,0.35,-299,-0.59,6508,6.51,77
140,Exit long,2021-01-07 09:45,L-TP1,12903.25,2,51351,262,0.51,0,262,0.51,-24,-0.05,6770,6.77,10
140,Entry long,2021-01-07 08:55,ORB Long B+ (2c),12837.75,2,51351,262,0.51,0,262,0.51,-24,-0.05,6770,6.77,10
141,Exit long,2021-01-08 12:20,L-TP1,12981,2,52224,-300,-0.57,0,38,0.07,-300,-0.57,6470,6.47,14
141,Entry long,2021-01-08 11:10,ORB Long B+ (2c),13056,2,52224,-300,-0.57,0,38,0.07,-300,-0.57,6470,6.47,14
142,Exit long,2021-01-11 13:20,L-TP1,12914.5,2,51958,-300,-0.58,0,94,0.18,-300,-0.58,6170,6.17,47
142,Entry long,2021-01-11 09:25,ORB Long A (2c),12989.5,2,51958,-300,-0.58,0,94,0.18,-300,-0.58,6170,6.17,47
143,Exit long,2021-01-13 13:30,L-TP1,13000.75,2,51743,260,0.50,0,260,0.50,-259,-0.50,6430,6.43,56
143,Entry long,2021-01-13 08:50,ORB Long A (2c),12935.75,2,51743,260,0.50,0,260,0.50,-259,-0.50,6430,6.43,56
144,Exit long,2021-01-20 12:15,L-TP1,13285,2,52825,315,0.60,0,315,0.60,-4,-0.01,6745,6.74,38
144,Entry long,2021-01-20 09:05,ORB Long A (2c),13206.25,2,52825,315,0.60,0,315,0.60,-4,-0.01,6745,6.74,38
145,Exit long,2021-01-21 15:30,EOD Close,13398.75,2,53459,136,0.25,0,236,0.44,-195,-0.36,6881,6.88,73
145,Entry long,2021-01-21 09:10,ORB Long A (2c),13364.75,2,53459,136,0.25,0,236,0.44,-195,-0.36,6881,6.88,73
146,Exit long,2021-01-26 15:05,L-TP1,13585,2,54056,284,0.53,0,284,0.53,-235,-0.43,7165,7.17,64
146,Entry long,2021-01-26 09:45,ORB Long B (2c),13514,2,54056,284,0.53,0,284,0.53,-235,-0.43,7165,7.17,64
147,Exit long,2021-01-28 11:05,L-TP1,13335,2,53066,274,0.52,0,274,0.52,-250,-0.47,7439,7.44,22
147,Entry long,2021-01-28 09:15,ORB Long B (2c),13266.5,2,53066,274,0.52,0,274,0.52,-250,-0.47,7439,7.44,22
148,Exit long,2021-01-29 09:40,L-TP1,13072.25,2,52589,-300,-0.57,0,39,0.07,-300,-0.57,7139,7.14,4
148,Entry long,2021-01-29 09:20,ORB Long B (2c),13147.25,2,52589,-300,-0.57,0,39,0.07,-300,-0.57,7139,7.14,4
149,Exit long,2021-02-02 12:45,L-TP1,13485,2,53659,281,0.52,0,281,0.52,-196,-0.37,7420,7.42,48
149,Entry long,2021-02-02 08:45,ORB Long B+ (2c),13414.75,2,53659,281,0.52,0,281,0.52,-196,-0.37,7420,7.42,48
150,Exit short,2021-02-03 09:35,S-TP1,13394,2,53836,260,0.48,0,260,0.48,-71,-0.13,7680,7.68,5
150,Entry short,2021-02-03 09:10,ORB Short B (2c),13459,2,53836,260,0.48,0,260,0.48,-71,-0.13,7680,7.68,5
151,Exit short,2021-02-03 14:55,S-TP1,13394.75,1,26919.5,130,0.48,0,130,0.48,-73.5,-0.27,7810,7.81,41
151,Entry short,2021-02-03 11:30,ORB Short C+ (1c),13459.75,1,26919.5,130,0.48,0,130,0.48,-73.5,-0.27,7810,7.81,41
152,Exit long,2021-02-04 15:00,L-TP1,13558,2,53947,285,0.53,0,285,0.53,-21,-0.04,8095,8.09,36
152,Entry long,2021-02-04 12:00,ORB Long B+ (2c),13486.75,2,53947,285,0.53,0,285,0.53,-21,-0.04,8095,8.09,36
153,Exit short,2021-02-05 11:40,S-TP1,13614,1,27078,-150,-0.55,0,39.5,0.15,-150,-0.55,7945,7.95,33
153,Entry short,2021-02-05 08:55,ORB Short C (1c),13539,1,27078,-150,-0.55,0,39.5,0.15,-150,-0.55,7945,7.95,33
154,Exit short,2021-02-10 09:20,S-TP1,13638,2,54812,260,0.47,0,260,0.47,-8,-0.01,8205,8.21,2
154,Entry short,2021-02-10 09:10,ORB Short B (2c),13703,2,54812,260,0.47,0,260,0.47,-8,-0.01,8205,8.21,2
155,Exit long,2021-02-12 14:50,L-TP1,13785,2,54828,312,0.57,0,312,0.57,-171,-0.31,8517,8.52,68
155,Entry long,2021-02-12 09:10,ORB Long B (2c),13707,2,54828,312,0.57,0,312,0.57,-171,-0.31,8517,8.52,68
156,Exit long,2021-02-16 10:25,L-TP1,13788.75,2,55455,-300,-0.54,0,47,0.08,-300,-0.54,8217,8.22,12
156,Entry long,2021-02-16 09:25,ORB Long B (2c),13863.75,2,55455,-300,-0.54,0,47,0.08,-300,-0.54,8217,8.22,12
157,Exit long,2021-02-18 13:55,L-TP1,13640.25,2,54301,260,0.48,0,260,0.48,-7,-0.01,8477,8.48,20
157,Entry long,2021-02-18 12:15,ORB Long A (2c),13575.25,2,54301,260,0.48,0,260,0.48,-7,-0.01,8477,8.48,20
158,Exit short,2021-02-24 09:20,S-TP1,13051.5,2,51906,-300,-0.58,0,74,0.14,-300,-0.58,8177,8.18,4
158,Entry short,2021-02-24 09:00,ORB Short B+ (2c),12976.5,2,51906,-300,-0.58,0,74,0.14,-300,-0.58,8177,8.18,4
159,Exit short,2021-02-25 09:50,S-TP1,13065,2,52685,425,0.81,0,425,0.81,-144,-0.27,8602,8.60,10
159,Entry short,2021-02-25 09:00,ORB Short A+ (2c),13171.25,2,52685,425,0.81,0,425,0.81,-144,-0.27,8602,8.60,10
160,Exit short,2021-03-02 10:20,S-TP1,13115,2,52765,305,0.58,0,305,0.58,-229,-0.43,8907,8.91,19
160,Entry short,2021-03-02 08:45,ORB Short A+ (2c),13191.25,2,52765,305,0.58,0,305,0.58,-229,-0.43,8907,8.91,19
161,Exit short,2021-03-03 11:55,S-TP1,12815,2,51619,359,0.70,0,359,0.70,-262,-0.51,9266,9.27,36
161,Entry short,2021-03-03 08:55,ORB Short B+ (2c),12904.75,2,51619,359,0.70,0,359,0.70,-262,-0.51,9266,9.27,36
162,Exit short,2021-03-04 09:05,S-TP1,12526,2,50459,355,0.70,0,355,0.70,-109,-0.22,9621,9.62,4
162,Entry short,2021-03-04 08:45,ORB Short A (2c),12614.75,2,50459,355,0.70,0,355,0.70,-109,-0.22,9621,9.62,4
163,Exit short,2021-03-04 11:45,S-TP1,12526,2,50489,385,0.76,0,385,0.76,-16,-0.03,10006,10.01,5
163,Entry short,2021-03-04 11:20,ORB Short A (2c),12622.25,2,50489,385,0.76,0,385,0.76,-16,-0.03,10006,10.01,5
164,Exit short,2021-03-05 08:55,S-TP1,12365.75,1,24881,149.5,0.60,0,149.5,0.60,-55.5,-0.22,10155.5,10.16,2
164,Entry short,2021-03-05 08:45,ORB Short A (1c),12440.5,1,24881,149.5,0.60,0,149.5,0.60,-55.5,-0.22,10155.5,10.16,2
165,Exit short,2021-03-08 12:55,S-TP1,12421.5,1,25016.5,173.5,0.69,0,173.5,0.69,-160,-0.64,10329,10.33,24
165,Entry short,2021-03-08 10:55,ORB Short B+ (1c),12508.25,1,25016.5,173.5,0.69,0,173.5,0.69,-160,-0.64,10329,10.33,24
166,Exit short,2021-03-11 09:45,S-TP1,13007.75,1,25846.5,-169,-0.65,0,19.5,0.08,-169,-0.65,10160,10.16,6
166,Entry short,2021-03-11 09:15,ORB Short B (1c),12923.25,1,25846.5,-169,-0.65,0,19.5,0.08,-169,-0.65,10160,10.16,6
167,Exit short,2021-03-12 11:10,S-TP1,12890.75,1,25574,-207.5,-0.81,0,38.5,0.15,-207.5,-0.81,9952.5,9.95,16
167,Entry short,2021-03-12 09:50,ORB Short B (1c),12787,1,25574,-207.5,-0.81,0,38.5,0.15,-207.5,-0.81,9952.5,9.95,16
168,Exit long,2021-03-16 09:50,L-TP1,13285.25,1,26417,153.5,0.58,0,153.5,0.58,-36.5,-0.14,10106,10.11,13
168,Entry long,2021-03-16 08:45,ORB Long B (1c),13208.5,1,26417,153.5,0.58,0,153.5,0.58,-36.5,-0.14,10106,10.11,13
169,Exit long,2021-03-16 13:25,L-TP1,13125.5,2,52802,-300,-0.57,0,167,0.32,-300,-0.57,9806,9.81,23
169,Entry long,2021-03-16 11:30,ORB Long B (2c),13200.5,2,52802,-300,-0.57,0,167,0.32,-300,-0.57,9806,9.81,23
170,Exit short,2021-03-19 09:35,S-TP1,12801.25,1,25419.5,-183,-0.72,0,56,0.22,-183,-0.72,9623,9.62,7
170,Entry short,2021-03-19 09:00,ORB Short A (1c),12709.75,1,25419.5,-183,-0.72,0,56,0.22,-183,-0.72,9623,9.62,7
171,Exit short,2021-03-25 11:25,S-TP1,12757.75,2,50702,-329,-0.65,0,263,0.52,-329,-0.65,9294,9.29,20
171,Entry short,2021-03-25 09:45,ORB Short B (2c),12675.5,2,50702,-329,-0.65,0,263,0.52,-329,-0.65,9294,9.29,20
172,Exit short,2021-03-29 09:05,S-TP1,12822,2,51577,289,0.56,0,289,0.56,-1,0.00,9583,9.58,3
172,Entry short,2021-03-29 08:50,ORB Short B+ (2c),12894.25,2,51577,289,0.56,0,289,0.56,-1,0.00,9583,9.58,3
173,Exit short,2021-03-30 09:40,S-TP1,12870,2,51180,-300,-0.59,0,73,0.14,-300,-0.59,9283,9.28,5
173,Entry short,2021-03-30 09:15,ORB Short A+ (2c),12795,2,51180,-300,-0.59,0,73,0.14,-300,-0.59,9283,9.28,5
174,Exit long,2021-04-01 15:30,EOD Close,13328.75,2,53224,91,0.17,0,93,0.17,-184,-0.35,9374,9.37,74
174,Entry long,2021-04-01 09:05,ORB Long A (2c),13306,2,53224,91,0.17,0,93,0.17,-184,-0.35,9374,9.37,74
175,Exit long,2021-04-06 15:30,EOD Close,13572.25,2,54360,-71,-0.13,0,257,0.47,-177,-0.33,9303,9.30,77
175,Entry long,2021-04-06 08:50,ORB Long A (2c),13590,2,54360,-71,-0.13,0,257,0.47,-177,-0.33,9303,9.30,77
176,Exit long,2021-04-07 13:10,L-TP1,13635.25,2,54281,260,0.48,0,260,0.48,-42,-0.08,9563,9.56,53
176,Entry long,2021-04-07 08:45,ORB Long A+ (2c),13570.25,2,54281,260,0.48,0,260,0.48,-42,-0.08,9563,9.56,53
177,Exit long,2021-04-13 15:30,EOD Close,13981,2,55773,151,0.27,0,202,0.36,-237,-0.42,9714,9.71,77
177,Entry long,2021-04-13 08:50,ORB Long B+ (2c),13943.25,2,55773,151,0.27,0,202,0.36,-237,-0.42,9714,9.71,77
178,Exit long,2021-04-15 15:30,EOD Close,14007,2,55955,73,0.13,0,182,0.33,-182,-0.33,9787,9.79,70
178,Entry long,2021-04-15 09:25,ORB Long A (2c),13988.75,2,55955,73,0.13,0,182,0.33,-182,-0.33,9787,9.79,70
179,Exit short,2021-04-19 15:30,EOD Close,13892,2,55696,128,0.23,0,412,0.74,-99,-0.18,9915,9.92,74
179,Entry short,2021-04-19 09:05,ORB Short B (2c),13924,2,55696,128,0.23,0,412,0.74,-99,-0.18,9915,9.92,74
180,Exit long,2021-04-20 09:40,L-TP1,13834.25,2,55637,-300,-0.54,0,82,0.15,-300,-0.54,9615,9.62,11
180,Entry long,2021-04-20 08:45,ORB Long A+ (2c),13909.25,2,55637,-300,-0.54,0,82,0.15,-300,-0.54,9615,9.62,11
181,Exit long,2021-04-21 10:30,L-TP1,13863,2,55104,348,0.63,0,348,0.63,-66,-0.12,9963,9.96,21
181,Entry long,2021-04-21 08:45,ORB Long A+ (2c),13776,2,55104,348,0.63,0,348,0.63,-66,-0.12,9963,9.96,21
182,Exit long,2021-04-23 10:15,L-TP1,13894,2,55316,260,0.47,0,260,0.47,-36,-0.07,10223,10.22,17
182,Entry long,2021-04-23 08:50,ORB Long A (2c),13829,2,55316,260,0.47,0,260,0.47,-36,-0.07,10223,10.22,17
183,Exit short,2021-04-27 15:30,EOD Close,13946,2,55876,92,0.16,0,225,0.40,-67,-0.12,10315,10.32,78
183,Entry short,2021-04-27 08:45,ORB Short B (2c),13969,2,55876,92,0.16,0,225,0.40,-67,-0.12,10315,10.32,78
184,Exit long,2021-04-28 15:30,EOD Close,13974,2,55777,119,0.21,0,180,0.32,-265,-0.48,10434,10.43,78
184,Entry long,2021-04-28 08:45,ORB Long B+ (2c),13944.25,2,55777,119,0.21,0,180,0.32,-265,-0.48,10434,10.43,78
185,Exit short,2021-04-29 09:35,S-TP1,13913.5,2,55914,260,0.46,0,260,0.46,-17,-0.03,10694,10.69,9
185,Entry short,2021-04-29 08:50,ORB Short B (2c),13978.5,2,55914,260,0.46,0,260,0.46,-17,-0.03,10694,10.69,9
186,Exit long,2021-04-30 12:55,L-TP1,13831.5,2,55626,-300,-0.54,0,202,0.36,-300,-0.54,10394,10.39,48
186,Entry long,2021-04-30 08:55,ORB Long A+ (2c),13906.5,2,55626,-300,-0.54,0,202,0.36,-300,-0.54,10394,10.39,48
187,Exit long,2021-05-03 09:50,L-TP1,13854.25,2,55717,-300,-0.54,0,73,0.13,-300,-0.54,10094,10.09,8
187,Entry long,2021-05-03 09:10,ORB Long B (2c),13929.25,2,55717,-300,-0.54,0,73,0.13,-300,-0.54,10094,10.09,8
188,Exit short,2021-05-05 09:10,S-TP1,13530.75,2,54383,260,0.48,0,260,0.48,-38,-0.07,10354,10.35,3
188,Entry short,2021-05-05 08:55,ORB Short A+ (2c),13595.75,2,54383,260,0.48,0,260,0.48,-38,-0.07,10354,10.35,3
189,Exit short,2021-05-05 14:00,S-TP1,13529.5,2,54378,260,0.48,0,260,0.48,-13,-0.02,10614,10.61,30
189,Entry short,2021-05-05 11:30,ORB Short A (2c),13594.5,2,54378,260,0.48,0,260,0.48,-13,-0.02,10614,10.61,30
190,Exit short,2021-05-06 10:25,S-TP1,13490,2,53660,-300,-0.56,0,104,0.19,-300,-0.56,10314,10.31,16
190,Entry short,2021-05-06 09:05,ORB Short B+ (2c),13415,2,53660,-300,-0.56,0,104,0.19,-300,-0.56,10314,10.31,16
191,Exit short,2021-05-10 13:15,S-TP1,13415,2,54091,431,0.80,0,431,0.80,-127,-0.23,10745,10.75,53
191,Entry short,2021-05-10 08:50,ORB Short B+ (2c),13522.75,2,54091,431,0.80,0,431,0.80,-127,-0.23,10745,10.75,53
192,Exit short,2021-05-12 10:55,S-TP1,13015,2,52424,364,0.69,0,364,0.69,-64,-0.12,11109,11.11,18
192,Entry short,2021-05-12 09:25,ORB Short A (2c),13106,2,52424,364,0.69,0,364,0.69,-64,-0.12,11109,11.11,18
193,Exit short,2021-05-13 11:30,S-TP1,13139.25,2,52257,-300,-0.57,0,25,0.05,-300,-0.57,10809,10.81,10
193,Entry short,2021-05-13 10:40,ORB Short B (2c),13064.25,2,52257,-300,-0.57,0,25,0.05,-300,-0.57,10809,10.81,10
194,Exit short,2021-05-17 12:40,S-TP1,13190,2,53020,260,0.49,0,260,0.49,-293,-0.55,11069,11.07,44
194,Entry short,2021-05-17 09:00,ORB Short A+ (2c),13255,2,53020,260,0.49,0,260,0.49,-293,-0.55,11069,11.07,44
195,Exit long,2021-05-24 13:45,L-TP1,13685,2,54357,383,0.70,0,383,0.70,-20,-0.04,11452,11.45,57
195,Entry long,2021-05-24 09:00,ORB Long A (2c),13589.25,2,54357,383,0.70,0,383,0.70,-20,-0.04,11452,11.45,57
196,Exit short,2021-06-08 10:15,S-TP1,13787,2,55409,261,0.47,0,261,0.47,-10,-0.02,11713,11.71,17
196,Entry short,2021-06-08 08:50,ORB Short B (2c),13852.25,2,55409,261,0.47,0,261,0.47,-10,-0.02,11713,11.71,17
197,Exit long,2021-06-10 09:45,L-TP1,13867.25,2,55769,-300,-0.54,0,91,0.16,-300,-0.54,11413,11.41,12
197,Entry long,2021-06-10 08:45,ORB Long A (2c),13942.25,2,55769,-300,-0.54,0,91,0.16,-300,-0.54,11413,11.41,12
198,Exit long,2021-06-10 15:30,EOD Close,13966,2,55694,170,0.31,0,198,0.36,-40,-0.07,11583,11.58,51
198,Entry long,2021-06-10 11:00,ORB Long B+ (2c),13923.5,2,55694,170,0.31,0,198,0.36,-40,-0.07,11583,11.58,51
199,Exit long,2021-06-14 15:30,EOD Close,14120,2,56156,324,0.58,0,378,0.67,-202,-0.36,11907,11.91,78
199,Entry long,2021-06-14 08:45,ORB Long A (2c),14039,2,56156,324,0.58,0,378,0.67,-202,-0.36,11907,11.91,78
200,Exit short,2021-06-15 15:30,EOD Close,14034.25,1,28119.5,51,0.18,0,118.5,0.42,-30.5,-0.11,11958,11.96,70
200,Entry short,2021-06-15 09:25,ORB Short C+ (1c),14059.75,1,28119.5,51,0.18,0,118.5,0.42,-30.5,-0.11,11958,11.96,70
201,Exit long,2021-06-17 09:25,L-TP1,14085.5,2,56082,260,0.46,0,260,0.46,-40,-0.07,12218,12.22,7
201,Entry long,2021-06-17 08:50,ORB Long A (2c),14020.5,2,56082,260,0.46,0,260,0.46,-40,-0.07,12218,12.22,7
202,Exit long,2021-06-21 15:30,EOD Close,14134.5,2,56326,212,0.38,0,250,0.44,-8,-0.01,12430,12.43,68
202,Entry long,2021-06-21 09:35,ORB Long B (2c),14081.5,2,56326,212,0.38,0,250,0.44,-8,-0.01,12430,12.43,68
203,Exit long,2021-06-22 15:30,EOD Close,14278.25,2,56749,364,0.64,0,368,0.65,-1,0.00,12794,12.79,62
203,Entry long,2021-06-22 10:05,ORB Long B+ (2c),14187.25,2,56749,364,0.64,0,368,0.65,-1,0.00,12794,12.79,62
204,Exit long,2021-06-23 15:30,EOD Close,14271,2,57222,-138,-0.24,0,45,0.08,-295,-0.52,12656,12.66,76
204,Entry long,2021-06-23 08:55,ORB Long B+ (2c),14305.5,2,57222,-138,-0.24,0,45,0.08,-295,-0.52,12656,12.66,76
205,Exit long,2021-06-28 15:25,EOD Close,14506,2,57868,156,0.27,0,210,0.36,-48,-0.08,12812,12.81,76
205,Entry long,2021-06-28 09:05,ORB Long B (2c),14467,2,57868,156,0.27,0,210,0.36,-48,-0.08,12812,12.81,76
206,Exit long,2021-06-29 15:25,EOD Close,14583,2,58102,230,0.40,0,236,0.41,-132,-0.23,13042,13.04,68
206,Entry long,2021-06-29 09:45,ORB Long B (2c),14525.5,2,58102,230,0.40,0,236,0.41,-132,-0.23,13042,13.04,68
207,Exit short,2021-07-01 15:25,EOD Close,14536.75,1,29019.5,-54,-0.19,0,78,0.27,-87,-0.30,12988,12.99,64
207,Entry short,2021-07-01 10:05,ORB Short C (1c),14509.75,1,29019.5,-54,-0.19,0,78,0.27,-87,-0.30,12988,12.99,64
208,Exit long,2021-07-08 10:00,L-TP1,14569.25,2,58577,-300,-0.51,0,53,0.09,-300,-0.51,12688,12.69,7
208,Entry long,2021-07-08 09:25,ORB Long B (2c),14644.25,2,58577,-300,-0.51,0,53,0.09,-300,-0.51,12688,12.69,7
209,Exit long,2021-07-08 11:30,L-TP1,14710,1,29290,130,0.44,0,130,0.44,-59.5,-0.20,12818,12.82,13
209,Entry long,2021-07-08 10:25,ORB Long C+ (1c),14645,1,29290,130,0.44,0,130,0.44,-59.5,-0.20,12818,12.82,13
210,Exit long,2021-07-09 10:40,L-TP1,14806.75,2,58912,315,0.53,0,315,0.53,-98,-0.17,13133,13.13,16
210,Entry long,2021-07-09 09:20,ORB Long B (2c),14728,2,58912,315,0.53,0,315,0.53,-98,-0.17,13133,13.13,16
211,Exit short,2021-07-12 15:25,EOD Close,14879.5,2,59294,-224,-0.38,0,85,0.14,-238,-0.40,12909,12.91,79
211,Entry short,2021-07-12 08:50,ORB Short B (2c),14823.5,2,59294,-224,-0.38,0,85,0.14,-238,-0.40,12909,12.91,79
212,Exit long,2021-07-14 10:25,L-TP1,14917.5,2,59970,-300,-0.50,0,9,0.02,-300,-0.50,12609,12.61,17
212,Entry long,2021-07-14 09:00,ORB Long A+ (2c),14992.5,2,59970,-300,-0.50,0,9,0.02,-300,-0.50,12609,12.61,17
213,Exit short,2021-07-14 15:25,EOD Close,14902.75,2,59675,64,0.11,0,227,0.38,-113,-0.19,12673,12.67,60
213,Entry short,2021-07-14 10:25,ORB Short B (2c),14918.75,2,59675,64,0.11,0,227,0.38,-113,-0.19,12673,12.67,60
214,Exit long,2021-07-20 10:15,L-TP1,14673.25,2,58433,260,0.44,0,260,0.44,-108,-0.18,12933,12.93,11
214,Entry long,2021-07-20 09:20,ORB Long B (2c),14608.25,2,58433,260,0.44,0,260,0.44,-108,-0.18,12933,12.93,11
215,Exit long,2021-07-21 15:00,L-TP1,14835,2,59023,317,0.54,0,317,0.54,-119,-0.20,13250,13.25,73
215,Entry long,2021-07-21 08:55,ORB Long A (2c),14755.75,2,59023,317,0.54,0,317,0.54,-119,-0.20,13250,13.25,73
216,Exit long,2021-07-22 15:25,EOD Close,14958.5,2,59619,215,0.36,0,223,0.37,-217,-0.36,13465,13.47,72
216,Entry long,2021-07-22 09:25,ORB Long B (2c),14904.75,2,59619,215,0.36,0,223,0.37,-217,-0.36,13465,13.47,72
217,Exit long,2021-07-23 12:00,L-TP1,15085,2,59989,351,0.59,0,351,0.59,-54,-0.09,13816,13.82,33
217,Entry long,2021-07-23 09:15,ORB Long A (2c),14997.25,2,59989,351,0.59,0,351,0.59,-54,-0.09,13816,13.82,33
218,Exit long,2021-07-26 15:25,EOD Close,15119.25,2,60377,100,0.17,0,160,0.27,-48,-0.08,13916,13.92,79
218,Entry long,2021-07-26 08:50,ORB Long A (2c),15094.25,2,60377,100,0.17,0,160,0.27,-48,-0.08,13916,13.92,79
219,Exit short,2021-07-27 09:10,S-TP1,14978.5,2,60174,260,0.43,0,260,0.43,-62,-0.10,14176,14.18,3
219,Entry short,2021-07-27 08:55,ORB Short B (2c),15043.5,2,60174,260,0.43,0,260,0.43,-62,-0.10,14176,14.18,3
220,Exit long,2021-07-28 12:10,L-TP1,14979.25,1,30108.5,-150,-0.50,0,41,0.14,-150,-0.50,14026,14.03,35
220,Entry long,2021-07-28 09:15,ORB Long C (1c),15054.25,1,30108.5,-150,-0.50,0,41,0.14,-150,-0.50,14026,14.03,35
221,Exit long,2021-07-29 15:00,L-TP1,14999,2,60296,-300,-0.50,0,40,0.07,-300,-0.50,13726,13.73,62
221,Entry long,2021-07-29 09:50,ORB Long B (2c),15074,2,60296,-300,-0.50,0,40,0.07,-300,-0.50,13726,13.73,62
222,Exit long,2021-07-30 15:25,EOD Close,14968,2,59709,163,0.27,0,210,0.35,-68,-0.11,13889,13.89,80
222,Entry long,2021-07-30 08:45,ORB Long A (2c),14927.25,2,59709,163,0.27,0,210,0.35,-68,-0.11,13889,13.89,80
223,Exit long,2021-08-02 11:05,L-TP1,14970.25,2,60181,-300,-0.50,0,24,0.04,-300,-0.50,13589,13.59,9
223,Entry long,2021-08-02 10:20,ORB Long B+ (2c),15045.25,2,60181,-300,-0.50,0,24,0.04,-300,-0.50,13589,13.59,9
224,Exit long,2021-08-03 15:25,EOD Close,15044.5,1,30021.5,67.5,0.22,0,78.5,0.26,-62,-0.21,13656.5,13.66,54
224,Entry long,2021-08-03 10:55,ORB Long C+ (1c),15010.75,1,30021.5,67.5,0.22,0,78.5,0.26,-62,-0.21,13656.5,13.66,54
225,Exit long,2021-08-12 14:30,L-TP1,15085,2,60032,308,0.51,0,308,0.51,-16,-0.03,13964.5,13.96,63
225,Entry long,2021-08-12 09:15,ORB Long B+ (2c),15008,2,60032,308,0.51,0,308,0.51,-16,-0.03,13964.5,13.96,63
226,Exit long,2021-08-17 10:30,L-TP1,14975.25,2,60201,-300,-0.50,0,30,0.05,-300,-0.50,13664.5,13.66,10
226,Entry long,2021-08-17 09:40,ORB Long B (2c),15050.25,2,60201,-300,-0.50,0,30,0.05,-300,-0.50,13664.5,13.66,10
227,Exit long,2021-08-18 13:10,L-TP1,14944.5,2,60078,-300,-0.50,0,70,0.12,-300,-0.50,13364.5,13.36,52
227,Entry long,2021-08-18 08:50,ORB Long A+ (2c),15019.5,2,60078,-300,-0.50,0,70,0.12,-300,-0.50,13364.5,13.36,52
228,Exit long,2021-08-23 10:30,L-TP1,15285,2,60789,351,0.58,0,351,0.58,-28,-0.05,13715.5,13.72,21
228,Entry long,2021-08-23 08:45,ORB Long A (2c),15197.25,2,60789,351,0.58,0,351,0.58,-28,-0.05,13715.5,13.72,21
229,Exit long,2021-08-27 12:20,L-TP1,15435,2,61445,295,0.48,0,295,0.48,-80,-0.13,14010.5,14.01,40
229,Entry long,2021-08-27 09:00,ORB Long A+ (2c),15361.25,2,61445,295,0.48,0,295,0.48,-80,-0.13,14010.5,14.01,40
230,Exit long,2021-08-30 09:30,L-TP1,15585,2,62077,263,0.42,0,263,0.42,-17,-0.03,14273.5,14.27,8
230,Entry long,2021-08-30 08:50,ORB Long A (2c),15519.25,2,62077,263,0.42,0,263,0.42,-17,-0.03,14273.5,14.27,8
231,Exit long,2021-09-01 14:40,L-TP1,15620,2,62780,-300,-0.48,0,12,0.02,-300,-0.48,13973.5,13.97,71
231,Entry long,2021-09-01 08:45,ORB Long A+ (2c),15695,2,62780,-300,-0.48,0,12,0.02,-300,-0.48,13973.5,13.97,71
232,Exit long,2021-09-03 15:25,EOD Close,15654.5,2,62560,58,0.09,0,122,0.20,-142,-0.23,14031.5,14.03,78
232,Entry long,2021-09-03 08:55,ORB Long A (2c),15640,2,62560,58,0.09,0,122,0.20,-142,-0.23,14031.5,14.03,78
233,Exit short,2021-09-17 10:05,S-TP1,15323,2,61584,292,0.47,0,292,0.47,-43,-0.07,14323.5,14.32,15
233,Entry short,2021-09-17 08:50,ORB Short B (2c),15396,2,61584,292,0.47,0,292,0.47,-43,-0.07,14323.5,14.32,15
234,Exit short,2021-09-20 11:20,S-TP1,14915,2,60084,424,0.71,0,424,0.71,-126,-0.21,14747.5,14.75,24
234,Entry short,2021-09-20 09:20,ORB Short B (2c),15021,2,60084,424,0.71,0,424,0.71,-126,-0.21,14747.5,14.75,24
235,Exit short,2021-09-21 10:30,S-TP1,15090,2,60060,-300,-0.50,0,162,0.27,-300,-0.50,14447.5,14.45,17
235,Entry short,2021-09-21 09:05,ORB Short A (2c),15015,2,60060,-300,-0.50,0,162,0.27,-300,-0.50,14447.5,14.45,17
236,Exit short,2021-09-21 14:15,S-TP1,15096.5,2,60086,-300,-0.50,0,81,0.13,-300,-0.50,14147.5,14.15,22
236,Entry short,2021-09-21 12:25,ORB Short B+ (2c),15021.5,2,60086,-300,-0.50,0,81,0.13,-300,-0.50,14147.5,14.15,22
237,Exit short,2021-09-28 09:55,S-TP1,14822.5,2,59652,362,0.61,0,362,0.61,-193,-0.32,14509.5,14.51,14
237,Entry short,2021-09-28 08:45,ORB Short A (2c),14913,2,59652,362,0.61,0,362,0.61,-193,-0.32,14509.5,14.51,14
238,Exit short,2021-09-29 13:10,S-TP1,14837.75,2,59051,-300,-0.51,0,207,0.35,-300,-0.51,14209.5,14.21,31
238,Entry short,2021-09-29 10:35,ORB Short B+ (2c),14762.75,2,59051,-300,-0.51,0,207,0.35,-300,-0.51,14209.5,14.21,31
239,Exit short,2021-09-30 10:45,S-TP1,14726,2,59205,301,0.51,0,301,0.51,-157,-0.27,14510.5,14.51,11
239,Entry short,2021-09-30 09:50,ORB Short B (2c),14801.25,2,59205,301,0.51,0,301,0.51,-157,-0.27,14510.5,14.51,11
240,Exit short,2021-10-01 09:15,S-TP1,14560.75,2,58503,260,0.44,0,260,0.44,-75,-0.13,14770.5,14.77,5
240,Entry short,2021-10-01 08:50,ORB Short A (2c),14625.75,2,58503,260,0.44,0,260,0.44,-75,-0.13,14770.5,14.77,5
241,Exit short,2021-10-04 09:25,S-TP1,14513,2,58312,260,0.45,0,260,0.45,-130,-0.22,15030.5,15.03,8
241,Entry short,2021-10-04 08:45,ORB Short A (2c),14578,2,58312,260,0.45,0,260,0.45,-130,-0.22,15030.5,15.03,8
242,Exit short,2021-10-06 09:10,S-TP1,14571.25,2,57985,-300,-0.52,0,38,0.07,-300,-0.52,14730.5,14.73,2
242,Entry short,2021-10-06 09:00,ORB Short A (2c),14496.25,2,57985,-300,-0.52,0,38,0.07,-300,-0.52,14730.5,14.73,2
243,Exit short,2021-10-08 15:25,EOD Close,14795.75,2,59308,125,0.21,0,144,0.24,-196,-0.33,14855.5,14.86,69
243,Entry short,2021-10-08 09:40,ORB Short A (2c),14827,2,59308,125,0.21,0,144,0.24,-196,-0.33,14855.5,14.86,69
244,Exit long,2021-10-11 12:25,L-TP1,14772.75,2,59391,-300,-0.51,0,196,0.33,-300,-0.51,14555.5,14.56,44
244,Entry long,2021-10-11 08:45,ORB Long B (2c),14847.75,2,59391,-300,-0.51,0,196,0.33,-300,-0.51,14555.5,14.56,44
245,Exit short,2021-10-12 15:00,S-TP1,14615,2,58740,280,0.48,0,280,0.48,-191,-0.33,14835.5,14.84,75
245,Entry short,2021-10-12 08:45,ORB Short A (2c),14685,2,58740,280,0.48,0,280,0.48,-191,-0.33,14835.5,14.84,75
246,Exit short,2021-10-13 12:30,S-TP1,14753.5,2,58714,-300,-0.51,0,69,0.12,-300,-0.51,14535.5,14.54,40
246,Entry short,2021-10-13 09:10,ORB Short B (2c),14678.5,2,58714,-300,-0.51,0,69,0.12,-300,-0.51,14535.5,14.54,40
247,Exit long,2021-10-14 11:15,L-TP1,15038,2,59892,260,0.43,0,260,0.43,-30,-0.05,14795.5,14.80,27
247,Entry long,2021-10-14 09:00,ORB Long B (2c),14973,2,59892,260,0.43,0,260,0.43,-30,-0.05,14795.5,14.80,27
248,Exit long,2021-10-18 12:15,L-TP1,15235,2,60539,401,0.66,0,401,0.66,-53,-0.09,15196.5,15.20,42
248,Entry long,2021-10-18 08:45,ORB Long A+ (2c),15134.75,2,60539,401,0.66,0,401,0.66,-53,-0.09,15196.5,15.20,42
249,Exit long,2021-10-19 15:25,EOD Close,15423,2,61421,271,0.44,0,293,0.48,-175,-0.28,15467.5,15.47,79
249,Entry long,2021-10-19 08:50,ORB Long A (2c),15355.25,2,61421,271,0.44,0,293,0.48,-175,-0.28,15467.5,15.47,79
250,Exit short,2021-10-22 10:20,S-TP1,15338,2,61612,260,0.42,0,260,0.42,-243,-0.39,15727.5,15.73,19
250,Entry short,2021-10-22 08:45,ORB Short B (2c),15403,2,61612,260,0.42,0,260,0.42,-243,-0.39,15727.5,15.73,19
251,Exit long,2021-10-25 13:30,L-TP1,15535,1,30872.5,197.5,0.64,0,197.5,0.64,-4.5,-0.01,15925,15.93,31
251,Entry long,2021-10-25 10:55,ORB Long C+ (1c),15436.25,1,30872.5,197.5,0.64,0,197.5,0.64,-4.5,-0.01,15925,15.93,31
252,Exit long,2021-10-26 10:35,L-TP1,15599.5,2,62698,-300,-0.48,0,106,0.17,-300,-0.48,15625,15.63,17
252,Entry long,2021-10-26 09:10,ORB Long B (2c),15674.5,2,62698,-300,-0.48,0,106,0.17,-300,-0.48,15625,15.63,17
253,Exit long,2021-10-27 12:05,L-TP1,15694.5,2,62518,260,0.42,0,260,0.42,-270,-0.43,15885,15.89,40
253,Entry long,2021-10-27 08:45,ORB Long A+ (2c),15629.5,2,62518,260,0.42,0,260,0.42,-270,-0.43,15885,15.89,40
254,Exit long,2021-10-28 15:25,EOD Close,15716,1,31383,49,0.16,0,172.5,0.55,-71,-0.23,15934,15.93,76
254,Entry long,2021-10-28 09:05,ORB Long C+ (1c),15691.5,1,31383,49,0.16,0,172.5,0.55,-71,-0.23,15934,15.93,76
255,Exit long,2021-10-29 11:10,L-TP1,15762.75,2,62735,316,0.50,0,316,0.50,-66,-0.11,16250,16.25,28
255,Entry long,2021-10-29 08:50,ORB Long A (2c),15683.75,2,62735,316,0.50,0,316,0.50,-66,-0.11,16250,16.25,28
256,Exit short,2021-11-01 14:55,S-TP1,15879.25,2,63217,-300,-0.47,0,142,0.22,-300,-0.47,15950,15.95,74
256,Entry short,2021-11-01 08:45,ORB Short B (2c),15804.25,2,63217,-300,-0.47,0,142,0.22,-300,-0.47,15950,15.95,74
257,Exit long,2021-11-02 15:25,EOD Close,15959.75,2,63837,2,0.00,0,84,0.13,-260,-0.41,15952,15.95,80
257,Entry long,2021-11-02 08:45,ORB Long A (2c),15959.25,2,63837,2,0.00,0,84,0.13,-260,-0.41,15952,15.95,80
258,Exit long,2021-11-04 12:40,L-TP1,16335,2,64902,438,0.67,0,438,0.67,-22,-0.03,16390,16.39,47
258,Entry long,2021-11-04 08:45,ORB Long A (2c),16225.5,2,64902,438,0.67,0,438,0.67,-22,-0.03,16390,16.39,47
259,Exit short,2021-11-05 12:25,S-TP1,16318.25,1,32769,132.5,0.40,0,132.5,0.40,-24.5,-0.07,16522.5,16.52,8
259,Entry short,2021-11-05 11:45,ORB Short C (1c),16384.5,1,32769,132.5,0.40,0,132.5,0.40,-24.5,-0.07,16522.5,16.52,8
260,Exit short,2021-11-08 15:25,EOD Close,16321.25,2,65300,15,0.02,0,92,0.14,-231,-0.35,16537.5,16.54,77
260,Entry short,2021-11-08 09:00,ORB Short B (2c),16325,2,65300,15,0.02,0,92,0.14,-231,-0.35,16537.5,16.54,77
261,Exit long,2021-11-10 09:10,L-TP1,16202.75,2,64551,260,0.40,0,260,0.40,-99,-0.15,16797.5,16.80,5
261,Entry long,2021-11-10 08:45,ORB Long A (2c),16137.75,2,64551,260,0.40,0,260,0.40,-99,-0.15,16797.5,16.80,5
262,Exit long,2021-11-12 10:15,L-TP1,16172,2,64347,341,0.53,0,341,0.53,-17,-0.03,17138.5,17.14,6
262,Entry long,2021-11-12 09:45,ORB Long B (2c),16086.75,2,64347,341,0.53,0,341,0.53,-17,-0.03,17138.5,17.14,6
263,Exit long,2021-11-16 15:25,EOD Close,16299,2,65021,175,0.27,0,274,0.42,-39,-0.06,17313.5,17.31,65
263,Entry long,2021-11-16 10:00,ORB Long B+ (2c),16255.25,2,65021,175,0.27,0,274,0.42,-39,-0.06,17313.5,17.31,65
264,Exit long,2021-11-18 09:10,L-TP1,16337.25,2,65649,-300,-0.46,0,27,0.04,-300,-0.46,17013.5,17.01,5
264,Entry long,2021-11-18 08:45,ORB Long A (2c),16412.25,2,65649,-300,-0.46,0,27,0.04,-300,-0.46,17013.5,17.01,5
265,Exit long,2021-11-18 15:25,EOD Close,16489.25,2,65722,235,0.36,0,292,0.44,-95,-0.14,17248.5,17.25,59
265,Entry long,2021-11-18 10:30,ORB Long B+ (2c),16430.5,2,65722,235,0.36,0,292,0.44,-95,-0.14,17248.5,17.25,59
266,Exit long,2021-11-19 15:25,EOD Close,16580.75,2,66320,3,0.00,0,194,0.29,-185,-0.28,17251.5,17.25,80
266,Entry long,2021-11-19 08:45,ORB Long A (2c),16580,2,66320,3,0.00,0,194,0.29,-185,-0.28,17251.5,17.25,80
267,Exit long,2021-11-22 10:05,L-TP1,16655,2,66920,-300,-0.45,0,150,0.22,-300,-0.45,16951.5,16.95,16
267,Entry long,2021-11-22 08:45,ORB Long A (2c),16730,2,66920,-300,-0.45,0,150,0.22,-300,-0.45,16951.5,16.95,16
268,Exit long,2021-11-23 09:05,L-TP1,16328,2,65612,-300,-0.46,0,63,0.10,-300,-0.46,16651.5,16.65,4
268,Entry long,2021-11-23 08:45,ORB Long B+ (2c),16403,2,65612,-300,-0.46,0,63,0.10,-300,-0.46,16651.5,16.65,4
269,Exit long,2021-11-24 10:15,L-TP1,16290,2,64900,260,0.40,0,260,0.40,-272,-0.42,16911.5,16.91,15
269,Entry long,2021-11-24 09:00,ORB Long B+ (2c),16225,2,64900,260,0.40,0,260,0.40,-272,-0.42,16911.5,16.91,15
270,Exit long,2021-11-29 11:20,L-TP1,16385,2,65192,348,0.53,0,348,0.53,-288,-0.44,17259.5,17.26,29
270,Entry long,2021-11-29 08:55,ORB Long A+ (2c),16298,2,65192,348,0.53,0,348,0.53,-288,-0.44,17259.5,17.26,29
271,Exit long,2021-11-30 09:45,L-TP1,16314.5,2,65558,-300,-0.46,0,268,0.41,-300,-0.46,16959.5,16.96,11
271,Entry long,2021-11-30 08:50,ORB Long A (2c),16389.5,2,65558,-300,-0.46,0,268,0.41,-300,-0.46,16959.5,16.96,11
272,Exit long,2021-12-01 09:40,L-TP1,16296.5,2,65486,-300,-0.46,0,24,0.04,-300,-0.46,16659.5,16.66,7
272,Entry long,2021-12-01 09:05,ORB Long B+ (2c),16371.5,2,65486,-300,-0.46,0,24,0.04,-300,-0.46,16659.5,16.66,7
273,Exit long,2021-12-01 10:15,L-TP1,16421.75,2,65427,260,0.40,0,260,0.40,-39,-0.06,16919.5,16.92,6
273,Entry long,2021-12-01 09:45,ORB Long B (2c),16356.75,2,65427,260,0.40,0,260,0.40,-39,-0.06,16919.5,16.92,6
274,Exit long,2021-12-01 11:50,L-TP1,16287.75,2,65451,-300,-0.46,0,51,0.08,-300,-0.46,16619.5,16.62,10
274,Entry long,2021-12-01 11:00,ORB Long B+ (2c),16362.75,2,65451,-300,-0.46,0,51,0.08,-300,-0.46,16619.5,16.62,10
275,Exit short,2021-12-03 08:50,S-TP1,15841.5,2,63668,302,0.47,0,302,0.47,-110,-0.17,16921.5,16.92,1
275,Entry short,2021-12-03 08:45,ORB Short A (2c),15917,2,63668,302,0.47,0,302,0.47,-110,-0.17,16921.5,16.92,1
276,Exit long,2021-12-08 15:25,EOD Close,16383.5,2,65342,192,0.29,0,248,0.38,-94,-0.14,17113.5,17.11,45
276,Entry long,2021-12-08 11:40,ORB Long B (2c),16335.5,2,65342,192,0.29,0,248,0.38,-94,-0.14,17113.5,17.11,45
277,Exit short,2021-12-13 09:40,S-TP1,16183.5,1,32520.5,153.5,0.47,0,153.5,0.47,-103.5,-0.32,17267,17.27,10
277,Entry short,2021-12-13 08:50,ORB Short B (1c),16260.25,1,32520.5,153.5,0.47,0,153.5,0.47,-103.5,-0.32,17267,17.27,10
278,Exit short,2021-12-15 11:15,S-TP1,15749.5,1,31662.5,163.5,0.52,0,163.5,0.52,-157.5,-0.50,17430.5,17.43,30
278,Entry short,2021-12-15 08:45,ORB Short A (1c),15831.25,1,31662.5,163.5,0.52,0,163.5,0.52,-157.5,-0.50,17430.5,17.43,30
279,Exit short,2021-12-20 13:15,S-TP1,15612.25,1,31036,-188.5,-0.61,0,52.5,0.17,-188.5,-0.61,17242,17.24,39
279,Entry short,2021-12-20 10:00,ORB Short B+ (1c),15518,1,31036,-188.5,-0.61,0,52.5,0.17,-188.5,-0.61,17242,17.24,39
280,Exit short,2021-12-21 10:40,S-TP1,15778.75,1,31370,-187.5,-0.60,0,159.5,0.51,-187.5,-0.60,17054.5,17.05,23
280,Entry short,2021-12-21 08:45,ORB Short A (1c),15685,1,31370,-187.5,-0.60,0,159.5,0.51,-187.5,-0.60,17054.5,17.05,23
281,Exit long,2021-12-27 10:10,L-TP1,16535,1,32915,155,0.47,0,155,0.47,-12.5,-0.04,17209.5,17.21,14
281,Entry long,2021-12-27 09:00,ORB Long A (1c),16457.5,1,32915,155,0.47,0,155,0.47,-12.5,-0.04,17209.5,17.21,14
282,Exit short,2021-12-28 15:25,EOD Close,16521,2,66080,-4,-0.01,0,267,0.40,-259,-0.39,17205.5,17.21,76
282,Entry short,2021-12-28 09:05,ORB Short B (2c),16520,2,66080,-4,-0.01,0,267,0.40,-259,-0.39,17205.5,17.21,76
283,Exit long,2021-12-30 14:40,L-TP1,16461,2,66153,-309,-0.47,0,117,0.18,-309,-0.47,16896.5,16.90,67
283,Entry long,2021-12-30 09:05,ORB Long A (2c),16538.25,2,66153,-309,-0.47,0,117,0.18,-309,-0.47,16896.5,16.90,67
284,Exit short,2022-01-06 09:15,S-TP1,15716.25,2,62565,-300,-0.48,0,171,0.27,-300,-0.48,16596.5,16.60,3
284,Entry short,2022-01-06 09:00,ORB Short B (2c),15641.25,2,62565,-300,-0.48,0,171,0.27,-300,-0.48,16596.5,16.60,3
285,Exit short,2022-01-07 09:45,S-TP1,15565,2,62628,368,0.59,0,368,0.59,-122,-0.19,16964.5,16.96,5
285,Entry short,2022-01-07 09:20,ORB Short B+ (2c),15657,2,62628,368,0.59,0,368,0.59,-122,-0.19,16964.5,16.96,5
286,Exit short,2022-01-10 09:10,S-TP1,15215,2,61156,296,0.48,0,296,0.48,-16,-0.03,17260.5,17.26,4
286,Entry short,2022-01-10 08:50,ORB Short A+ (2c),15289,2,61156,296,0.48,0,296,0.48,-16,-0.03,17260.5,17.26,4
287,Exit short,2022-01-10 11:20,S-TP1,15213,2,61112,260,0.43,0,260,0.43,-106,-0.17,17520.5,17.52,9
287,Entry short,2022-01-10 10:35,ORB Short A (2c),15278,2,61112,260,0.43,0,260,0.43,-106,-0.17,17520.5,17.52,9
288,Exit short,2022-01-10 12:20,S-TP1,15352.5,2,61110,-300,-0.49,0,39,0.06,-300,-0.49,17220.5,17.22,5
288,Entry short,2022-01-10 11:55,ORB Short A (2c),15277.5,2,61110,-300,-0.49,0,39,0.06,-300,-0.49,17220.5,17.22,5
289,Exit short,2022-01-12 10:05,S-TP1,15821,2,63544,260,0.41,0,260,0.41,-83,-0.13,17480.5,17.48,6
289,Entry short,2022-01-12 09:35,ORB Short B (2c),15886,2,63544,260,0.41,0,260,0.41,-83,-0.13,17480.5,17.48,6
290,Exit short,2022-01-12 15:25,EOD Close,15912.5,2,63572,-78,-0.12,0,146,0.23,-240,-0.38,17402.5,17.40,57
290,Entry short,2022-01-12 10:40,ORB Short B (2c),15893,2,63572,-78,-0.12,0,146,0.23,-240,-0.38,17402.5,17.40,57
291,Exit short,2022-01-13 09:15,S-TP1,15835,2,63626,286,0.45,0,286,0.45,-33,-0.05,17688.5,17.69,3
291,Entry short,2022-01-13 09:00,ORB Short B (2c),15906.5,2,63626,286,0.45,0,286,0.45,-33,-0.05,17688.5,17.69,3
292,Exit short,2022-01-18 10:50,S-TP1,15341.25,2,61065,-300,-0.49,0,13,0.02,-300,-0.49,17388.5,17.39,4
292,Entry short,2022-01-18 10:30,ORB Short B+ (2c),15266.25,2,61065,-300,-0.49,0,13,0.02,-300,-0.49,17388.5,17.39,4
293,Exit short,2022-01-18 15:25,EOD Close,15225.75,2,61080,177,0.29,0,397,0.65,-237,-0.39,17565.5,17.57,46
293,Entry short,2022-01-18 11:35,ORB Short B+ (2c),15270,2,61080,177,0.29,0,397,0.65,-237,-0.39,17565.5,17.57,46
294,Exit long,2022-01-19 09:30,L-TP1,15265.25,2,61372,-311,-0.51,0,117,0.19,-311,-0.51,17254.5,17.25,8
294,Entry long,2022-01-19 08:50,ORB Long B (2c),15343,2,61372,-311,-0.51,0,117,0.19,-311,-0.51,17254.5,17.25,8
295,Exit short,2022-01-19 10:10,S-TP1,15143.5,2,60854,280,0.46,0,280,0.46,-54,-0.09,17534.5,17.53,7
295,Entry short,2022-01-19 09:35,ORB Short A (2c),15213.5,2,60854,280,0.46,0,280,0.46,-54,-0.09,17534.5,17.53,7
296,Exit short,2022-01-21 09:20,S-TP1,14565,1,29314.5,184.5,0.63,0,184.5,0.63,-59,-0.20,17719,17.72,6
296,Entry short,2022-01-21 08:50,ORB Short A (1c),14657.25,1,29314.5,184.5,0.63,0,184.5,0.63,-59,-0.20,17719,17.72,6
297,Exit short,2022-01-21 13:25,S-TP1,14565,1,29320,190,0.65,0,190,0.65,-165.5,-0.56,17909,17.91,31
297,Entry short,2022-01-21 10:50,ORB Short B+ (1c),14660,1,29320,190,0.65,0,190,0.65,-165.5,-0.56,17909,17.91,31
298,Exit short,2022-01-24 09:10,S-TP1,14012,1,28193,169,0.60,0,169,0.60,-143.5,-0.51,18078,18.08,3
298,Entry short,2022-01-24 08:55,ORB Short A (1c),14096.5,1,28193,169,0.60,0,169,0.60,-143.5,-0.51,18078,18.08,3
299,Exit short,2022-01-24 10:05,S-TP1,14015,1,28219.5,189.5,0.67,0,189.5,0.67,-74.5,-0.26,18267.5,18.27,6
299,Entry short,2022-01-24 09:35,ORB Short B (1c),14109.75,1,28219.5,189.5,0.67,0,189.5,0.67,-74.5,-0.26,18267.5,18.27,6
300,Exit short,2022-01-25 10:15,S-TP1,14065,1,28367.5,237.5,0.84,0,237.5,0.84,-118.5,-0.42,18505,18.51,9
300,Entry short,2022-01-25 09:30,ORB Short A (1c),14183.75,1,28367.5,237.5,0.84,0,237.5,0.84,-118.5,-0.42,18505,18.51,9
301,Exit short,2022-01-26 10:20,S-TP1,14456,1,28695,-217,-0.76,0,43.5,0.15,-217,-0.76,18288,18.29,8
301,Entry short,2022-01-26 09:40,ORB Short B (1c),14347.5,1,28695,-217,-0.76,0,43.5,0.15,-217,-0.76,18288,18.29,8
302,Exit short,2022-02-01 10:00,S-TP1,14878,1,29514.5,-241.5,-0.82,0,56,0.19,-241.5,-0.82,18046.5,18.05,12
302,Entry short,2022-02-01 09:00,ORB Short A+ (1c),14757.25,1,29514.5,-241.5,-0.82,0,56,0.19,-241.5,-0.82,18046.5,18.05,12
303,Exit short,2022-02-03 14:45,S-TP1,14515,1,29333,303,1.03,0,303,1.03,-92,-0.31,18349.5,18.35,46
303,Entry short,2022-02-03 10:55,ORB Short B+ (1c),14666.5,1,29333,303,1.03,0,303,1.03,-92,-0.31,18349.5,18.35,46
304,Exit short,2022-02-07 14:55,S-TP1,14515,1,29319,289,0.99,0,289,0.99,-135,-0.46,18638.5,18.64,55
304,Entry short,2022-02-07 10:20,ORB Short B (1c),14659.5,1,29319,289,0.99,0,289,0.99,-135,-0.46,18638.5,18.64,55
305,Exit short,2022-02-08 09:45,S-TP1,14589.25,1,28959,-219.5,-0.76,0,23.5,0.08,-219.5,-0.76,18419,18.42,9
305,Entry short,2022-02-08 09:00,ORB Short A (1c),14479.5,1,28959,-219.5,-0.76,0,23.5,0.08,-219.5,-0.76,18419,18.42,9
306,Exit short,2022-02-11 10:40,S-TP1,14526.25,1,29278,225.5,0.77,0,225.5,0.77,-171.5,-0.59,18644.5,18.64,21
306,Entry short,2022-02-11 08:55,ORB Short A+ (1c),14639,1,29278,225.5,0.77,0,225.5,0.77,-171.5,-0.59,18644.5,18.64,21
307,Exit short,2022-02-15 12:55,S-TP1,14543.75,1,28866,-221.5,-0.77,0,4.5,0.02,-221.5,-0.77,18423,18.42,14
307,Entry short,2022-02-15 11:45,ORB Short B+ (1c),14433,1,28866,-221.5,-0.77,0,4.5,0.02,-221.5,-0.77,18423,18.42,14
308,Exit short,2022-02-16 13:00,S-TP1,14504.5,1,28798,-211,-0.73,0,28,0.10,-211,-0.73,18212,18.21,50
308,Entry short,2022-02-16 08:50,ORB Short A (1c),14399,1,28798,-211,-0.73,0,28,0.10,-211,-0.73,18212,18.21,50
309,Exit short,2022-02-17 11:10,S-TP1,14315,1,28860,230,0.80,0,230,0.80,-3,-0.01,18442,18.44,29
309,Entry short,2022-02-17 08:45,ORB Short B (1c),14430,1,28860,230,0.80,0,230,0.80,-3,-0.01,18442,18.44,29
310,Exit short,2022-02-18 10:55,S-TP1,13965,1,28132,202,0.72,0,202,0.72,-20,-0.07,18644,18.64,17
310,Entry short,2022-02-18 09:30,ORB Short B (1c),14066,1,28132,202,0.72,0,202,0.72,-20,-0.07,18644,18.64,17
311,Exit short,2022-02-21 11:45,EOD Close (Early/Half-Day),13752.25,1,27604,99.5,0.36,0,107.5,0.39,-48.5,-0.18,18743.5,18.74,24
311,Entry short,2022-02-21 09:45,ORB Short B+ (1c),13802,1,27604,99.5,0.36,0,107.5,0.39,-48.5,-0.18,18743.5,18.74,24
312,Exit short,2022-02-22 12:50,S-TP1,13765,1,27706,176,0.64,0,176,0.64,-110.5,-0.40,18919.5,18.92,24
312,Entry short,2022-02-22 10:50,ORB Short B+ (1c),13853,1,27706,176,0.64,0,176,0.64,-110.5,-0.40,18919.5,18.92,24
313,Exit short,2022-02-23 09:30,S-TP1,13789.5,1,27793.5,214.5,0.77,0,214.5,0.77,-59,-0.21,19134,19.13,8
313,Entry short,2022-02-23 08:50,ORB Short A+ (1c),13896.75,1,27793.5,214.5,0.77,0,214.5,0.77,-59,-0.21,19134,19.13,8
314,Exit short,2022-02-25 09:20,S-TP1,13973.75,1,27735,-212.5,-0.77,0,71,0.26,-212.5,-0.77,18921.5,18.92,5
314,Entry short,2022-02-25 08:55,ORB Short A (1c),13867.5,1,27735,-212.5,-0.77,0,71,0.26,-212.5,-0.77,18921.5,18.92,5
315,Exit short,2022-03-01 11:05,S-TP1,14015,1,28303,273,0.96,0,273,0.96,-119,-0.42,19194.5,19.19,14
315,Entry short,2022-03-01 09:55,ORB Short B (1c),14151.5,1,28303,273,0.96,0,273,0.96,-119,-0.42,19194.5,19.19,14
316,Exit short,2022-03-02 09:25,S-TP1,14103.75,1,27981.5,-226,-0.81,0,80,0.29,-226,-0.81,18968.5,18.97,4
316,Entry short,2022-03-02 09:05,ORB Short B+ (1c),13990.75,1,27981.5,-226,-0.81,0,80,0.29,-226,-0.81,18968.5,18.97,4
317,Exit short,2022-03-03 09:35,S-TP1,14115,1,28486,256,0.90,0,256,0.90,-92.5,-0.32,19224.5,19.22,10
317,Entry short,2022-03-03 08:45,ORB Short B+ (1c),14243,1,28486,256,0.90,0,256,0.90,-92.5,-0.32,19224.5,19.22,10
318,Exit short,2022-03-04 15:25,EOD Close,13808,1,27687,71,0.26,0,220,0.79,-215,-0.78,19295.5,19.30,80
318,Entry short,2022-03-04 08:45,ORB Short A (1c),13843.5,1,27687,71,0.26,0,220,0.79,-215,-0.78,19295.5,19.30,80
319,Exit short,2022-03-08 09:50,S-TP1,13297,1,26366,-228,-0.86,0,118,0.45,-228,-0.86,19067.5,19.07,10
319,Entry short,2022-03-08 09:00,ORB Short A (1c),13183,1,26366,-228,-0.86,0,118,0.45,-228,-0.86,19067.5,19.07,10
320,Exit short,2022-03-08 11:05,S-TP1,13323,1,26418,-228,-0.86,0,180,0.68,-228,-0.86,18839.5,18.84,9
320,Entry short,2022-03-08 10:20,ORB Short B+ (1c),13209,1,26418,-228,-0.86,0,180,0.68,-228,-0.86,18839.5,18.84,9
321,Exit short,2022-03-10 13:00,S-TP1,13597.75,1,26950.5,-245,-0.91,0,158,0.59,-245,-0.91,18594.5,18.59,42
321,Entry short,2022-03-10 09:30,ORB Short B (1c),13475.25,1,26950.5,-245,-0.91,0,158,0.59,-245,-0.91,18594.5,18.59,42
322,Exit short,2022-03-11 10:25,S-TP1,13477.25,1,27203.5,249,0.92,0,249,0.92,-11,-0.04,18843.5,18.84,19
322,Entry short,2022-03-11 08:50,ORB Short A+ (1c),13601.75,1,27203.5,249,0.92,0,249,0.92,-11,-0.04,18843.5,18.84,19
323,Exit short,2022-03-14 12:30,S-TP1,13040.75,1,26401,319.5,1.21,0,319.5,1.21,-6,-0.02,19163,19.16,22
323,Entry short,2022-03-14 10:40,ORB Short A (1c),13200.5,1,26401,319.5,1.21,0,319.5,1.21,-6,-0.02,19163,19.16,22
324,Exit long,2022-03-15 10:10,L-TP1,13332.5,1,26433.5,231.5,0.88,0,231.5,0.88,-112,-0.42,19394.5,19.39,14
324,Entry long,2022-03-15 09:00,ORB Long B (1c),13216.75,1,26433.5,231.5,0.88,0,231.5,0.88,-112,-0.42,19394.5,19.39,14
325,Exit long,2022-03-17 09:10,L-TP1,14010.75,1,27829,192.5,0.69,0,192.5,0.69,-2.5,-0.01,19587,19.59,4
325,Entry long,2022-03-17 08:50,ORB Long B (1c),13914.5,1,27829,192.5,0.69,0,192.5,0.69,-2.5,-0.01,19587,19.59,4
326,Exit long,2022-03-17 12:25,L-TP1,14010.75,2,55685,358,0.64,0,358,0.64,-69,-0.12,19945,19.95,19
326,Entry long,2022-03-17 10:50,ORB Long B (2c),13921.25,2,55685,358,0.64,0,358,0.64,-69,-0.12,19945,19.95,19
327,Exit long,2022-03-18 09:10,L-TP1,14235,1,28214,256,0.91,0,256,0.91,-31,-0.11,20201,20.20,5
327,Entry long,2022-03-18 08:45,ORB Long B (1c),14107,1,28214,256,0.91,0,256,0.91,-31,-0.11,20201,20.20,5
328,Exit short,2022-03-21 12:15,S-TP1,14215,1,28653.5,223.5,0.78,0,223.5,0.78,-44,-0.15,20424.5,20.42,9
328,Entry short,2022-03-21 11:30,ORB Short B (1c),14326.75,1,28653.5,223.5,0.78,0,223.5,0.78,-44,-0.15,20424.5,20.42,9
329,Exit long,2022-03-22 09:45,L-TP1,14635,1,29061.5,208.5,0.72,0,208.5,0.72,-24.5,-0.08,20633,20.63,9
329,Entry long,2022-03-22 09:00,ORB Long A (1c),14530.75,1,29061.5,208.5,0.72,0,208.5,0.72,-24.5,-0.08,20633,20.63,9
330,Exit long,2022-03-23 11:00,L-TP1,14661,1,29127,195,0.67,0,195,0.67,-71.5,-0.25,20828,20.83,22
330,Entry long,2022-03-23 09:10,ORB Long B+ (1c),14563.5,1,29127,195,0.67,0,195,0.67,-71.5,-0.25,20828,20.83,22
331,Exit long,2022-03-24 10:40,L-TP1,14661,1,29126.5,195.5,0.67,0,195.5,0.67,-26,-0.09,21023.5,21.02,6
331,Entry long,2022-03-24 10:10,ORB Long B+ (1c),14563.25,1,29126.5,195.5,0.67,0,195.5,0.67,-26,-0.09,21023.5,21.02,6
332,Exit long,2022-03-25 10:05,L-TP1,14693.5,1,29585.5,-198.5,-0.67,0,29.5,0.10,-198.5,-0.67,20825,20.83,5
332,Entry long,2022-03-25 09:40,ORB Long B (1c),14792.75,1,29585.5,-198.5,-0.67,0,29.5,0.10,-198.5,-0.67,20825,20.83,5
333,Exit long,2022-03-28 09:20,L-TP1,14788.25,1,29776,-199.5,-0.67,0,5,0.02,-199.5,-0.67,20625.5,20.63,5
333,Entry long,2022-03-28 08:55,ORB Long A (1c),14888,1,29776,-199.5,-0.67,0,5,0.02,-199.5,-0.67,20625.5,20.63,5
334,Exit long,2022-03-30 10:05,L-TP1,15126.5,2,60811,-305,-0.50,0,129,0.21,-305,-0.50,20320.5,20.32,16
334,Entry long,2022-03-30 08:45,ORB Long B+ (2c),15202.75,2,60811,-305,-0.50,0,129,0.21,-305,-0.50,20320.5,20.32,16
335,Exit long,2022-04-04 10:00,L-TP1,15085,2,60020,320,0.53,0,320,0.53,0,0.00,20640.5,20.64,15
335,Entry long,2022-04-04 08:45,ORB Long B+ (2c),15005,2,60020,320,0.53,0,320,0.53,0,0.00,20640.5,20.64,15
336,Exit short,2022-04-11 14:35,S-TP1,14013.75,2,56319,264,0.47,0,264,0.47,-207,-0.37,20904.5,20.90,62
336,Entry short,2022-04-11 09:25,ORB Short B (2c),14079.75,2,56319,264,0.47,0,264,0.47,-207,-0.37,20904.5,20.90,62
337,Exit short,2022-04-12 10:25,S-TP1,14183.75,2,56432,-303,-0.54,0,100,0.18,-303,-0.54,20601.5,20.60,8
337,Entry short,2022-04-12 09:45,ORB Short B+ (2c),14108,2,56432,-303,-0.54,0,100,0.18,-303,-0.54,20601.5,20.60,8
338,Exit short,2022-04-12 12:40,S-TP1,14046,2,56447,263,0.47,0,263,0.47,-184,-0.33,20864.5,20.86,18
338,Entry short,2022-04-12 11:10,ORB Short B+ (2c),14111.75,2,56447,263,0.47,0,263,0.47,-184,-0.33,20864.5,20.86,18
339,Exit long,2022-04-13 10:00,L-TP1,14135,2,56189,351,0.62,0,351,0.62,-215,-0.38,21215.5,21.22,15
339,Entry long,2022-04-13 08:45,ORB Long B (2c),14047.25,2,56189,351,0.62,0,351,0.62,-215,-0.38,21215.5,21.22,15
340,Exit short,2022-04-14 09:05,S-TP1,14046.75,2,56462,275,0.49,0,275,0.49,-102,-0.18,21490.5,21.49,3
340,Entry short,2022-04-14 08:50,ORB Short A (2c),14115.5,2,56462,275,0.49,0,275,0.49,-102,-0.18,21490.5,21.49,3
341,Exit short,2022-04-18 12:30,S-TP1,13922.5,2,55365,-325,-0.59,0,221,0.40,-325,-0.59,21165.5,21.17,21
341,Entry short,2022-04-18 10:45,ORB Short B+ (2c),13841.25,2,55365,-325,-0.59,0,221,0.40,-325,-0.59,21165.5,21.17,21
342,Exit long,2022-04-19 08:55,L-TP1,14004.5,2,55723,295,0.53,0,295,0.53,-82,-0.15,21460.5,21.46,2
342,Entry long,2022-04-19 08:45,ORB Long B (2c),13930.75,2,55723,295,0.53,0,295,0.53,-82,-0.15,21460.5,21.46,2
343,Exit short,2022-04-20 11:05,S-TP1,14015,2,56475,415,0.73,0,415,0.73,-120,-0.21,21875.5,21.88,28
343,Entry short,2022-04-20 08:45,ORB Short A (2c),14118.75,2,56475,415,0.73,0,415,0.73,-120,-0.21,21875.5,21.88,28
344,Exit short,2022-04-21 09:50,S-TP1,14069.5,2,56591,313,0.55,0,313,0.55,-179,-0.32,22188.5,22.19,8
344,Entry short,2022-04-21 09:10,ORB Short A (2c),14147.75,2,56591,313,0.55,0,313,0.55,-179,-0.32,22188.5,22.19,8
345,Exit short,2022-04-22 10:55,S-TP1,13515,1,27214.5,184.5,0.68,0,184.5,0.68,-130.5,-0.48,22373,22.37,19
345,Entry short,2022-04-22 09:20,ORB Short B (1c),13607.25,1,27214.5,184.5,0.68,0,184.5,0.68,-130.5,-0.48,22373,22.37,19
346,Exit short,2022-04-25 09:10,S-TP1,13342.25,1,26500.5,-184,-0.69,0,10,0.04,-184,-0.69,22189,22.19,3
346,Entry short,2022-04-25 08:55,ORB Short A (1c),13250.25,1,26500.5,-184,-0.69,0,10,0.04,-184,-0.69,22189,22.19,3
347,Exit short,2022-04-25 11:10,S-TP1,13337.75,1,26491.5,-184,-0.69,0,10.5,0.04,-184,-0.69,22005,22.01,5
347,Entry short,2022-04-25 10:45,ORB Short B+ (1c),13245.75,1,26491.5,-184,-0.69,0,10.5,0.04,-184,-0.69,22005,22.01,5
348,Exit short,2022-04-26 09:00,S-TP1,13215,1,26624.5,194.5,0.73,0,194.5,0.73,-21.5,-0.08,22199.5,22.20,3
348,Entry short,2022-04-26 08:45,ORB Short A+ (1c),13312.25,1,26624.5,194.5,0.73,0,194.5,0.73,-21.5,-0.08,22199.5,22.20,3
349,Exit short,2022-04-27 09:45,S-TP1,13103.5,1,26011,-196,-0.75,0,150,0.58,-196,-0.75,22003.5,22.00,7
349,Entry short,2022-04-27 09:10,ORB Short B+ (1c),13005.5,1,26011,-196,-0.75,0,150,0.58,-196,-0.75,22003.5,22.00,7
350,Exit short,2022-04-28 09:20,S-TP1,13186.5,1,26179.5,-193.5,-0.74,0,35.5,0.14,-193.5,-0.74,21810,21.81,4
350,Entry short,2022-04-28 09:00,ORB Short A+ (1c),13089.75,1,26179.5,-193.5,-0.74,0,35.5,0.14,-193.5,-0.74,21810,21.81,4
351,Exit short,2022-04-29 11:00,S-TP1,13131,1,26442.5,180.5,0.68,0,180.5,0.68,-72,-0.27,21990.5,21.99,17
351,Entry short,2022-04-29 09:35,ORB Short A (1c),13221.25,1,26442.5,180.5,0.68,0,180.5,0.68,-72,-0.27,21990.5,21.99,17
352,Exit short,2022-05-04 09:15,S-TP1,12956,1,26085,173,0.66,0,173,0.66,-28,-0.11,22163.5,22.16,5
352,Entry short,2022-05-04 08:50,ORB Short B (1c),13042.5,1,26085,173,0.66,0,173,0.66,-28,-0.11,22163.5,22.16,5
353,Exit short,2022-05-05 09:00,S-TP1,13124.25,1,26442.5,194,0.73,0,194,0.73,-17.5,-0.07,22357.5,22.36,3
353,Entry short,2022-05-05 08:45,ORB Short B+ (1c),13221.25,1,26442.5,194,0.73,0,194,0.73,-17.5,-0.07,22357.5,22.36,3
354,Exit short,2022-05-06 09:05,S-TP1,12656.25,1,25084.5,-228,-0.91,0,46,0.18,-228,-0.91,22129.5,22.13,3
354,Entry short,2022-05-06 08:50,ORB Short A (1c),12542.25,1,25084.5,-228,-0.91,0,46,0.18,-228,-0.91,22129.5,22.13,3
355,Exit short,2022-05-09 10:30,S-TP1,12265,1,24745.5,215.5,0.87,0,215.5,0.87,-145,-0.59,22345,22.35,17
355,Entry short,2022-05-09 09:05,ORB Short B (1c),12372.75,1,24745.5,215.5,0.87,0,215.5,0.87,-145,-0.59,22345,22.35,17
356,Exit short,2022-05-10 09:00,S-TP1,12467.25,1,24697,-237.5,-0.96,0,10.5,0.04,-237.5,-0.96,22107.5,22.11,3
356,Entry short,2022-05-10 08:45,ORB Short A (1c),12348.5,1,24697,-237.5,-0.96,0,10.5,0.04,-237.5,-0.96,22107.5,22.11,3
357,Exit short,2022-05-10 09:50,S-TP1,12261.25,1,24740,217.5,0.88,0,217.5,0.88,-4,-0.02,22325,22.33,3
357,Entry short,2022-05-10 09:35,ORB Short B (1c),12370,1,24740,217.5,0.88,0,217.5,0.88,-4,-0.02,22325,22.33,3
358,Exit short,2022-05-11 12:55,S-TP1,12015,1,24271.5,241.5,0.99,0,241.5,0.99,-14.5,-0.06,22566.5,22.57,12
358,Entry short,2022-05-11 11:55,ORB Short B+ (1c),12135.75,1,24271.5,241.5,0.99,0,241.5,0.99,-14.5,-0.06,22566.5,22.57,12
359,Exit short,2022-05-16 09:15,S-TP1,12353,1,24460.5,-245.5,-1.00,0,54,0.22,-245.5,-1.00,22321,22.32,6
359,Entry short,2022-05-16 08:45,ORB Short B+ (1c),12230.25,1,24460.5,-245.5,-1.00,0,54,0.22,-245.5,-1.00,22321,22.32,6
360,Exit short,2022-05-16 10:55,S-TP1,12330.75,1,24416,-245.5,-1.01,0,36.5,0.15,-245.5,-1.01,22075.5,22.08,12
360,Entry short,2022-05-16 09:55,ORB Short B (1c),12208,1,24416,-245.5,-1.01,0,36.5,0.15,-245.5,-1.01,22075.5,22.08,12
361,Exit short,2022-05-17 09:45,S-TP1,12334.25,1,24860.5,192,0.77,0,192,0.77,-74,-0.30,22267.5,22.27,8
361,Entry short,2022-05-17 09:05,ORB Short B (1c),12430.25,1,24860.5,192,0.77,0,192,0.77,-74,-0.30,22267.5,22.27,8
362,Exit short,2022-05-18 10:25,S-TP1,12165,1,24597.5,267.5,1.09,0,267.5,1.09,-123.5,-0.50,22535,22.54,18
362,Entry short,2022-05-18 08:55,ORB Short B+ (1c),12298.75,1,24597.5,267.5,1.09,0,267.5,1.09,-123.5,-0.50,22535,22.54,18
363,Exit short,2022-05-19 12:55,S-TP1,11978.5,1,23722,-235,-0.99,0,10,0.04,-235,-0.99,22300,22.30,2
363,Entry short,2022-05-19 12:45,ORB Short A (1c),11861,1,23722,-235,-0.99,0,10,0.04,-235,-0.99,22300,22.30,2
364,Exit short,2022-05-20 09:55,S-TP1,11798.75,1,23812,214.5,0.90,0,214.5,0.90,-95,-0.40,22514.5,22.51,10
364,Entry short,2022-05-20 09:05,ORB Short A+ (1c),11906,1,23812,214.5,0.90,0,214.5,0.90,-95,-0.40,22514.5,22.51,10
365,Exit short,2022-05-23 09:30,S-TP1,11921.75,1,23609.5,-234,-0.99,0,33.5,0.14,-234,-0.99,22280.5,22.28,6
365,Entry short,2022-05-23 09:00,ORB Short A (1c),11804.75,1,23609.5,-234,-0.99,0,33.5,0.14,-234,-0.99,22280.5,22.28,6
366,Exit short,2022-05-24 09:10,S-TP1,11606.75,1,23430,216.5,0.92,0,216.5,0.92,-79,-0.34,22497,22.50,5
366,Entry short,2022-05-24 08:45,ORB Short A+ (1c),11715,1,23430,216.5,0.92,0,216.5,0.92,-79,-0.34,22497,22.50,5
367,Exit long,2022-05-31 15:25,EOD Close,12656,1,25396,-84,-0.33,0,140.5,0.55,-192.5,-0.76,22413,22.41,55
367,Entry long,2022-05-31 10:50,ORB Long C (1c),12698,1,25396,-84,-0.33,0,140.5,0.55,-192.5,-0.76,22413,22.41,55
368,Exit long,2022-06-01 09:05,L-TP1,12708.5,1,25630,-213,-0.83,0,16.5,0.06,-213,-0.83,22200,22.20,3
368,Entry long,2022-06-01 08:50,ORB Long A (1c),12815,1,25630,-213,-0.83,0,16.5,0.06,-213,-0.83,22200,22.20,3
369,Exit long,2022-06-02 10:10,L-TP1,12685,1,25136,234,0.93,0,234,0.93,-159,-0.63,22434,22.43,17
369,Entry long,2022-06-02 08:45,ORB Long A+ (1c),12568,1,25136,234,0.93,0,234,0.93,-159,-0.63,22434,22.43,17
370,Exit short,2022-06-03 15:25,EOD Close,12555,1,25161,51,0.20,0,155,0.62,-132.5,-0.53,22485,22.49,70
370,Entry short,2022-06-03 09:35,ORB Short C+ (1c),12580.5,1,25161,51,0.20,0,155,0.62,-132.5,-0.53,22485,22.49,70
371,Exit long,2022-06-06 10:10,L-TP1,12688,1,25578.5,-202.5,-0.79,0,42.5,0.17,-202.5,-0.79,22282.5,22.28,14
371,Entry long,2022-06-06 09:00,ORB Long A (1c),12789.25,1,25578.5,-202.5,-0.79,0,42.5,0.17,-202.5,-0.79,22282.5,22.28,14
372,Exit long,2022-06-08 11:30,L-TP1,12654.5,1,25510,-201,-0.79,0,57,0.22,-201,-0.79,22081.5,22.08,33
372,Entry long,2022-06-08 08:45,ORB Long A+ (1c),12755,1,25510,-201,-0.79,0,57,0.22,-201,-0.79,22081.5,22.08,33
373,Exit short,2022-06-08 15:25,EOD Close,12619,1,25254,16,0.06,0,96,0.38,-62.5,-0.25,22097.5,22.10,46
373,Entry short,2022-06-08 11:35,ORB Short C (1c),12627,1,25254,16,0.06,0,96,0.38,-62.5,-0.25,22097.5,22.10,46
374,Exit long,2022-06-09 10:05,L-TP1,12540,1,25263.5,-183.5,-0.73,0,83,0.33,-183.5,-0.73,21914,21.91,15
374,Entry long,2022-06-09 08:50,ORB Long A+ (1c),12631.75,1,25263.5,-183.5,-0.73,0,83,0.33,-183.5,-0.73,21914,21.91,15
375,Exit short,2022-06-10 09:20,S-TP1,11865,1,23935,205,0.86,0,205,0.86,-22.5,-0.09,22119,22.12,6
375,Entry short,2022-06-10 08:50,ORB Short B+ (1c),11967.5,1,23935,205,0.86,0,205,0.86,-22.5,-0.09,22119,22.12,6
376,Exit short,2022-06-13 14:15,S-TP1,11315,1,22883,253,1.11,0,253,1.11,-176,-0.77,22372,22.37,61
376,Entry short,2022-06-13 09:10,ORB Short A+ (1c),11441.5,1,22883,253,1.11,0,253,1.11,-176,-0.77,22372,22.37,61
377,Exit short,2022-06-14 10:55,S-TP1,11388.25,1,22583,-193.5,-0.86,0,14,0.06,-193.5,-0.86,22178.5,22.18,15
377,Entry short,2022-06-14 09:40,ORB Short B+ (1c),11291.5,1,22583,-193.5,-0.86,0,14,0.06,-193.5,-0.86,22178.5,22.18,15
378,Exit short,2022-06-16 12:55,S-TP1,11115,1,22467.5,237.5,1.06,0,237.5,1.06,-39.5,-0.18,22416,22.42,47
378,Entry short,2022-06-16 09:00,ORB Short A (1c),11233.75,1,22467.5,237.5,1.06,0,237.5,1.06,-39.5,-0.18,22416,22.42,47
379,Exit short,2022-06-17 10:05,S-TP1,11253,1,22308,-198,-0.89,0,67.5,0.30,-198,-0.89,22218,22.22,7
379,Entry short,2022-06-17 09:30,ORB Short B (1c),11154,1,22308,-198,-0.89,0,67.5,0.30,-198,-0.89,22218,22.22,7
380,Exit short,2022-06-23 09:00,S-TP1,11656,1,23119.5,-192.5,-0.83,0,18,0.08,-192.5,-0.83,22025.5,22.03,2
380,Entry short,2022-06-23 08:50,ORB Short B+ (1c),11559.75,1,23119.5,-192.5,-0.83,0,18,0.08,-192.5,-0.83,22025.5,22.03,2
381,Exit short,2022-06-23 13:30,S-TP1,11656.75,1,23121,-192.5,-0.83,0,9.5,0.04,-192.5,-0.83,21833,21.83,18
381,Entry short,2022-06-23 12:00,ORB Short B (1c),11560.5,1,23121,-192.5,-0.83,0,9.5,0.04,-192.5,-0.83,21833,21.83,18
382,Exit short,2022-06-30 10:05,S-TP1,11507.75,1,22822.5,-193,-0.85,0,121,0.53,-193,-0.85,21640,21.64,15
382,Entry short,2022-06-30 08:50,ORB Short A (1c),11411.25,1,22822.5,-193,-0.85,0,121,0.53,-193,-0.85,21640,21.64,15
383,Exit short,2022-07-01 10:05,S-TP1,11509.25,1,22829.5,-189,-0.83,0,27,0.12,-189,-0.83,21451,21.45,6
383,Entry short,2022-07-01 09:35,ORB Short B (1c),11414.75,1,22829.5,-189,-0.83,0,27,0.12,-189,-0.83,21451,21.45,6
384,Exit long,2022-07-07 13:05,L-TP1,12135,1,24057,213,0.89,0,213,0.89,-76.5,-0.32,21664,21.66,52
384,Entry long,2022-07-07 08:45,ORB Long B (1c),12028.5,1,24057,213,0.89,0,213,0.89,-76.5,-0.32,21664,21.66,52
385,Exit long,2022-07-08 15:25,EOD Close,12165.25,1,24234.5,96,0.40,0,187.5,0.77,-156.5,-0.65,21760,21.76,72
385,Entry long,2022-07-08 09:25,ORB Long B (1c),12117.25,1,24234.5,96,0.40,0,187.5,0.77,-156.5,-0.65,21760,21.76,72
386,Exit short,2022-07-14 09:50,S-TP1,11603,2,46101,-311,-0.67,0,57,0.12,-311,-0.67,21449,21.45,10
386,Entry short,2022-07-14 09:00,ORB Short A+ (2c),11525.25,2,46101,-311,-0.67,0,57,0.12,-311,-0.67,21449,21.45,10
387,Exit long,2022-07-14 13:20,L-TP1,11785,2,46788,352,0.75,0,352,0.75,-304,-0.65,21801,21.80,32
387,Entry long,2022-07-14 10:40,ORB Long B (2c),11697,2,46788,352,0.75,0,352,0.75,-304,-0.65,21801,21.80,32
388,Exit long,2022-07-18 12:30,L-TP1,12089,2,48656,-300,-0.62,0,91,0.19,-300,-0.62,21501,21.50,45
388,Entry long,2022-07-18 08:45,ORB Long B+ (2c),12164,2,48656,-300,-0.62,0,91,0.19,-300,-0.62,21501,21.50,45
389,Exit long,2022-07-19 10:00,L-TP1,12165.5,2,48342,320,0.66,0,320,0.66,-34,-0.07,21821,21.82,7
389,Entry long,2022-07-19 09:25,ORB Long B (2c),12085.5,2,48342,320,0.66,0,320,0.66,-34,-0.07,21821,21.82,7
390,Exit long,2022-07-20 09:45,L-TP1,12435,2,49368,372,0.75,0,372,0.75,-98,-0.20,22193,22.19,7
390,Entry long,2022-07-20 09:10,ORB Long B (2c),12342,2,49368,372,0.75,0,372,0.75,-98,-0.20,22193,22.19,7
391,Exit long,2022-07-21 14:05,L-TP1,12635,2,50145,395,0.79,0,395,0.79,-116,-0.23,22588,22.59,43
391,Entry long,2022-07-21 10:30,ORB Long B+ (2c),12536.25,2,50145,395,0.79,0,395,0.79,-116,-0.23,22588,22.59,43
392,Exit long,2022-07-22 08:55,L-TP1,12581.25,2,50627,-302,-0.60,0,161,0.32,-302,-0.60,22286,22.29,2
392,Entry long,2022-07-22 08:45,ORB Long A+ (2c),12656.75,2,50627,-302,-0.60,0,161,0.32,-302,-0.60,22286,22.29,2
393,Exit short,2022-07-22 10:30,S-TP1,12475.75,2,50232,329,0.65,0,329,0.65,-218,-0.43,22615,22.62,17
393,Entry short,2022-07-22 09:05,ORB Short B (2c),12558,2,50232,329,0.65,0,329,0.65,-218,-0.43,22615,22.62,17
394,Exit long,2022-07-27 11:25,L-TP1,12475.75,2,49570,333,0.67,0,333,0.67,-81,-0.16,22948,22.95,32
394,Entry long,2022-07-27 08:45,ORB Long B+ (2c),12392.5,2,49570,333,0.67,0,333,0.67,-81,-0.16,22948,22.95,32
395,Exit long,2022-07-28 12:40,L-TP1,12735,2,50662,278,0.55,0,278,0.55,-168,-0.33,23226,23.23,27
395,Entry long,2022-07-28 10:25,ORB Long B+ (2c),12665.5,2,50662,278,0.55,0,278,0.55,-168,-0.33,23226,23.23,27
396,Exit long,2022-07-29 12:55,L-TP1,12937.75,2,51461,290,0.56,0,290,0.56,-316,-0.61,23516,23.52,48
396,Entry long,2022-07-29 08:55,ORB Long B+ (2c),12865.25,2,51461,290,0.56,0,290,0.56,-316,-0.61,23516,23.52,48
397,Exit long,2022-08-01 09:50,L-TP1,13085,2,52021,319,0.61,0,319,0.61,-158,-0.30,23835,23.84,12
397,Entry long,2022-08-01 08:50,ORB Long A+ (2c),13005.25,2,52021,319,0.61,0,319,0.61,-158,-0.30,23835,23.84,12
398,Exit long,2022-08-02 11:15,L-TP1,13025,2,51791,309,0.60,0,309,0.60,-106,-0.20,24144,24.14,18
398,Entry long,2022-08-02 09:45,ORB Long B (2c),12947.75,2,51791,309,0.60,0,309,0.60,-106,-0.20,24144,24.14,18
399,Exit long,2022-08-03 10:10,L-TP1,13185,2,52404,336,0.64,0,336,0.64,-161,-0.31,24480,24.48,16
399,Entry long,2022-08-03 08:50,ORB Long A (2c),13101,2,52404,336,0.64,0,336,0.64,-161,-0.31,24480,24.48,16
400,Exit short,2022-08-05 11:15,S-TP1,13168.75,1,26182.5,-155,-0.59,0,11.5,0.04,-155,-0.59,24325,24.33,10
400,Entry short,2022-08-05 10:25,ORB Short C (1c),13091.25,1,26182.5,-155,-0.59,0,11.5,0.04,-155,-0.59,24325,24.33,10
401,Exit long,2022-08-05 15:25,EOD Close,13217.75,2,52851,20,0.04,0,118,0.22,-270,-0.51,24345,24.35,41
401,Entry long,2022-08-05 12:00,ORB Long A (2c),13212.75,2,52851,20,0.04,0,118,0.22,-270,-0.51,24345,24.35,41
402,Exit long,2022-08-08 09:45,L-TP1,13321.75,2,53595,-308,-0.57,0,83,0.15,-308,-0.57,24037,24.04,11
402,Entry long,2022-08-08 08:50,ORB Long A (2c),13398.75,2,53595,-308,-0.57,0,83,0.15,-308,-0.57,24037,24.04,11
403,Exit short,2022-08-08 15:25,EOD Close,13192.75,1,26414.5,29,0.11,0,173.5,0.66,-108.5,-0.41,24066,24.07,57
403,Entry short,2022-08-08 10:40,ORB Short C (1c),13207.25,1,26414.5,29,0.11,0,173.5,0.66,-108.5,-0.41,24066,24.07,57
404,Exit long,2022-08-10 15:25,EOD Close,13385.75,2,53474,69,0.13,0,158,0.30,-209,-0.39,24135,24.14,65
404,Entry long,2022-08-10 10:00,ORB Long B+ (2c),13368.5,2,53474,69,0.13,0,158,0.30,-209,-0.39,24135,24.14,65
405,Exit long,2022-08-11 10:05,L-TP1,13452,2,54109,-301,-0.56,0,194,0.36,-301,-0.56,23834,23.83,13
405,Entry long,2022-08-11 09:00,ORB Long B+ (2c),13527.25,2,54109,-301,-0.56,0,194,0.36,-301,-0.56,23834,23.83,13
406,Exit long,2022-08-12 13:30,L-TP1,13531.25,2,53834,291,0.54,0,291,0.54,-293,-0.54,24125,24.13,51
406,Entry long,2022-08-12 09:15,ORB Long B+ (2c),13458.5,2,53834,291,0.54,0,291,0.54,-293,-0.54,24125,24.13,51
407,Exit long,2022-08-15 09:20,L-TP1,13539,2,54462,-306,-0.56,0,78,0.14,-306,-0.56,23819,23.82,6
407,Entry long,2022-08-15 08:50,ORB Long A+ (2c),13615.5,2,54462,-306,-0.56,0,78,0.14,-306,-0.56,23819,23.82,6
408,Exit long,2022-08-15 14:00,L-TP1,13685,2,54428,312,0.57,0,312,0.57,-2,0.00,24131,24.13,42
408,Entry long,2022-08-15 10:30,ORB Long A (2c),13607,2,54428,312,0.57,0,312,0.57,-2,0.00,24131,24.13,42
409,Exit long,2022-08-16 13:10,L-TP1,13737.25,2,54688,261,0.48,0,261,0.48,-163,-0.30,24392,24.39,28
409,Entry long,2022-08-16 10:50,ORB Long B+ (2c),13672,2,54688,261,0.48,0,261,0.48,-163,-0.30,24392,24.39,28
410,Exit long,2022-08-18 10:55,L-TP1,13571.75,2,54027,260,0.48,0,260,0.48,-81,-0.15,24652,24.65,15
410,Entry long,2022-08-18 09:40,ORB Long A (2c),13506.75,2,54027,260,0.48,0,260,0.48,-81,-0.15,24652,24.65,15
411,Exit long,2022-08-18 14:30,L-TP1,13572.25,2,54029,260,0.48,0,260,0.48,-24,-0.04,24912,24.91,33
411,Entry long,2022-08-18 11:45,ORB Long A (2c),13507.25,2,54029,260,0.48,0,260,0.48,-24,-0.04,24912,24.91,33
412,Exit short,2022-08-26 09:00,S-TP1,13040.75,1,26224,142.5,0.54,0,142.5,0.54,-62.5,-0.24,25054.5,25.05,3
412,Entry short,2022-08-26 08:45,ORB Short C (1c),13112,1,26224,142.5,0.54,0,142.5,0.54,-62.5,-0.24,25054.5,25.05,3
413,Exit short,2022-08-29 11:00,S-TP1,12546.75,1,24943.5,-150,-0.60,0,47.5,0.19,-150,-0.60,24904.5,24.90,14
413,Entry short,2022-08-29 09:50,ORB Short C (1c),12471.75,1,24943.5,-150,-0.60,0,47.5,0.19,-150,-0.60,24904.5,24.90,14
414,Exit short,2022-08-30 09:05,S-TP1,12416.5,2,49982,316,0.63,0,316,0.63,-22,-0.04,25220.5,25.22,3
414,Entry short,2022-08-30 08:50,ORB Short A (2c),12495.5,2,49982,316,0.63,0,316,0.63,-22,-0.04,25220.5,25.22,3
415,Exit short,2022-08-31 10:05,S-TP1,12315,2,49539,279,0.56,0,279,0.56,-148,-0.30,25499.5,25.50,8
415,Entry short,2022-08-31 09:25,ORB Short B (2c),12384.75,2,49539,279,0.56,0,279,0.56,-148,-0.30,25499.5,25.50,8
416,Exit short,2022-09-01 09:45,S-TP1,12065,2,48530,270,0.56,0,270,0.56,-162,-0.33,25769.5,25.77,9
416,Entry short,2022-09-01 09:00,ORB Short A+ (2c),12132.5,2,48530,270,0.56,0,270,0.56,-162,-0.33,25769.5,25.77,9
417,Exit short,2022-09-02 09:10,S-TP1,12359.25,2,49137,-300,-0.61,0,27,0.05,-300,-0.61,25469.5,25.47,2
417,Entry short,2022-09-02 09:00,ORB Short B (2c),12284.25,2,49137,-300,-0.61,0,27,0.05,-300,-0.61,25469.5,25.47,2
418,Exit short,2022-09-02 11:50,S-TP1,12222.5,2,49161,271,0.55,0,271,0.55,-9,-0.02,25740.5,25.74,4
418,Entry short,2022-09-02 11:30,ORB Short A (2c),12290.25,2,49161,271,0.55,0,271,0.55,-9,-0.02,25740.5,25.74,4
419,Exit short,2022-09-06 09:00,S-TP1,11965,2,48268,408,0.85,0,408,0.85,-29,-0.06,26148.5,26.15,3
419,Entry short,2022-09-06 08:45,ORB Short A+ (2c),12067,2,48268,408,0.85,0,408,0.85,-29,-0.06,26148.5,26.15,3
420,Exit short,2022-09-06 10:40,S-TP1,12141.5,2,48266,-300,-0.62,0,37,0.08,-300,-0.62,25848.5,25.85,3
420,Entry short,2022-09-06 10:25,ORB Short A (2c),12066.5,2,48266,-300,-0.62,0,37,0.08,-300,-0.62,25848.5,25.85,3
421,Exit short,2022-09-06 12:50,S-TP1,11965,2,48199,339,0.70,0,339,0.70,-105,-0.22,26187.5,26.19,19
421,Entry short,2022-09-06 11:15,ORB Short A (2c),12049.75,2,48199,339,0.70,0,339,0.70,-105,-0.22,26187.5,26.19,19
422,Exit long,2022-09-12 15:25,EOD Close,12771.25,1,25419.5,123,0.48,0,128.5,0.51,-144.5,-0.57,26310.5,26.31,79
422,Entry long,2022-09-12 08:50,ORB Long C+ (1c),12709.75,1,25419.5,123,0.48,0,128.5,0.51,-144.5,-0.57,26310.5,26.31,79
423,Exit long,2022-09-14 09:25,L-TP1,12111,2,48774,-330,-0.68,0,36,0.07,-330,-0.68,25980.5,25.98,6
423,Entry long,2022-09-14 08:55,ORB Long B (2c),12193.5,2,48774,-330,-0.68,0,36,0.07,-330,-0.68,25980.5,25.98,6
424,Exit short,2022-09-15 09:55,S-TP1,12015,2,48420,360,0.74,0,360,0.74,-123,-0.25,26340.5,26.34,5
424,Entry short,2022-09-15 09:30,ORB Short B+ (2c),12105,2,48420,360,0.74,0,360,0.74,-123,-0.25,26340.5,26.34,5
425,Exit short,2022-09-15 13:45,S-TP1,12029.25,2,48406,289,0.60,0,289,0.60,-9,-0.02,26629.5,26.63,13
425,Entry short,2022-09-15 12:40,ORB Short B+ (2c),12101.5,2,48406,289,0.60,0,289,0.60,-9,-0.02,26629.5,26.63,13
426,Exit short,2022-09-16 09:10,S-TP1,11875.75,1,23584,-167.5,-0.71,0,24,0.10,-167.5,-0.71,26462,26.46,3
426,Entry short,2022-09-16 08:55,ORB Short B+ (1c),11792,1,23584,-167.5,-0.71,0,24,0.10,-167.5,-0.71,26462,26.46,3
427,Exit short,2022-09-16 13:45,S-TP1,11884.5,1,23601.5,-167.5,-0.71,0,45.5,0.19,-167.5,-0.71,26294.5,26.29,38
427,Entry short,2022-09-16 10:35,ORB Short B+ (1c),11800.75,1,23601.5,-167.5,-0.71,0,45.5,0.19,-167.5,-0.71,26294.5,26.29,38
428,Exit long,2022-09-19 14:00,L-TP1,11985,2,47668,272,0.57,0,272,0.57,-275,-0.58,26566.5,26.57,62
428,Entry long,2022-09-19 08:50,ORB Long B (2c),11917,2,47668,272,0.57,0,272,0.57,-275,-0.58,26566.5,26.57,62
429,Exit short,2022-09-20 14:35,S-TP1,11960,2,47530,-310,-0.65,0,216,0.45,-310,-0.65,26256.5,26.26,26
429,Entry short,2022-09-20 12:25,ORB Short B+ (2c),11882.5,2,47530,-310,-0.65,0,216,0.45,-310,-0.65,26256.5,26.26,26
430,Exit short,2022-09-22 10:20,S-TP1,11510.25,2,46318,277,0.60,0,277,0.60,-247,-0.53,26533.5,26.53,16
430,Entry short,2022-09-22 09:00,ORB Short A (2c),11579.5,2,46318,277,0.60,0,277,0.60,-247,-0.53,26533.5,26.53,16
431,Exit short,2022-09-22 14:10,S-TP1,11652.25,2,46309,-300,-0.65,0,224,0.48,-300,-0.65,26233.5,26.23,40
431,Entry short,2022-09-22 10:50,ORB Short B+ (2c),11577.25,2,46309,-300,-0.65,0,224,0.48,-300,-0.65,26233.5,26.23,40
432,Exit short,2022-09-23 13:15,S-TP1,11265,2,45511,451,0.99,0,451,0.99,-195,-0.43,26684.5,26.68,53
432,Entry short,2022-09-23 08:50,ORB Short A (2c),11377.75,2,45511,451,0.99,0,451,0.99,-195,-0.43,26684.5,26.68,53
433,Exit short,2022-09-26 14:50,S-TP1,11407,2,45314,-314,-0.69,0,141,0.31,-314,-0.69,26370.5,26.37,41
433,Entry short,2022-09-26 11:25,ORB Short B+ (2c),11328.5,2,45314,-314,-0.69,0,141,0.31,-314,-0.69,26370.5,26.37,41
434,Exit short,2022-09-27 10:50,S-TP1,11365.75,2,45735,272,0.59,0,272,0.59,-281,-0.61,26642.5,26.64,22
434,Entry short,2022-09-27 09:00,ORB Short B+ (2c),11433.75,2,45735,272,0.59,0,272,0.59,-281,-0.61,26642.5,26.64,22
435,Exit short,2022-09-29 09:15,S-TP1,11165,2,45020,360,0.80,0,360,0.80,-131,-0.29,27002.5,27.00,6
435,Entry short,2022-09-29 08:45,ORB Short A (2c),11255,2,45020,360,0.80,0,360,0.80,-131,-0.29,27002.5,27.00,6
436,Exit short,2022-09-29 12:05,S-TP1,11165,2,45028,368,0.82,0,368,0.82,-56,-0.12,27370.5,27.37,14
436,Entry short,2022-09-29 10:55,ORB Short B+ (2c),11257,2,45028,368,0.82,0,368,0.82,-56,-0.12,27370.5,27.37,14
437,Exit short,2022-10-05 11:10,S-TP1,11515.5,2,45733,-329,-0.72,0,261,0.57,-329,-0.72,27041.5,27.04,26
437,Entry short,2022-10-05 09:00,ORB Short B+ (2c),11433.25,2,45733,-329,-0.72,0,261,0.57,-329,-0.72,27041.5,27.04,26
438,Exit short,2022-10-06 10:50,S-TP1,11663,2,46322,-330,-0.71,0,216,0.47,-330,-0.71,26711.5,26.71,22
438,Entry short,2022-10-06 09:00,ORB Short B+ (2c),11580.5,2,46322,-330,-0.71,0,216,0.47,-330,-0.71,26711.5,26.71,22
439,Exit short,2022-10-06 15:15,S-TP1,11511,2,46334,290,0.63,0,290,0.63,-238,-0.51,27001.5,27.00,52
439,Entry short,2022-10-06 10:55,ORB Short B (2c),11583.5,2,46334,290,0.63,0,290,0.63,-238,-0.51,27001.5,27.00,52
440,Exit short,2022-10-07 11:20,S-TP1,11165,2,45037,377,0.84,0,377,0.84,-67,-0.15,27378.5,27.38,31
440,Entry short,2022-10-07 08:45,ORB Short A+ (2c),11259.25,2,45037,377,0.84,0,377,0.84,-67,-0.15,27378.5,27.38,31
441,Exit short,2022-10-10 11:35,S-TP1,10915,1,22018,188,0.85,0,188,0.85,-118.5,-0.54,27566.5,27.57,33
441,Entry short,2022-10-10 08:50,ORB Short A (1c),11009,1,22018,188,0.85,0,188,0.85,-118.5,-0.54,27566.5,27.57,33
442,Exit short,2022-10-11 10:35,S-TP1,10935.25,1,21697.5,-173,-0.80,0,120.5,0.56,-173,-0.80,27393.5,27.39,21
442,Entry short,2022-10-11 08:50,ORB Short A (1c),10848.75,1,21697.5,-173,-0.80,0,120.5,0.56,-173,-0.80,27393.5,27.39,21
443,Exit short,2022-10-14 09:00,S-TP1,10996,1,22143.5,151.5,0.68,0,151.5,0.68,-53,-0.24,27545,27.55,3
443,Entry short,2022-10-14 08:45,ORB Short A+ (1c),11071.75,1,22143.5,151.5,0.68,0,151.5,0.68,-53,-0.24,27545,27.55,3
444,Exit short,2022-10-18 09:35,S-TP1,11217.75,1,22599,163.5,0.72,0,163.5,0.72,-92.5,-0.41,27708.5,27.71,9
444,Entry short,2022-10-18 08:50,ORB Short A (1c),11299.5,1,22599,163.5,0.72,0,163.5,0.72,-92.5,-0.41,27708.5,27.71,9
445,Exit short,2022-10-19 14:55,S-TP1,11155,1,22130.5,-179.5,-0.81,0,30,0.14,-179.5,-0.81,27529,27.53,35
445,Entry short,2022-10-19 12:00,ORB Short A+ (1c),11065.25,1,22130.5,-179.5,-0.81,0,30,0.14,-179.5,-0.81,27529,27.53,35
446,Exit short,2022-10-20 15:25,EOD Close,11061.25,1,22178,55.5,0.25,0,96,0.43,-76,-0.34,27584.5,27.58,32
446,Entry short,2022-10-20 12:45,ORB Short B (1c),11089,1,22178,55.5,0.25,0,96,0.43,-76,-0.34,27584.5,27.58,32
447,Exit long,2022-10-21 09:05,L-TP1,11185,1,22182,188,0.85,0,188,0.85,-51,-0.23,27772.5,27.77,4
447,Entry long,2022-10-21 08:45,ORB Long B (1c),11091,1,22182,188,0.85,0,188,0.85,-51,-0.23,27772.5,27.77,4
448,Exit long,2022-10-24 14:00,L-TP1,11485,1,22816.5,153.5,0.67,0,153.5,0.67,-70,-0.31,27926,27.93,38
448,Entry long,2022-10-24 10:50,ORB Long B (1c),11408.25,1,22816.5,153.5,0.67,0,153.5,0.67,-70,-0.31,27926,27.93,38
449,Exit long,2022-10-26 09:35,L-TP1,11590,1,23032,148,0.64,0,148,0.64,-84.5,-0.37,28074,28.07,10
449,Entry long,2022-10-26 08:45,ORB Long A+ (1c),11516,1,23032,148,0.64,0,148,0.64,-84.5,-0.37,28074,28.07,10
450,Exit short,2022-11-03 09:45,S-TP1,10860.25,1,21548,-172.5,-0.80,0,132,0.61,-172.5,-0.80,27901.5,27.90,12
450,Entry short,2022-11-03 08:45,ORB Short A (1c),10774,1,21548,-172.5,-0.80,0,132,0.61,-172.5,-0.80,27901.5,27.90,12
451,Exit short,2022-11-03 15:25,EOD Close,10725.75,1,21554.5,103,0.48,0,120.5,0.56,-168.5,-0.78,28004.5,28.00,60
451,Entry short,2022-11-03 10:25,ORB Short B+ (1c),10777.25,1,21554.5,103,0.48,0,120.5,0.56,-168.5,-0.78,28004.5,28.00,60
452,Exit short,2022-11-04 13:55,S-TP1,10810.25,1,21442.5,-178,-0.83,0,117,0.55,-178,-0.83,27826.5,27.83,37
452,Entry short,2022-11-04 10:50,ORB Short C+ (1c),10721.25,1,21442.5,-178,-0.83,0,117,0.55,-178,-0.83,27826.5,27.83,37
453,Exit short,2022-11-07 09:15,S-TP1,10947.75,1,21721,-174.5,-0.80,0,26,0.12,-174.5,-0.80,27652,27.65,6
453,Entry short,2022-11-07 08:45,ORB Short A+ (1c),10860.5,1,21721,-174.5,-0.80,0,26,0.12,-174.5,-0.80,27652,27.65,6
454,Exit short,2022-11-09 12:35,S-TP1,10865,1,21931.5,201.5,0.92,0,201.5,0.92,-126.5,-0.58,27853.5,27.85,37
454,Entry short,2022-11-09 09:30,ORB Short B (1c),10965.75,1,21931.5,201.5,0.92,0,201.5,0.92,-126.5,-0.58,27853.5,27.85,37
455,Exit long,2022-11-10 10:35,L-TP1,11486.75,1,22822.5,151,0.66,0,151,0.66,-29,-0.13,28004.5,28.00,11
455,Entry long,2022-11-10 09:40,ORB Long B (1c),11411.25,1,22822.5,151,0.66,0,151,0.66,-29,-0.13,28004.5,28.00,11
456,Exit long,2022-11-14 12:20,L-TP1,11866,1,23577,155,0.66,0,155,0.66,-120,-0.51,28159.5,28.16,39
456,Entry long,2022-11-14 09:05,ORB Long A (1c),11788.5,1,23577,155,0.66,0,155,0.66,-120,-0.51,28159.5,28.16,39
457,Exit long,2022-11-17 11:50,L-TP1,11735.5,1,23319,152,0.65,0,152,0.65,-123,-0.53,28311.5,28.31,31
457,Entry long,2022-11-17 09:15,ORB Long A (1c),11659.5,1,23319,152,0.65,0,152,0.65,-123,-0.53,28311.5,28.31,31
458,Exit long,2022-11-22 14:00,L-TP1,11715,2,46568,292,0.63,0,292,0.63,-104,-0.22,28603.5,28.60,51
458,Entry long,2022-11-22 09:45,ORB Long B (2c),11642,2,46568,292,0.63,0,292,0.63,-104,-0.22,28603.5,28.60,51
459,Exit long,2022-11-23 09:40,L-TP1,11884.75,2,47279,260,0.55,0,260,0.55,-71,-0.15,28863.5,28.86,11
459,Entry long,2022-11-23 08:45,ORB Long A (2c),11819.75,2,47279,260,0.55,0,260,0.55,-71,-0.15,28863.5,28.86,11
460,Exit long,2022-11-23 13:00,L-TP1,11883.5,2,47219,315,0.67,0,315,0.67,-252,-0.53,29178.5,29.18,23
460,Entry long,2022-11-23 11:05,ORB Long B+ (2c),11804.75,2,47219,315,0.67,0,315,0.67,-252,-0.53,29178.5,29.18,23
461,Exit long,2022-11-30 12:35,L-TP1,11685,2,46430,310,0.67,0,310,0.67,0,0.00,29488.5,29.49,1
461,Entry long,2022-11-30 12:30,ORB Long A (2c),11607.5,2,46430,310,0.67,0,310,0.67,0,0.00,29488.5,29.49,1
462,Exit long,2022-12-01 09:10,L-TP1,12040,2,48460,-300,-0.62,0,119,0.25,-300,-0.62,29188.5,29.19,5
462,Entry long,2022-12-01 08:45,ORB Long A (2c),12115,2,48460,-300,-0.62,0,119,0.25,-300,-0.62,29188.5,29.19,5
463,Exit long,2022-12-02 14:00,L-TP1,12008,2,47772,260,0.54,0,260,0.54,-257,-0.54,29448.5,29.45,58
463,Entry long,2022-12-02 09:10,ORB Long A+ (2c),11943,2,47772,260,0.54,0,260,0.54,-257,-0.54,29448.5,29.45,58
464,Exit short,2022-12-05 12:00,S-TP1,11815,2,47631,371,0.78,0,371,0.78,-173,-0.36,29819.5,29.82,36
464,Entry short,2022-12-05 09:00,ORB Short B (2c),11907.75,2,47631,371,0.78,0,371,0.78,-173,-0.36,29819.5,29.82,36
465,Exit long,2022-12-08 12:40,L-TP1,11685,2,46404,336,0.72,0,336,0.72,-77,-0.17,30155.5,30.16,45
465,Entry long,2022-12-08 08:55,ORB Long B (2c),11601,2,46404,336,0.72,0,336,0.72,-77,-0.17,30155.5,30.16,45
466,Exit short,2022-12-12 12:00,S-TP1,11615.5,2,46162,-300,-0.65,0,37,0.08,-300,-0.65,29855.5,29.86,27
466,Entry short,2022-12-12 09:45,ORB Short B (2c),11540.5,2,46162,-300,-0.65,0,37,0.08,-300,-0.65,29855.5,29.86,27
467,Exit long,2022-12-14 13:00,L-TP1,11934.5,2,48038,-300,-0.62,0,240,0.50,-300,-0.62,29555.5,29.56,49
467,Entry long,2022-12-14 08:55,ORB Long A (2c),12009.5,2,48038,-300,-0.62,0,240,0.50,-300,-0.62,29555.5,29.56,49
468,Exit short,2022-12-16 09:35,S-TP1,11315,2,45538,278,0.61,0,278,0.61,-44,-0.10,29833.5,29.83,6
468,Entry short,2022-12-16 09:05,ORB Short B (2c),11384.5,2,45538,278,0.61,0,278,0.61,-44,-0.10,29833.5,29.83,6
469,Exit short,2022-12-19 13:00,S-TP1,11165,2,45084,424,0.94,0,424,0.94,-154,-0.34,30257.5,30.26,51
469,Entry short,2022-12-19 08:45,ORB Short A+ (2c),11271,2,45084,424,0.94,0,424,0.94,-154,-0.34,30257.5,30.26,51
470,Exit long,2022-12-20 09:30,L-TP1,11235,2,44673,267,0.60,0,267,0.60,-41,-0.09,30524.5,30.52,7
470,Entry long,2022-12-20 08:55,ORB Long B (2c),11168.25,2,44673,267,0.60,0,267,0.60,-41,-0.09,30524.5,30.52,7
471,Exit short,2022-12-22 09:30,S-TP1,11015,2,44406,346,0.78,0,346,0.78,-93,-0.21,30870.5,30.87,9
471,Entry short,2022-12-22 08:45,ORB Short A (2c),11101.5,2,44406,346,0.78,0,346,0.78,-93,-0.21,30870.5,30.87,9
472,Exit short,2022-12-27 09:20,S-TP1,11003.25,2,43713,-300,-0.69,0,130,0.30,-300,-0.69,30570.5,30.57,7
472,Entry short,2022-12-27 08:45,ORB Short A (2c),10928.25,2,43713,-300,-0.69,0,130,0.30,-300,-0.69,30570.5,30.57,7
473,Exit short,2022-12-27 15:25,EOD Close,10922.5,2,43730,40,0.09,0,132,0.30,-146,-0.33,30610.5,30.61,44
473,Entry short,2022-12-27 11:45,ORB Short B+ (2c),10932.5,2,43730,40,0.09,0,132,0.30,-146,-0.33,30610.5,30.61,44
474,Exit short,2022-12-28 14:15,S-TP1,10763,2,43312,260,0.60,0,260,0.60,-256,-0.59,30870.5,30.87,52
474,Entry short,2022-12-28 09:55,ORB Short B (2c),10828,2,43312,260,0.60,0,260,0.60,-256,-0.59,30870.5,30.87,52
475,Exit short,2022-12-30 09:15,S-TP1,10939.75,2,43459,-300,-0.69,0,12,0.03,-300,-0.69,30570.5,30.57,6
475,Entry short,2022-12-30 08:45,ORB Short B (2c),10864.75,2,43459,-300,-0.69,0,12,0.03,-300,-0.69,30570.5,30.57,6
476,Exit short,2023-01-03 08:55,S-TP1,11004.25,2,44278,261,0.59,0,261,0.59,-61,-0.14,30831.5,30.83,2
476,Entry short,2023-01-03 08:45,ORB Short A+ (2c),11069.5,2,44278,261,0.59,0,261,0.59,-61,-0.14,30831.5,30.83,2
477,Exit short,2023-01-04 10:25,S-TP1,10990.5,2,43662,-300,-0.69,0,209,0.48,-300,-0.69,30531.5,30.53,17
477,Entry short,2023-01-04 09:00,ORB Short A (2c),10915.5,2,43662,-300,-0.69,0,209,0.48,-300,-0.69,30531.5,30.53,17
478,Exit short,2023-01-10 09:55,S-TP1,11205.75,2,44523,-300,-0.67,0,40,0.09,-300,-0.67,30231.5,30.23,3
478,Entry short,2023-01-10 09:40,ORB Short A (2c),11130.75,2,44523,-300,-0.67,0,40,0.09,-300,-0.67,30231.5,30.23,3
479,Exit long,2023-01-11 12:10,L-TP1,11435,1,22718.5,151.5,0.67,0,151.5,0.67,-92,-0.40,30383,30.38,37
479,Entry long,2023-01-11 09:05,ORB Long C (1c),11359.25,1,22718.5,151.5,0.67,0,151.5,0.67,-92,-0.40,30383,30.38,37
480,Exit long,2023-01-12 15:25,EOD Close,11527.5,2,46087,23,0.05,0,214,0.46,-279,-0.61,30406,30.41,50
480,Entry long,2023-01-12 11:15,ORB Long B+ (2c),11521.75,2,46087,23,0.05,0,214,0.46,-279,-0.61,30406,30.41,50
481,Exit long,2023-01-13 09:45,L-TP1,11537.25,2,45889,260,0.57,0,260,0.57,-1,0.00,30666,30.67,9
481,Entry long,2023-01-13 09:00,ORB Long B+ (2c),11472.25,2,45889,260,0.57,0,260,0.57,-1,0.00,30666,30.67,9
482,Exit long,2023-01-17 09:40,L-TP1,11588,2,46652,-300,-0.64,0,88,0.19,-300,-0.64,30366,30.37,8
482,Entry long,2023-01-17 09:00,ORB Long A+ (2c),11663,2,46652,-300,-0.64,0,88,0.19,-300,-0.64,30366,30.37,8
483,Exit long,2023-01-17 15:25,EOD Close,11622,2,46509,-21,-0.05,0,91,0.20,-156,-0.34,30345,30.35,53
483,Entry long,2023-01-17 11:00,ORB Long A (2c),11627.25,2,46509,-21,-0.05,0,91,0.20,-156,-0.34,30345,30.35,53
484,Exit long,2023-01-18 09:35,L-TP1,11663.75,2,46955,-300,-0.64,0,83,0.18,-300,-0.64,30045,30.05,7
484,Entry long,2023-01-18 09:00,ORB Long A (2c),11738.75,2,46955,-300,-0.64,0,83,0.18,-300,-0.64,30045,30.05,7
485,Exit long,2023-01-20 10:25,L-TP1,11535,2,45824,316,0.69,0,316,0.69,-126,-0.27,30361,30.36,19
485,Entry long,2023-01-20 08:50,ORB Long B+ (2c),11456,2,45824,316,0.69,0,316,0.69,-126,-0.27,30361,30.36,19
486,Exit long,2023-01-23 10:00,L-TP1,11885,2,47130,410,0.87,0,410,0.87,-7,-0.01,30771,30.77,15
486,Entry long,2023-01-23 08:45,ORB Long A (2c),11782.5,2,47130,410,0.87,0,410,0.87,-7,-0.01,30771,30.77,15
487,Exit long,2023-01-24 09:05,L-TP1,11841,2,47664,-300,-0.63,0,143,0.30,-300,-0.63,30471,30.47,4
487,Entry long,2023-01-24 08:45,ORB Long A+ (2c),11916,2,47664,-300,-0.63,0,143,0.30,-300,-0.63,30471,30.47,4
488,Exit long,2023-01-24 15:00,L-TP1,11969.25,2,47617,260,0.55,0,260,0.55,-188,-0.39,30731,30.73,70
488,Entry long,2023-01-24 09:10,ORB Long A (2c),11904.25,2,47617,260,0.55,0,260,0.55,-188,-0.39,30731,30.73,70
489,Exit long,2023-01-25 12:15,L-TP1,11796.75,2,46919,268,0.57,0,268,0.57,-70,-0.15,30999,31.00,24
489,Entry long,2023-01-25 10:15,ORB Long A (2c),11729.75,2,46919,268,0.57,0,268,0.57,-70,-0.15,30999,31.00,24
490,Exit short,2023-01-26 10:20,S-TP1,11905.25,1,23946,135.5,0.57,0,135.5,0.57,-60,-0.25,31134.5,31.13,9
490,Entry short,2023-01-26 09:35,ORB Short C (1c),11973,1,23946,135.5,0.57,0,135.5,0.57,-60,-0.25,31134.5,31.13,9
491,Exit long,2023-01-27 10:40,L-TP1,12196,2,48519,265,0.55,0,265,0.55,-149,-0.31,31399.5,31.40,23
491,Entry long,2023-01-27 08:45,ORB Long A+ (2c),12129.75,2,48519,265,0.55,0,265,0.55,-149,-0.31,31399.5,31.40,23
492,Exit long,2023-01-30 09:25,L-TP1,12044.25,2,48477,-300,-0.62,0,97,0.20,-300,-0.62,31099.5,31.10,8
492,Entry long,2023-01-30 08:45,ORB Long A (2c),12119.25,2,48477,-300,-0.62,0,97,0.20,-300,-0.62,31099.5,31.10,8
493,Exit long,2023-01-31 13:05,L-TP1,12106,2,48164,260,0.54,0,260,0.54,-256,-0.53,31359.5,31.36,52
493,Entry long,2023-01-31 08:45,ORB Long A+ (2c),12041,2,48164,260,0.54,0,260,0.54,-256,-0.53,31359.5,31.36,52
494,Exit long,2023-02-03 09:35,L-TP1,12835,2,50909,431,0.85,0,431,0.85,-235,-0.46,31790.5,31.79,10
494,Entry long,2023-02-03 08:45,ORB Long B (2c),12727.25,2,50909,431,0.85,0,431,0.85,-235,-0.46,31790.5,31.79,10
495,Exit long,2023-02-06 09:20,L-TP1,12496.5,2,50286,-300,-0.60,0,83,0.17,-300,-0.60,31490.5,31.49,4
495,Entry long,2023-02-06 09:00,ORB Long A (2c),12571.5,2,50286,-300,-0.60,0,83,0.17,-300,-0.60,31490.5,31.49,4
496,Exit long,2023-02-06 14:10,L-TP1,12501.25,2,50305,-300,-0.60,0,130,0.26,-300,-0.60,31190.5,31.19,47
496,Entry long,2023-02-06 10:15,ORB Long B+ (2c),12576.25,2,50305,-300,-0.60,0,130,0.26,-300,-0.60,31190.5,31.19,47
497,Exit long,2023-02-07 11:45,L-TP1,12635,1,25107,163,0.65,0,163,0.65,-35,-0.14,31353.5,31.35,20
497,Entry long,2023-02-07 10:05,ORB Long C+ (1c),12553.5,1,25107,163,0.65,0,163,0.65,-35,-0.14,31353.5,31.35,20
498,Exit short,2023-02-08 09:30,S-TP1,12615,1,25362,132,0.52,0,132,0.52,-106,-0.42,31485.5,31.49,8
498,Entry short,2023-02-08 08:50,ORB Short C (1c),12681,1,25362,132,0.52,0,132,0.52,-106,-0.42,31485.5,31.49,8
499,Exit long,2023-02-10 09:50,L-TP1,12322.25,2,49589,-300,-0.60,0,98,0.20,-300,-0.60,31185.5,31.19,7
499,Entry long,2023-02-10 09:15,ORB Long B (2c),12397.25,2,49589,-300,-0.60,0,98,0.20,-300,-0.60,31185.5,31.19,7
500,Exit long,2023-02-13 10:20,L-TP1,12535,2,49844,296,0.59,0,296,0.59,-180,-0.36,31481.5,31.48,17
500,Entry long,2023-02-13 08:55,ORB Long A+ (2c),12461,2,49844,296,0.59,0,296,0.59,-180,-0.36,31481.5,31.48,17
501,Exit long,2023-02-14 09:00,L-TP1,12635,2,50168,372,0.74,0,372,0.74,-94,-0.19,31853.5,31.85,3
501,Entry long,2023-02-14 08:45,ORB Long B+ (2c),12542,2,50168,372,0.74,0,372,0.74,-94,-0.19,31853.5,31.85,3
502,Exit long,2023-02-14 12:05,L-TP1,12597.75,2,50109,282,0.56,0,282,0.56,-139,-0.28,32135.5,32.14,7
502,Entry long,2023-02-14 11:30,ORB Long B+ (2c),12527.25,2,50109,282,0.56,0,282,0.56,-139,-0.28,32135.5,32.14,7
503,Exit long,2023-02-15 08:50,L-TP1,12553,2,50512,-300,-0.59,0,14,0.03,-300,-0.59,31835.5,31.84,1
503,Entry long,2023-02-15 08:45,ORB Long A (2c),12628,2,50512,-300,-0.59,0,14,0.03,-300,-0.59,31835.5,31.84,1
504,Exit long,2023-02-15 13:05,L-TP1,12706.25,2,50529,296,0.59,0,296,0.59,-106,-0.21,32131.5,32.13,32
504,Entry long,2023-02-15 10:25,ORB Long B+ (2c),12632.25,2,50529,296,0.59,0,296,0.59,-106,-0.21,32131.5,32.13,32
505,Exit short,2023-02-24 15:25,EOD Close,12004,2,47869,-147,-0.31,0,178,0.37,-217,-0.45,31984.5,31.98,80
505,Entry short,2023-02-24 08:45,ORB Short A (2c),11967.25,2,47869,-147,-0.31,0,178,0.37,-217,-0.45,31984.5,31.98,80
506,Exit long,2023-02-28 15:10,L-TP1,12038.75,2,48455,-300,-0.62,0,240,0.50,-300,-0.62,31684.5,31.68,74
506,Entry long,2023-02-28 09:00,ORB Long B (2c),12113.75,2,48455,-300,-0.62,0,240,0.50,-300,-0.62,31684.5,31.68,74
507,Exit short,2023-03-01 15:25,EOD Close,11981.75,2,47924,-3,-0.01,0,224,0.47,-228,-0.48,31681.5,31.68,76
507,Entry short,2023-03-01 09:05,ORB Short A+ (2c),11981,2,47924,-3,-0.01,0,224,0.47,-228,-0.48,31681.5,31.68,76
508,Exit short,2023-03-10 09:00,S-TP1,11961.25,2,47545,-300,-0.63,0,73,0.15,-300,-0.63,31381.5,31.38,3
508,Entry short,2023-03-10 08:45,ORB Short B+ (2c),11886.25,2,47545,-300,-0.63,0,73,0.15,-300,-0.63,31381.5,31.38,3
509,Exit short,2023-03-10 12:40,S-TP1,11815,1,23766.5,136.5,0.57,0,136.5,0.57,-19,-0.08,31518,31.52,5
509,Entry short,2023-03-10 12:15,ORB Short C+ (1c),11883.25,1,23766.5,136.5,0.57,0,136.5,0.57,-19,-0.08,31518,31.52,5
510,Exit long,2023-03-14 13:00,L-TP1,12219.5,2,49178,-300,-0.61,0,248,0.50,-300,-0.61,31218,31.22,44
510,Entry long,2023-03-14 09:20,ORB Long B (2c),12294.5,2,49178,-300,-0.61,0,248,0.50,-300,-0.61,31218,31.22,44
511,Exit long,2023-03-15 11:05,L-TP1,12223.75,1,24597.5,-150,-0.61,0,5,0.02,-150,-0.61,31068,31.07,4
511,Entry long,2023-03-15 10:45,ORB Long C (1c),12298.75,1,24597.5,-150,-0.61,0,5,0.02,-150,-0.61,31068,31.07,4
512,Exit long,2023-03-15 13:25,L-TP1,12353,1,24565.5,140.5,0.57,0,140.5,0.57,-95,-0.39,31208.5,31.21,12
512,Entry long,2023-03-15 12:25,ORB Long C (1c),12282.75,1,24565.5,140.5,0.57,0,140.5,0.57,-95,-0.39,31208.5,31.21,12
513,Exit long,2023-03-16 09:45,L-TP1,12485,2,49668,272,0.55,0,272,0.55,-216,-0.43,31480.5,31.48,10
513,Entry long,2023-03-16 08:55,ORB Long B+ (2c),12417,2,49668,272,0.55,0,272,0.55,-216,-0.43,31480.5,31.48,10
514,Exit long,2023-03-17 09:15,L-TP1,12718,2,51172,-300,-0.59,0,17,0.03,-300,-0.59,31180.5,31.18,3
514,Entry long,2023-03-17 09:00,ORB Long A (2c),12793,2,51172,-300,-0.59,0,17,0.03,-300,-0.59,31180.5,31.18,3
515,Exit short,2023-03-17 09:40,S-TP1,12615,1,25374.5,144.5,0.57,0,144.5,0.57,-32.5,-0.13,31325,31.32,3
515,Entry short,2023-03-17 09:25,ORB Short C (1c),12687.25,1,25374.5,144.5,0.57,0,144.5,0.57,-32.5,-0.13,31325,31.32,3
516,Exit long,2023-03-20 15:25,EOD Close,12690.25,2,50541,220,0.44,0,291,0.58,-279,-0.55,31545,31.55,68
516,Entry long,2023-03-20 09:45,ORB Long A (2c),12635.25,2,50541,220,0.44,0,291,0.58,-279,-0.55,31545,31.55,68
517,Exit long,2023-03-23 09:40,L-TP1,12959,2,51576,260,0.50,0,260,0.50,-24,-0.05,31805,31.81,8
517,Entry long,2023-03-23 09:00,ORB Long A (2c),12894,2,51576,260,0.50,0,260,0.50,-24,-0.05,31805,31.81,8
518,Exit long,2023-03-27 09:35,L-TP1,12868.25,2,51773,-300,-0.58,0,88,0.17,-300,-0.58,31505,31.51,10
518,Entry long,2023-03-27 08:45,ORB Long A+ (2c),12943.25,2,51773,-300,-0.58,0,88,0.17,-300,-0.58,31505,31.51,10
519,Exit short,2023-03-27 10:40,S-TP1,12814.25,1,25758.5,130,0.50,0,130,0.50,-38.5,-0.15,31635,31.64,12
519,Entry short,2023-03-27 09:40,ORB Short C (1c),12879.25,1,25758.5,130,0.50,0,130,0.50,-38.5,-0.15,31635,31.64,12
520,Exit long,2023-03-31 11:25,L-TP1,13235,2,52590,350,0.67,0,350,0.67,-69,-0.13,31985,31.99,32
520,Entry long,2023-03-31 08:45,ORB Long A+ (2c),13147.5,2,52590,350,0.67,0,350,0.67,-69,-0.13,31985,31.99,32
521,Exit long,2023-04-03 09:50,L-TP1,13185,2,53040,-300,-0.57,0,33,0.06,-300,-0.57,31685,31.69,13
521,Entry long,2023-04-03 08:45,ORB Long A (2c),13260,2,53040,-300,-0.57,0,33,0.06,-300,-0.57,31685,31.69,13
522,Exit long,2023-04-04 10:10,L-TP1,13227.5,2,53210,-300,-0.56,0,97,0.18,-300,-0.56,31385,31.39,14
522,Entry long,2023-04-04 09:00,ORB Long A (2c),13302.5,2,53210,-300,-0.56,0,97,0.18,-300,-0.56,31385,31.39,14
523,Exit long,2023-04-06 10:35,L-TP1,13097,2,52104,284,0.55,0,284,0.55,-74,-0.14,31669,31.67,18
523,Entry long,2023-04-06 09:05,ORB Long A+ (2c),13026,2,52104,284,0.55,0,284,0.55,-74,-0.14,31669,31.67,18
524,Exit short,2023-04-10 10:10,S-TP1,13058.25,2,51933,-300,-0.58,0,63,0.12,-300,-0.58,31369,31.37,17
524,Entry short,2023-04-10 08:45,ORB Short B (2c),12983.25,2,51933,-300,-0.58,0,63,0.12,-300,-0.58,31369,31.37,17
525,Exit long,2023-04-10 12:25,L-TP1,13132.5,2,52265,265,0.51,0,265,0.51,-1,0.00,31634,31.63,11
525,Entry long,2023-04-10 11:30,ORB Long A (2c),13066.25,2,52265,265,0.51,0,265,0.51,-1,0.00,31634,31.63,11
526,Exit long,2023-04-13 12:10,L-TP1,13161,2,52384,260,0.50,0,260,0.50,-25,-0.05,31894,31.89,37
526,Entry long,2023-04-13 09:05,ORB Long A+ (2c),13096,2,52384,260,0.50,0,260,0.50,-25,-0.05,31894,31.89,37
527,Exit long,2023-04-14 09:20,L-TP1,13148,2,52892,-300,-0.57,0,128,0.24,-300,-0.57,31594,31.59,7
527,Entry long,2023-04-14 08:45,ORB Long A (2c),13223,2,52892,-300,-0.57,0,128,0.24,-300,-0.57,31594,31.59,7
528,Exit long,2023-04-19 11:30,L-TP1,13200.5,2,52542,260,0.49,0,260,0.49,-46,-0.09,31854,31.85,23
528,Entry long,2023-04-19 09:35,ORB Long A (2c),13135.5,2,52542,260,0.49,0,260,0.49,-46,-0.09,31854,31.85,23
529,Exit long,2023-04-20 12:05,L-TP1,13185,2,52461,279,0.53,0,279,0.53,-94,-0.18,32133,32.13,40
529,Entry long,2023-04-20 08:45,ORB Long A (2c),13115.25,2,52461,279,0.53,0,279,0.53,-94,-0.18,32133,32.13,40
530,Exit short,2023-04-24 15:25,EOD Close,13063.25,1,26062,-64.5,-0.25,0,127.5,0.49,-74,-0.28,32068.5,32.07,70
530,Entry short,2023-04-24 09:35,ORB Short C (1c),13031,1,26062,-64.5,-0.25,0,127.5,0.49,-74,-0.28,32068.5,32.07,70
531,Exit long,2023-04-28 10:00,L-TP1,13191,2,53064,-300,-0.57,0,109,0.21,-300,-0.57,31768.5,31.77,10
531,Entry long,2023-04-28 09:10,ORB Long A (2c),13266,2,53064,-300,-0.57,0,109,0.21,-300,-0.57,31768.5,31.77,10
532,Exit long,2023-04-28 14:55,L-TP1,13316.5,2,53002,264,0.50,0,264,0.50,-59,-0.11,32032.5,32.03,50
532,Entry long,2023-04-28 10:45,ORB Long B+ (2c),13250.5,2,53002,264,0.50,0,264,0.50,-59,-0.11,32032.5,32.03,50
533,Exit short,2023-05-02 09:25,S-TP1,13199.5,2,53058,260,0.49,0,260,0.49,-12,-0.02,32292.5,32.29,4
533,Entry short,2023-05-02 09:05,ORB Short B (2c),13264.5,2,53058,260,0.49,0,260,0.49,-12,-0.02,32292.5,32.29,4
534,Exit long,2023-05-05 09:40,L-TP1,13278.25,2,52709,404,0.77,0,404,0.77,-37,-0.07,32696.5,32.70,11
534,Entry long,2023-05-05 08:45,ORB Long A (2c),13177.25,2,52709,404,0.77,0,404,0.77,-37,-0.07,32696.5,32.70,11
535,Exit long,2023-05-10 09:40,L-TP1,13348.75,1,26847.5,-150,-0.56,0,20.5,0.08,-150,-0.56,32546.5,32.55,7
535,Entry long,2023-05-10 09:05,ORB Long C (1c),13423.75,1,26847.5,-150,-0.56,0,20.5,0.08,-150,-0.56,32546.5,32.55,7
536,Exit short,2023-05-11 11:20,S-TP1,13451.5,1,26753,-150,-0.56,0,30,0.11,-150,-0.56,32396.5,32.40,22
536,Entry short,2023-05-11 09:30,ORB Short C (1c),13376.5,1,26753,-150,-0.56,0,30,0.11,-150,-0.56,32396.5,32.40,22
537,Exit long,2023-05-11 15:25,EOD Close,13443,2,53760,12,0.02,0,128,0.24,-186,-0.35,32408.5,32.41,35
537,Entry long,2023-05-11 12:30,ORB Long A (2c),13440,2,53760,12,0.02,0,128,0.24,-186,-0.35,32408.5,32.41,35
538,Exit long,2023-05-16 15:25,EOD Close,13503,2,54015,-3,-0.01,0,202,0.37,-208,-0.39,32405.5,32.41,80
538,Entry long,2023-05-16 08:45,ORB Long A (2c),13503.75,2,54015,-3,-0.01,0,202,0.37,-208,-0.39,32405.5,32.41,80
539,Exit long,2023-05-18 09:30,L-TP1,13785,2,54851,289,0.53,0,289,0.53,-49,-0.09,32694.5,32.69,7
539,Entry long,2023-05-18 08:55,ORB Long A (2c),13712.75,2,54851,289,0.53,0,289,0.53,-49,-0.09,32694.5,32.69,7
540,Exit long,2023-05-22 15:25,EOD Close,13910.75,2,55712,-69,-0.12,0,75,0.13,-264,-0.47,32625.5,32.63,80
540,Entry long,2023-05-22 08:45,ORB Long A (2c),13928,2,55712,-69,-0.12,0,75,0.13,-264,-0.47,32625.5,32.63,80
541,Exit short,2023-05-23 13:20,S-TP1,13715,2,55221,361,0.65,0,361,0.65,-55,-0.10,32986.5,32.99,21
541,Entry short,2023-05-23 11:35,ORB Short B (2c),13805.25,2,55221,361,0.65,0,361,0.65,-55,-0.10,32986.5,32.99,21
542,Exit long,2023-05-25 15:25,EOD Close,13987,2,55905,43,0.08,0,221,0.40,-220,-0.39,33029.5,33.03,63
542,Entry long,2023-05-25 10:10,ORB Long B+ (2c),13976.25,2,55905,43,0.08,0,221,0.40,-220,-0.39,33029.5,33.03,63
543,Exit long,2023-05-26 09:25,L-TP1,14185,2,56385,355,0.63,0,355,0.63,-2,0.00,33384.5,33.38,8
543,Entry long,2023-05-26 08:45,ORB Long A+ (2c),14096.25,2,56385,355,0.63,0,355,0.63,-2,0.00,33384.5,33.38,8
544,Exit long,2023-05-31 09:15,L-TP1,14320.25,2,57581,-300,-0.52,0,51,0.09,-300,-0.52,33084.5,33.08,6
544,Entry long,2023-05-31 08:45,ORB Long A+ (2c),14395.25,2,57581,-300,-0.52,0,51,0.09,-300,-0.52,33084.5,33.08,6
545,Exit long,2023-06-01 10:15,L-TP1,14388,2,57292,260,0.45,0,260,0.45,-201,-0.35,33344.5,33.34,15
545,Entry long,2023-06-01 09:00,ORB Long A+ (2c),14323,2,57292,260,0.45,0,260,0.45,-201,-0.35,33344.5,33.34,15
546,Exit long,2023-06-05 13:30,L-TP1,14581.5,2,58626,-300,-0.51,0,155,0.26,-300,-0.51,33044.5,33.04,44
546,Entry long,2023-06-05 09:50,ORB Long A (2c),14656.5,2,58626,-300,-0.51,0,155,0.26,-300,-0.51,33044.5,33.04,44
547,Exit long,2023-06-06 15:25,EOD Close,14589.25,2,58246,111,0.19,0,250,0.43,-135,-0.23,33155.5,33.16,74
547,Entry long,2023-06-06 09:15,ORB Long B (2c),14561.5,2,58246,111,0.19,0,250,0.43,-135,-0.23,33155.5,33.16,74
548,Exit long,2023-06-08 10:05,L-TP1,14485,2,57624,316,0.55,0,316,0.55,-59,-0.10,33471.5,33.47,11
548,Entry long,2023-06-08 09:10,ORB Long A (2c),14406,2,57624,316,0.55,0,316,0.55,-59,-0.10,33471.5,33.47,11
549,Exit long,2023-06-09 10:25,L-TP1,14559.25,2,58537,-300,-0.51,0,215,0.37,-300,-0.51,33171.5,33.17,20
549,Entry long,2023-06-09 08:45,ORB Long A+ (2c),14634.25,2,58537,-300,-0.51,0,215,0.37,-300,-0.51,33171.5,33.17,20
550,Exit short,2023-06-09 15:25,EOD Close,14570.25,1,29102.5,-38,-0.13,0,110.5,0.38,-127.5,-0.44,33133.5,33.13,60
550,Entry short,2023-06-09 10:25,ORB Short C+ (1c),14551.25,1,29102.5,-38,-0.13,0,110.5,0.38,-127.5,-0.44,33133.5,33.13,60
551,Exit short,2023-06-13 09:10,S-TP1,14965,2,60170,310,0.52,0,310,0.52,-95,-0.16,33443.5,33.44,5
551,Entry short,2023-06-13 08:45,ORB Short B (2c),15042.5,2,60170,310,0.52,0,310,0.52,-95,-0.16,33443.5,33.44,5
552,Exit long,2023-06-14 10:15,L-TP1,15185,2,60468,272,0.45,0,272,0.45,-53,-0.09,33715.5,33.72,18
552,Entry long,2023-06-14 08:45,ORB Long A (2c),15117,2,60468,272,0.45,0,272,0.45,-53,-0.09,33715.5,33.72,18
553,Exit long,2023-06-15 10:15,L-TP1,15285,2,60768,372,0.61,0,372,0.61,-44,-0.07,34087.5,34.09,18
553,Entry long,2023-06-15 08:45,ORB Long A (2c),15192,2,60768,372,0.61,0,372,0.61,-44,-0.07,34087.5,34.09,18
554,Exit long,2023-06-20 09:00,L-TP1,15222.5,2,61190,-300,-0.49,0,10,0.02,-300,-0.49,33787.5,33.79,3
554,Entry long,2023-06-20 08:45,ORB Long B+ (2c),15297.5,2,61190,-300,-0.49,0,10,0.02,-300,-0.49,33787.5,33.79,3
555,Exit long,2023-06-22 09:15,L-TP1,15134.5,2,60278,260,0.43,0,260,0.43,-57,-0.09,34047.5,34.05,6
555,Entry long,2023-06-22 08:45,ORB Long B+ (2c),15069.5,2,60278,260,0.43,0,260,0.43,-57,-0.09,34047.5,34.05,6
556,Exit long,2023-06-23 15:25,EOD Close,15051.5,2,60412,-206,-0.34,0,210,0.35,-289,-0.48,33841.5,33.84,50
556,Entry long,2023-06-23 11:15,ORB Long B (2c),15103,2,60412,-206,-0.34,0,210,0.35,-289,-0.48,33841.5,33.84,50
557,Exit long,2023-06-26 09:40,L-TP1,15048,2,60492,-300,-0.50,0,117,0.19,-300,-0.50,33541.5,33.54,10
557,Entry long,2023-06-26 08:50,ORB Long A+ (2c),15123,2,60492,-300,-0.50,0,117,0.19,-300,-0.50,33541.5,33.54,10
558,Exit short,2023-06-26 11:10,S-TP1,14915,1,30048,218,0.73,0,218,0.73,-18.5,-0.06,33759.5,33.76,12
558,Entry short,2023-06-26 10:10,ORB Short C (1c),15024,1,30048,218,0.73,0,218,0.73,-18.5,-0.06,33759.5,33.76,12
559,Exit long,2023-06-27 11:40,L-TP1,15052.25,2,59929,280,0.47,0,280,0.47,-33,-0.06,34039.5,34.04,15
559,Entry long,2023-06-27 10:25,ORB Long A (2c),14982.25,2,59929,280,0.47,0,280,0.47,-33,-0.06,34039.5,34.04,15
560,Exit long,2023-06-28 09:35,L-TP1,15185,2,60456,284,0.47,0,284,0.47,-54,-0.09,34323.5,34.32,4
560,Entry long,2023-06-28 09:15,ORB Long A+ (2c),15114,2,60456,284,0.47,0,284,0.47,-54,-0.09,34323.5,34.32,4
561,Exit long,2023-06-28 15:25,EOD Close,15164.5,2,60451,207,0.34,0,266,0.44,-190,-0.31,34530.5,34.53,37
561,Entry long,2023-06-28 12:20,ORB Long A (2c),15112.75,2,60451,207,0.34,0,266,0.44,-190,-0.31,34530.5,34.53,37
562,Exit long,2023-06-30 15:25,EOD Close,15314,2,61309,-53,-0.09,0,197,0.32,-179,-0.29,34477.5,34.48,80
562,Entry long,2023-06-30 08:45,ORB Long A+ (2c),15327.25,2,61309,-53,-0.09,0,197,0.32,-179,-0.29,34477.5,34.48,80
563,Exit long,2023-07-05 15:25,EOD Close,15355.25,2,61539,-118,-0.19,0,188,0.31,-242,-0.39,34359.5,34.36,79
563,Entry long,2023-07-05 08:50,ORB Long B+ (2c),15384.75,2,61539,-118,-0.19,0,188,0.31,-242,-0.39,34359.5,34.36,79
564,Exit long,2023-07-06 15:25,EOD Close,15226.75,2,60862,45,0.07,0,147,0.24,-96,-0.16,34404.5,34.40,42
564,Entry long,2023-07-06 11:55,ORB Long B (2c),15215.5,2,60862,45,0.07,0,147,0.24,-96,-0.16,34404.5,34.40,42
565,Exit long,2023-07-07 11:35,L-TP1,15335,2,60993,347,0.57,0,347,0.57,-275,-0.45,34751.5,34.75,34
565,Entry long,2023-07-07 08:45,ORB Long A+ (2c),15248.25,2,60993,347,0.57,0,347,0.57,-275,-0.45,34751.5,34.75,34
566,Exit long,2023-07-11 13:35,L-TP1,15161,2,60944,-300,-0.49,0,56,0.09,-300,-0.49,34451.5,34.45,32
566,Entry long,2023-07-11 10:55,ORB Long B (2c),15236,2,60944,-300,-0.49,0,56,0.09,-300,-0.49,34451.5,34.45,32
567,Exit long,2023-07-13 13:15,L-TP1,15685,2,62479,261,0.42,0,261,0.42,-249,-0.40,34712.5,34.71,53
567,Entry long,2023-07-13 08:50,ORB Long A+ (2c),15619.75,2,62479,261,0.42,0,261,0.42,-249,-0.40,34712.5,34.71,53
568,Exit long,2023-07-14 12:05,L-TP1,15731,2,63224,-300,-0.47,0,206,0.33,-300,-0.47,34412.5,34.41,39
568,Entry long,2023-07-14 08:50,ORB Long A (2c),15806,2,63224,-300,-0.47,0,206,0.33,-300,-0.47,34412.5,34.41,39
569,Exit long,2023-07-17 14:20,L-TP1,15885,2,63137,403,0.64,0,403,0.64,-96,-0.15,34815.5,34.82,46
569,Entry long,2023-07-17 10:30,ORB Long B+ (2c),15784.25,2,63137,403,0.64,0,403,0.64,-96,-0.15,34815.5,34.82,46
570,Exit long,2023-07-18 12:10,L-TP1,15935,2,63326,414,0.65,0,414,0.65,-1,0.00,35229.5,35.23,18
570,Entry long,2023-07-18 10:40,ORB Long A+ (2c),15831.5,2,63326,414,0.65,0,414,0.65,-1,0.00,35229.5,35.23,18
571,Exit long,2023-07-19 11:25,L-TP1,15966.5,2,64166,-300,-0.47,0,84,0.13,-300,-0.47,34929.5,34.93,15
571,Entry long,2023-07-19 10:10,ORB Long A (2c),16041.5,2,64166,-300,-0.47,0,84,0.13,-300,-0.47,34929.5,34.93,15
572,Exit short,2023-07-19 15:25,EOD Close,15937.75,1,31920,44.5,0.14,0,98,0.31,-79.5,-0.25,34974,34.97,46
572,Entry short,2023-07-19 11:35,ORB Short C (1c),15960,1,31920,44.5,0.14,0,98,0.31,-79.5,-0.25,34974,34.97,46
573,Exit short,2023-07-20 09:25,S-TP1,15748.5,2,63289,295,0.47,0,295,0.47,-39,-0.06,35269,35.27,5
573,Entry short,2023-07-20 09:00,ORB Short B (2c),15822.25,2,63289,295,0.47,0,295,0.47,-39,-0.06,35269,35.27,5
574,Exit long,2023-07-25 13:45,L-TP1,15735,2,62579,361,0.58,0,361,0.58,-168,-0.27,35630,35.63,60
574,Entry long,2023-07-25 08:45,ORB Long B+ (2c),15644.75,2,62579,361,0.58,0,361,0.58,-168,-0.27,35630,35.63,60
575,Exit short,2023-07-27 12:30,S-TP1,15731.25,1,31603,140.5,0.44,0,140.5,0.44,-26.5,-0.08,35770.5,35.77,5
575,Entry short,2023-07-27 12:05,ORB Short C (1c),15801.5,1,31603,140.5,0.44,0,140.5,0.44,-26.5,-0.08,35770.5,35.77,5
576,Exit long,2023-07-28 10:40,L-TP1,15885,2,63203,337,0.53,0,337,0.53,-77,-0.12,36107.5,36.11,23
576,Entry long,2023-07-28 08:45,ORB Long A (2c),15800.75,2,63203,337,0.53,0,337,0.53,-77,-0.12,36107.5,36.11,23
577,Exit short,2023-08-07 13:00,S-TP1,15457.75,2,61531,-300,-0.49,0,193,0.31,-300,-0.49,35807.5,35.81,51
577,Entry short,2023-08-07 08:45,ORB Short A (2c),15382.75,2,61531,-300,-0.49,0,193,0.31,-300,-0.49,35807.5,35.81,51
578,Exit short,2023-08-08 14:45,S-TP1,15361.5,2,61146,-300,-0.49,0,281,0.46,-300,-0.49,35507.5,35.51,72
578,Entry short,2023-08-08 08:45,ORB Short A (2c),15286.5,2,61146,-300,-0.49,0,281,0.46,-300,-0.49,35507.5,35.51,72
579,Exit short,2023-08-09 09:55,S-TP1,15212.75,2,61111,260,0.43,0,260,0.43,-95,-0.16,35767.5,35.77,13
579,Entry short,2023-08-09 08:50,ORB Short A (2c),15277.75,2,61111,260,0.43,0,260,0.43,-95,-0.16,35767.5,35.77,13
580,Exit long,2023-08-10 10:00,L-TP1,15302.5,2,61510,-300,-0.49,0,257,0.42,-300,-0.49,35467.5,35.47,15
580,Entry long,2023-08-10 08:45,ORB Long B (2c),15377.5,2,61510,-300,-0.49,0,257,0.42,-300,-0.49,35467.5,35.47,15
581,Exit short,2023-08-10 12:20,S-TP1,15189.75,2,61088,329,0.54,0,329,0.54,-217,-0.36,35796.5,35.80,24
581,Entry short,2023-08-10 10:20,ORB Short A (2c),15272,2,61088,329,0.54,0,329,0.54,-217,-0.36,35796.5,35.80,24
582,Exit short,2023-08-11 11:15,S-TP1,15116,2,60164,-300,-0.50,0,6,0.01,-300,-0.50,35496.5,35.50,9
582,Entry short,2023-08-11 10:30,ORB Short B+ (2c),15041,2,60164,-300,-0.50,0,6,0.01,-300,-0.50,35496.5,35.50,9
583,Exit short,2023-08-11 13:30,S-TP1,15132,2,60228,-300,-0.50,0,14,0.02,-300,-0.50,35196.5,35.20,17
583,Entry short,2023-08-11 12:05,ORB Short B+ (2c),15057,2,60228,-300,-0.50,0,14,0.02,-300,-0.50,35196.5,35.20,17
584,Exit long,2023-08-14 09:35,L-TP1,15185,2,60464,276,0.46,0,276,0.46,-64,-0.11,35472.5,35.47,9
584,Entry long,2023-08-14 08:50,ORB Long B (2c),15116,2,60464,276,0.46,0,276,0.46,-64,-0.11,35472.5,35.47,9
585,Exit short,2023-08-15 09:05,S-TP1,15131.25,2,60785,260,0.43,0,260,0.43,-84,-0.14,35732.5,35.73,4
585,Entry short,2023-08-15 08:45,ORB Short A (2c),15196.25,2,60785,260,0.43,0,260,0.43,-84,-0.14,35732.5,35.73,4
586,Exit short,2023-08-16 14:10,S-TP1,14965,2,60178,318,0.53,0,318,0.53,-170,-0.28,36050.5,36.05,39
586,Entry short,2023-08-16 10:55,ORB Short B+ (2c),15044.5,2,60178,318,0.53,0,318,0.53,-170,-0.28,36050.5,36.05,39
587,Exit short,2023-08-17 13:50,S-TP1,14815,2,59661,401,0.67,0,401,0.67,-170,-0.28,36451.5,36.45,60
587,Entry short,2023-08-17 08:50,ORB Short A+ (2c),14915.25,2,59661,401,0.67,0,401,0.67,-170,-0.28,36451.5,36.45,60
588,Exit short,2023-08-21 11:20,S-TP1,14870.25,2,59181,-300,-0.51,0,28,0.05,-300,-0.51,36151.5,36.15,8
588,Entry short,2023-08-21 10:40,ORB Short B (2c),14795.25,2,59181,-300,-0.51,0,28,0.05,-300,-0.51,36151.5,36.15,8
589,Exit short,2023-08-22 11:15,S-TP1,14937.75,2,60063,312,0.52,0,312,0.52,-164,-0.27,36463.5,36.46,29
589,Entry short,2023-08-22 08:50,ORB Short B+ (2c),15015.75,2,60063,312,0.52,0,312,0.52,-164,-0.27,36463.5,36.46,29
590,Exit short,2023-08-25 09:45,S-TP1,14822.75,2,59551,260,0.44,0,260,0.44,-80,-0.13,36723.5,36.72,4
590,Entry short,2023-08-25 09:25,ORB Short B+ (2c),14887.75,2,59551,260,0.44,0,260,0.44,-80,-0.13,36723.5,36.72,4
591,Exit short,2023-08-25 13:20,S-TP1,14948.5,2,59494,-300,-0.50,0,146,0.25,-300,-0.50,36423.5,36.42,13
591,Entry short,2023-08-25 12:15,ORB Short B+ (2c),14873.5,2,59494,-300,-0.50,0,146,0.25,-300,-0.50,36423.5,36.42,13
592,Exit short,2023-08-28 14:45,S-TP1,15108.25,2,60133,-300,-0.50,0,199,0.33,-300,-0.50,36123.5,36.12,61
592,Entry short,2023-08-28 09:40,ORB Short B (2c),15033.25,2,60133,-300,-0.50,0,199,0.33,-300,-0.50,36123.5,36.12,61
593,Exit long,2023-08-30 09:25,L-TP1,15388.5,2,61854,-300,-0.49,0,176,0.28,-300,-0.49,35823.5,35.82,7
593,Entry long,2023-08-30 08:50,ORB Long B (2c),15463.5,2,61854,-300,-0.49,0,176,0.28,-300,-0.49,35823.5,35.82,7
594,Exit long,2023-08-30 15:25,EOD Close,15512,2,61801,247,0.40,0,297,0.48,-94,-0.15,36070.5,36.07,70
594,Entry long,2023-08-30 09:35,ORB Long B (2c),15450.25,2,61801,247,0.40,0,297,0.48,-94,-0.15,36070.5,36.07,70
595,Exit long,2023-08-31 15:25,EOD Close,15541.25,2,62267,-102,-0.16,0,160,0.26,-292,-0.47,35968.5,35.97,78
595,Entry long,2023-08-31 08:55,ORB Long A+ (2c),15566.75,2,62267,-102,-0.16,0,160,0.26,-292,-0.47,35968.5,35.97,78
596,Exit long,2023-09-05 13:25,L-TP1,15580.5,2,62043,279,0.45,0,279,0.45,-135,-0.22,36247.5,36.25,49
596,Entry long,2023-09-05 09:20,ORB Long B (2c),15510.75,2,62043,279,0.45,0,279,0.45,-135,-0.22,36247.5,36.25,49
597,Exit short,2023-09-11 12:30,S-TP1,15440,2,61460,-300,-0.49,0,105,0.17,-300,-0.49,35947.5,35.95,43
597,Entry short,2023-09-11 08:55,ORB Short B (2c),15365,2,61460,-300,-0.49,0,105,0.17,-300,-0.49,35947.5,35.95,43
598,Exit long,2023-09-11 15:25,EOD Close,15477.25,2,61808,101,0.16,0,184,0.30,-1,0.00,36048.5,36.05,32
598,Entry long,2023-09-11 12:45,ORB Long A (2c),15452,2,61808,101,0.16,0,184,0.30,-1,0.00,36048.5,36.05,32
599,Exit long,2023-09-12 09:30,L-TP1,15575.25,2,62601,-300,-0.48,0,16,0.03,-300,-0.48,35748.5,35.75,7
599,Entry long,2023-09-12 08:55,ORB Long A (2c),15650.25,2,62601,-300,-0.48,0,16,0.03,-300,-0.48,35748.5,35.75,7
600,Exit short,2023-09-12 13:50,S-TP1,15511,1,31152,130,0.42,0,130,0.42,-79.5,-0.26,35878.5,35.88,51
600,Entry short,2023-09-12 09:35,ORB Short C (1c),15576,1,31152,130,0.42,0,130,0.42,-79.5,-0.26,35878.5,35.88,51
601,Exit short,2023-09-13 09:40,S-TP1,15559,1,30968,-150,-0.48,0,60,0.19,-150,-0.48,35728.5,35.73,7
601,Entry short,2023-09-13 09:05,ORB Short C (1c),15484,1,30968,-150,-0.48,0,60,0.19,-150,-0.48,35728.5,35.73,7
602,Exit long,2023-09-13 15:25,EOD Close,15568.75,2,62325,-50,-0.08,0,155,0.25,-292,-0.47,35678.5,35.68,65
602,Entry long,2023-09-13 10:00,ORB Long A (2c),15581.25,2,62325,-50,-0.08,0,155,0.25,-292,-0.47,35678.5,35.68,65
603,Exit short,2023-09-14 09:40,S-TP1,15636,1,31122,-150,-0.48,0,60,0.19,-150,-0.48,35528.5,35.53,10
603,Entry short,2023-09-14 08:50,ORB Short C (1c),15561,1,31122,-150,-0.48,0,60,0.19,-150,-0.48,35528.5,35.53,10
604,Exit long,2023-09-14 15:25,EOD Close,15695.5,2,62581,201,0.32,0,278,0.44,-73,-0.12,35729.5,35.73,69
604,Entry long,2023-09-14 09:40,ORB Long B+ (2c),15645.25,2,62581,201,0.32,0,278,0.44,-73,-0.12,35729.5,35.73,69
605,Exit long,2023-09-18 15:25,EOD Close,15427.25,2,61742,-33,-0.05,0,101,0.16,-225,-0.36,35696.5,35.70,59
605,Entry long,2023-09-18 10:30,ORB Long B (2c),15435.5,2,61742,-33,-0.05,0,101,0.16,-225,-0.36,35696.5,35.70,59
606,Exit short,2023-09-21 14:55,S-TP1,14868.5,2,59853,379,0.63,0,379,0.63,-222,-0.37,36075.5,36.08,74
606,Entry short,2023-09-21 08:45,ORB Short B+ (2c),14963.25,2,59853,379,0.63,0,379,0.63,-222,-0.37,36075.5,36.08,74
607,Exit long,2023-09-22 13:15,L-TP1,14874.75,2,59799,-300,-0.50,0,310,0.52,-300,-0.50,35775.5,35.78,52
607,Entry long,2023-09-22 08:55,ORB Long B (2c),14949.75,2,59799,-300,-0.50,0,310,0.52,-300,-0.50,35775.5,35.78,52
608,Exit long,2023-09-28 10:20,L-TP1,14806.25,2,58932,293,0.50,0,293,0.50,-215,-0.36,36068.5,36.07,18
608,Entry long,2023-09-28 08:50,ORB Long B (2c),14733,2,58932,293,0.50,0,293,0.50,-215,-0.36,36068.5,36.07,18
609,Exit short,2023-10-05 09:10,S-TP1,14765,2,59388,328,0.55,0,328,0.55,-45,-0.08,36396.5,36.40,5
609,Entry short,2023-10-05 08:45,ORB Short A+ (2c),14847,2,59388,328,0.55,0,328,0.55,-45,-0.08,36396.5,36.40,5
610,Exit long,2023-10-10 10:05,L-TP1,15335,1,30481,189,0.62,0,189,0.62,-6,-0.02,36585.5,36.59,14
610,Entry long,2023-10-10 08:55,ORB Long C+ (1c),15240.5,1,30481,189,0.62,0,189,0.62,-6,-0.02,36585.5,36.59,14
611,Exit long,2023-10-12 12:10,L-TP1,15347.25,2,61689,-300,-0.49,0,189,0.31,-300,-0.49,36285.5,36.29,37
611,Entry long,2023-10-12 09:05,ORB Long B+ (2c),15422.25,2,61689,-300,-0.49,0,189,0.31,-300,-0.49,36285.5,36.29,37
612,Exit short,2023-10-13 09:50,S-TP1,15215,1,30577,147,0.48,0,147,0.48,-35,-0.11,36432.5,36.43,8
612,Entry short,2023-10-13 09:10,ORB Short C (1c),15288.5,1,30577,147,0.48,0,147,0.48,-35,-0.11,36432.5,36.43,8
613,Exit long,2023-10-16 14:10,L-TP1,15328.5,2,61054,260,0.43,0,260,0.43,-207,-0.34,36692.5,36.69,59
613,Entry long,2023-10-16 09:15,ORB Long B (2c),15263.5,2,61054,260,0.43,0,260,0.43,-207,-0.34,36692.5,36.69,59
614,Exit long,2023-10-18 09:35,L-TP1,15125.75,2,60803,-300,-0.49,0,93,0.15,-300,-0.49,36392.5,36.39,4
614,Entry long,2023-10-18 09:15,ORB Long B (2c),15200.75,2,60803,-300,-0.49,0,93,0.15,-300,-0.49,36392.5,36.39,4
615,Exit short,2023-10-20 09:50,S-TP1,14715,2,59134,274,0.46,0,274,0.46,-118,-0.20,36666.5,36.67,8
615,Entry short,2023-10-20 09:10,ORB Short A+ (2c),14783.5,2,59134,274,0.46,0,274,0.46,-118,-0.20,36666.5,36.67,8
616,Exit short,2023-10-24 13:30,S-TP1,14832,2,59028,-300,-0.51,0,205,0.35,-300,-0.51,36366.5,36.37,26
616,Entry short,2023-10-24 11:20,ORB Short B+ (2c),14757,2,59028,-300,-0.51,0,205,0.35,-300,-0.51,36366.5,36.37,26
617,Exit short,2023-10-25 12:00,S-TP1,14535.5,2,58452,310,0.53,0,310,0.53,-288,-0.49,36676.5,36.68,39
617,Entry short,2023-10-25 08:45,ORB Short A (2c),14613,2,58452,310,0.53,0,310,0.53,-288,-0.49,36676.5,36.68,39
618,Exit short,2023-10-26 09:10,S-TP1,14295.5,2,57452,270,0.47,0,270,0.47,-14,-0.02,36946.5,36.95,5
618,Entry short,2023-10-26 08:45,ORB Short A+ (2c),14363,2,57452,270,0.47,0,270,0.47,-14,-0.02,36946.5,36.95,5
619,Exit short,2023-10-27 10:10,S-TP1,14371.5,2,57186,-300,-0.52,0,90,0.16,-300,-0.52,36646.5,36.65,17
619,Entry short,2023-10-27 08:45,ORB Short B (2c),14296.5,2,57186,-300,-0.52,0,90,0.16,-300,-0.52,36646.5,36.65,17
620,Exit short,2023-10-27 12:55,S-TP1,14229.75,1,28589.5,130,0.45,0,130,0.45,-1,0.00,36776.5,36.78,11
620,Entry short,2023-10-27 12:00,ORB Short C+ (1c),14294.75,1,28589.5,130,0.45,0,130,0.45,-1,0.00,36776.5,36.78,11
621,Exit short,2023-10-30 12:30,S-TP1,14408.75,2,57335,-300,-0.52,0,110,0.19,-300,-0.52,36476.5,36.48,35
621,Entry short,2023-10-30 09:35,ORB Short B (2c),14333.75,2,57335,-300,-0.52,0,110,0.19,-300,-0.52,36476.5,36.48,35
622,Exit long,2023-11-03 11:25,L-TP1,15185,2,60461,279,0.46,0,279,0.46,-254,-0.42,36755.5,36.76,32
622,Entry long,2023-11-03 08:45,ORB Long B (2c),15115.25,2,60461,279,0.46,0,279,0.46,-254,-0.42,36755.5,36.76,32
623,Exit long,2023-11-07 09:50,L-TP1,15385,2,61192,348,0.57,0,348,0.57,-100,-0.16,37103.5,37.10,11
623,Entry long,2023-11-07 08:55,ORB Long A (2c),15298,2,61192,348,0.57,0,348,0.57,-100,-0.16,37103.5,37.10,11
624,Exit long,2023-11-09 09:30,L-TP1,15348,2,61692,-300,-0.49,0,39,0.06,-300,-0.49,36803.5,36.80,7
624,Entry long,2023-11-09 08:55,ORB Long A+ (2c),15423,2,61692,-300,-0.49,0,39,0.06,-300,-0.49,36803.5,36.80,7
625,Exit long,2023-11-09 12:00,L-TP1,15344.75,2,61679,-300,-0.49,0,134,0.22,-300,-0.49,36503.5,36.50,22
625,Entry long,2023-11-09 10:10,ORB Long A (2c),15419.75,2,61679,-300,-0.49,0,134,0.22,-300,-0.49,36503.5,36.50,22
626,Exit short,2023-11-09 13:40,S-TP1,15265,2,61383,323,0.53,0,323,0.53,-202,-0.33,36826.5,36.83,20
626,Entry short,2023-11-09 12:00,ORB Short B (2c),15345.75,2,61383,323,0.53,0,323,0.53,-202,-0.33,36826.5,36.83,20
627,Exit long,2023-11-10 11:00,L-TP1,15460.5,2,61537,305,0.50,0,305,0.50,-249,-0.40,37131.5,37.13,26
627,Entry long,2023-11-10 08:50,ORB Long A (2c),15384.25,2,61537,305,0.50,0,305,0.50,-249,-0.40,37131.5,37.13,26
628,Exit short,2023-11-13 10:00,S-TP1,15550.75,2,61903,-300,-0.48,0,42,0.07,-300,-0.48,36831.5,36.83,14
628,Entry short,2023-11-13 08:50,ORB Short B (2c),15475.75,2,61903,-300,-0.48,0,42,0.07,-300,-0.48,36831.5,36.83,14
629,Exit long,2023-11-13 15:25,EOD Close,15552.75,2,62221,-10,-0.02,0,137,0.22,-72,-0.12,36821.5,36.82,64
629,Entry long,2023-11-13 10:05,ORB Long A (2c),15555.25,2,62221,-10,-0.02,0,137,0.22,-72,-0.12,36821.5,36.82,64
630,Exit long,2023-11-14 15:25,EOD Close,15900.75,2,63448,155,0.24,0,227,0.36,-160,-0.25,36976.5,36.98,78
630,Entry long,2023-11-14 08:55,ORB Long B+ (2c),15862,2,63448,155,0.24,0,227,0.36,-160,-0.25,36976.5,36.98,78
631,Exit long,2023-11-20 13:40,L-TP1,16085,2,63985,355,0.55,0,355,0.55,-235,-0.37,37331.5,37.33,57
631,Entry long,2023-11-20 08:55,ORB Long B+ (2c),15996.25,2,63985,355,0.55,0,355,0.55,-235,-0.37,37331.5,37.33,57
632,Exit long,2023-11-27 15:25,EOD Close,16007,2,64176,-148,-0.23,0,180,0.28,-185,-0.29,37183.5,37.18,76
632,Entry long,2023-11-27 09:05,ORB Long B+ (2c),16044,2,64176,-148,-0.23,0,180,0.28,-185,-0.29,37183.5,37.18,76
633,Exit long,2023-12-01 10:40,L-TP1,16002.5,2,63750,260,0.41,0,260,0.41,-292,-0.46,37443.5,37.44,20
633,Entry long,2023-12-01 09:00,ORB Long A+ (2c),15937.5,2,63750,260,0.41,0,260,0.41,-292,-0.46,37443.5,37.44,20
634,Exit long,2023-12-05 09:20,L-TP1,15935,2,63409,331,0.52,0,331,0.52,-22,-0.03,37774.5,37.77,6
634,Entry long,2023-12-05 08:50,ORB Long A+ (2c),15852.25,2,63409,331,0.52,0,331,0.52,-22,-0.03,37774.5,37.77,6
635,Exit long,2023-12-05 15:25,EOD Close,15910.25,2,63473,168,0.26,0,231,0.36,-163,-0.26,37942.5,37.94,54
635,Entry long,2023-12-05 10:55,ORB Long A (2c),15868.25,2,63473,168,0.26,0,231,0.36,-163,-0.26,37942.5,37.94,54
636,Exit short,2023-12-06 14:50,S-TP1,15815,1,31841,211,0.66,0,211,0.66,-104,-0.33,38153.5,38.15,70
636,Entry short,2023-12-06 09:00,ORB Short C (1c),15920.5,1,31841,211,0.66,0,211,0.66,-104,-0.33,38153.5,38.15,70
637,Exit long,2023-12-07 15:25,EOD Close,16014,2,63975,81,0.13,0,288,0.45,-252,-0.39,38234.5,38.23,73
637,Entry long,2023-12-07 09:20,ORB Long A (2c),15993.75,2,63975,81,0.13,0,288,0.45,-252,-0.39,38234.5,38.23,73
638,Exit long,2023-12-08 15:25,EOD Close,16093.25,2,64180,193,0.30,0,296,0.46,-221,-0.34,38427.5,38.43,77
638,Entry long,2023-12-08 09:00,ORB Long A+ (2c),16045,2,64180,193,0.30,0,296,0.46,-221,-0.34,38427.5,38.43,77
639,Exit long,2023-12-11 12:45,L-TP1,16235,2,64603,337,0.52,0,337,0.52,-117,-0.18,38764.5,38.76,47
639,Entry long,2023-12-11 08:50,ORB Long A+ (2c),16150.75,2,64603,337,0.52,0,337,0.52,-117,-0.18,38764.5,38.76,47
640,Exit long,2023-12-12 13:20,L-TP1,16535,2,65868,272,0.41,0,272,0.41,-50,-0.08,39036.5,39.04,53
640,Entry long,2023-12-12 08:55,ORB Long B (2c),16467,2,65868,272,0.41,0,272,0.41,-50,-0.08,39036.5,39.04,53
641,Exit short,2023-12-14 12:00,S-TP1,16730.25,1,33610,149.5,0.44,0,149.5,0.44,-30.5,-0.09,39186,39.19,33
641,Entry short,2023-12-14 09:15,ORB Short C (1c),16805,1,33610,149.5,0.44,0,149.5,0.44,-30.5,-0.09,39186,39.19,33
642,Exit long,2023-12-15 12:45,L-TP1,16773,2,67392,-300,-0.45,0,157,0.23,-300,-0.45,38886,38.89,42
642,Entry long,2023-12-15 09:15,ORB Long A (2c),16848,2,67392,-300,-0.45,0,157,0.23,-300,-0.45,38886,38.89,42
643,Exit long,2023-12-18 15:25,EOD Close,16921.5,2,67514,172,0.25,0,383,0.57,-91,-0.13,39058,39.06,78
643,Entry long,2023-12-18 08:55,ORB Long A (2c),16878.5,2,67514,172,0.25,0,383,0.57,-91,-0.13,39058,39.06,78
644,Exit long,2023-12-19 15:25,EOD Close,17023,2,67990,102,0.15,0,128,0.19,-130,-0.19,39160,39.16,71
644,Entry long,2023-12-19 09:30,ORB Long A (2c),16997.5,2,67990,102,0.15,0,128,0.19,-130,-0.19,39160,39.16,71
645,Exit long,2023-12-20 13:45,L-TP1,16951,2,68104,-300,-0.44,0,190,0.28,-300,-0.44,38860,38.86,57
645,Entry long,2023-12-20 09:00,ORB Long A+ (2c),17026,2,68104,-300,-0.44,0,190,0.28,-300,-0.44,38860,38.86,57
646,Exit short,2023-12-22 13:20,S-TP1,16919.75,1,33969.5,130,0.38,0,130,0.38,-73.5,-0.22,38990,38.99,27
646,Entry short,2023-12-22 11:05,ORB Short C (1c),16984.75,1,33969.5,130,0.38,0,130,0.38,-73.5,-0.22,38990,38.99,27
647,Exit long,2023-12-26 15:25,EOD Close,17085.5,2,68230,112,0.16,0,216,0.32,-139,-0.20,39102,39.10,70
647,Entry long,2023-12-26 09:35,ORB Long A (2c),17057.5,2,68230,112,0.16,0,216,0.32,-139,-0.20,39102,39.10,70
648,Exit long,2024-01-08 11:00,L-TP1,16685,2,66329,411,0.62,0,411,0.62,-23,-0.03,39513,39.51,27
648,Entry long,2024-01-08 08:45,ORB Long B (2c),16582.25,2,66329,411,0.62,0,411,0.62,-23,-0.03,39513,39.51,27
649,Exit long,2024-01-09 10:20,L-TP1,16785.5,2,66882,260,0.39,0,260,0.39,-35,-0.05,39773,39.77,15
649,Entry long,2024-01-09 09:05,ORB Long A (2c),16720.5,2,66882,260,0.39,0,260,0.39,-35,-0.05,39773,39.77,15
650,Exit short,2024-01-11 09:00,S-TP1,16884.5,1,33899,130,0.38,0,130,0.38,-24,-0.07,39903,39.90,3
650,Entry short,2024-01-11 08:45,ORB Short C (1c),16949.5,1,33899,130,0.38,0,130,0.38,-24,-0.07,39903,39.90,3
651,Exit short,2024-01-12 15:25,EOD Close,16954.25,1,33918.5,10,0.03,0,92,0.27,-91.5,-0.27,39913,39.91,77
651,Entry short,2024-01-12 09:00,ORB Short C (1c),16959.25,1,33918.5,10,0.03,0,92,0.27,-91.5,-0.27,39913,39.91,77
652,Exit long,2024-01-16 09:45,L-TP1,17029.75,2,67859,260,0.38,0,260,0.38,-11,-0.02,40173,40.17,6
652,Entry long,2024-01-16 09:15,ORB Long B (2c),16964.75,2,67859,260,0.38,0,260,0.38,-11,-0.02,40173,40.17,6
653,Exit long,2024-01-16 13:15,L-TP1,16872.5,2,67790,-300,-0.44,0,3,0.00,-300,-0.44,39873,39.87,9
653,Entry long,2024-01-16 12:30,ORB Long B (2c),16947.5,2,67790,-300,-0.44,0,3,0.00,-300,-0.44,39873,39.87,9
654,Exit long,2024-01-18 12:00,L-TP1,16983.75,2,68235,-300,-0.44,0,175,0.26,-300,-0.44,39573,39.57,29
654,Entry long,2024-01-18 09:35,ORB Long A (2c),17058.75,2,68235,-300,-0.44,0,175,0.26,-300,-0.44,39573,39.57,29
655,Exit short,2024-01-18 13:10,S-TP1,17052.25,1,33954.5,-150,-0.44,0,69.5,0.20,-150,-0.44,39423,39.42,14
655,Entry short,2024-01-18 12:00,ORB Short C (1c),16977.25,1,33954.5,-150,-0.44,0,69.5,0.20,-150,-0.44,39423,39.42,14
656,Exit long,2024-01-23 15:00,L-TP1,17554.5,2,69958,260,0.37,0,260,0.37,-118,-0.17,39683,39.68,37
656,Entry long,2024-01-23 11:55,ORB Long A (2c),17489.5,2,69958,260,0.37,0,260,0.37,-118,-0.17,39683,39.68,37
657,Exit long,2024-01-24 11:30,L-TP1,17785,2,70812,328,0.46,0,328,0.46,-60,-0.08,40011,40.01,27
657,Entry long,2024-01-24 09:15,ORB Long A (2c),17703,2,70812,328,0.46,0,328,0.46,-60,-0.08,40011,40.01,27
658,Exit long,2024-01-25 11:30,L-TP1,17655.25,2,70921,-300,-0.42,0,87,0.12,-300,-0.42,39711,39.71,25
658,Entry long,2024-01-25 09:25,ORB Long B+ (2c),17730.25,2,70921,-300,-0.42,0,87,0.12,-300,-0.42,39711,39.71,25
659,Exit long,2024-01-29 14:15,L-TP1,17685,2,70395,345,0.49,0,345,0.49,-83,-0.12,40056,40.06,35
659,Entry long,2024-01-29 11:20,ORB Long A+ (2c),17598.75,2,70395,345,0.49,0,345,0.49,-83,-0.12,40056,40.06,35
660,Exit long,2024-02-02 10:30,L-TP1,17685,2,70344,396,0.56,0,396,0.56,-151,-0.21,40452,40.45,21
660,Entry long,2024-02-02 08:45,ORB Long B (2c),17586,2,70344,396,0.56,0,396,0.56,-151,-0.21,40452,40.45,21
661,Exit short,2024-02-05 09:15,S-TP1,17618,1,35379,143,0.40,0,143,0.40,-36.5,-0.10,40595,40.60,5
661,Entry short,2024-02-05 08:50,ORB Short C (1c),17689.5,1,35379,143,0.40,0,143,0.40,-36.5,-0.10,40595,40.60,5
662,Exit short,2024-02-06 09:10,S-TP1,17617.75,2,70792,321,0.45,0,321,0.45,-16,-0.02,40916,40.92,5
662,Entry short,2024-02-06 08:45,ORB Short B (2c),17698,2,70792,321,0.45,0,321,0.45,-16,-0.02,40916,40.92,5
663,Exit long,2024-02-07 15:25,EOD Close,17847.5,2,71229,161,0.23,0,275,0.39,-111,-0.16,41077,41.08,75
663,Entry long,2024-02-07 09:10,ORB Long A (2c),17807.25,2,71229,161,0.23,0,275,0.39,-111,-0.16,41077,41.08,75
664,Exit long,2024-02-08 15:25,EOD Close,17863.25,2,71412,41,0.06,0,174,0.24,-118,-0.17,41118,41.12,77
664,Entry long,2024-02-08 09:00,ORB Long B+ (2c),17853,2,71412,41,0.06,0,174,0.24,-118,-0.17,41118,41.12,77
665,Exit long,2024-02-14 09:55,L-TP1,17750.25,2,71301,-300,-0.42,0,87,0.12,-300,-0.42,40818,40.82,8
665,Entry long,2024-02-14 09:15,ORB Long B (2c),17825.25,2,71301,-300,-0.42,0,87,0.12,-300,-0.42,40818,40.82,8
666,Exit short,2024-02-15 12:15,S-TP1,17900.25,2,71301,-300,-0.42,0,180,0.25,-300,-0.42,40518,40.52,41
666,Entry short,2024-02-15 08:50,ORB Short B (2c),17825.25,2,71301,-300,-0.42,0,180,0.25,-300,-0.42,40518,40.52,41
667,Exit long,2024-02-15 15:25,EOD Close,17960.75,2,71666,177,0.25,0,208,0.29,-173,-0.24,40695,40.70,38
667,Entry long,2024-02-15 12:15,ORB Long A (2c),17916.5,2,71666,177,0.25,0,208,0.29,-173,-0.24,40695,40.70,38
668,Exit short,2024-02-16 08:50,S-TP1,17795.25,1,35724.5,134,0.38,0,134,0.38,-8.5,-0.02,40829,40.83,1
668,Entry short,2024-02-16 08:45,ORB Short C (1c),17862.25,1,35724.5,134,0.38,0,134,0.38,-8.5,-0.02,40829,40.83,1
669,Exit long,2024-02-22 11:55,L-TP1,18011.25,2,71782,263,0.37,0,263,0.37,-217,-0.30,41092,41.09,38
669,Entry long,2024-02-22 08:45,ORB Long A (2c),17945.5,2,71782,263,0.37,0,263,0.37,-217,-0.30,41092,41.09,38
670,Exit long,2024-02-26 12:35,L-TP1,17980.5,2,72222,-300,-0.42,0,17,0.02,-300,-0.42,40792,40.79,21
670,Entry long,2024-02-26 10:50,ORB Long B+ (2c),18055.5,2,72222,-300,-0.42,0,17,0.02,-300,-0.42,40792,40.79,21
671,Exit long,2024-02-27 11:35,L-TP1,17953.25,2,72113,-300,-0.42,0,17,0.02,-300,-0.42,40492,40.49,28
671,Entry long,2024-02-27 09:15,ORB Long B (2c),18028.25,2,72113,-300,-0.42,0,17,0.02,-300,-0.42,40492,40.49,28
672,Exit long,2024-02-28 15:05,L-TP1,17876,2,71804,-300,-0.42,0,96,0.13,-300,-0.42,40192,40.19,61
672,Entry long,2024-02-28 10:00,ORB Long B (2c),17951,2,71804,-300,-0.42,0,96,0.13,-300,-0.42,40192,40.19,61
673,Exit long,2024-03-01 10:20,L-TP1,18237.5,2,72690,260,0.36,0,260,0.36,-113,-0.16,40452,40.45,15
673,Entry long,2024-03-01 09:05,ORB Long A (2c),18172.5,2,72690,260,0.36,0,260,0.36,-113,-0.16,40452,40.45,15
674,Exit long,2024-03-06 12:35,L-TP1,18056.5,2,72526,-300,-0.41,0,171,0.24,-300,-0.41,40152,40.15,19
674,Entry long,2024-03-06 11:00,ORB Long A (2c),18131.5,2,72526,-300,-0.41,0,171,0.24,-300,-0.41,40152,40.15,19
675,Exit long,2024-03-07 12:30,L-TP1,18331.75,2,72907,420,0.58,0,420,0.58,-33,-0.05,40572,40.57,38
675,Entry long,2024-03-07 09:20,ORB Long A (2c),18226.75,2,72907,420,0.58,0,420,0.58,-33,-0.05,40572,40.57,38
676,Exit long,2024-03-08 09:30,L-TP1,18435,2,73424,316,0.43,0,316,0.43,-36,-0.05,40888,40.89,9
676,Entry long,2024-03-08 08:45,ORB Long A+ (2c),18356,2,73424,316,0.43,0,316,0.43,-36,-0.05,40888,40.89,9
677,Exit short,2024-03-08 10:25,S-TP1,18193.5,2,73068,294,0.40,0,294,0.40,-108,-0.15,41182,41.18,4
677,Entry short,2024-03-08 10:05,ORB Short B (2c),18267,2,73068,294,0.40,0,294,0.40,-108,-0.15,41182,41.18,4
678,Exit long,2024-03-12 09:45,L-TP1,18421.5,2,73426,260,0.35,0,260,0.35,-31,-0.04,41442,41.44,5
678,Entry long,2024-03-12 09:20,ORB Long B (2c),18356.5,2,73426,260,0.35,0,260,0.35,-31,-0.04,41442,41.44,5
679,Exit long,2024-03-12 13:05,L-TP1,18421.25,2,73417,268,0.37,0,268,0.37,-21,-0.03,41710,41.71,11
679,Entry long,2024-03-12 12:10,ORB Long B+ (2c),18354.25,2,73417,268,0.37,0,268,0.37,-21,-0.03,41710,41.71,11
680,Exit short,2024-03-13 10:40,S-TP1,18285.5,1,36701,130,0.35,0,130,0.35,-67,-0.18,41840,41.84,23
680,Entry short,2024-03-13 08:45,ORB Short C (1c),18350.5,1,36701,130,0.35,0,130,0.35,-67,-0.18,41840,41.84,23
681,Exit long,2024-03-18 10:50,L-TP1,18283,2,73432,-300,-0.41,0,91,0.12,-300,-0.41,41540,41.54,18
681,Entry long,2024-03-18 09:20,ORB Long B (2c),18358,2,73432,-300,-0.41,0,91,0.12,-300,-0.41,41540,41.54,18
682,Exit short,2024-03-18 15:25,EOD Close,18237.5,1,36526.5,51.5,0.14,0,111.5,0.31,-96,-0.26,41591.5,41.59,43
682,Entry short,2024-03-18 11:50,ORB Short C (1c),18263.25,1,36526.5,51.5,0.14,0,111.5,0.31,-96,-0.26,41591.5,41.59,43
683,Exit long,2024-03-19 11:40,L-TP1,18235,2,72614,326,0.45,0,326,0.45,-84,-0.12,41917.5,41.92,11
683,Entry long,2024-03-19 10:45,ORB Long B (2c),18153.5,2,72614,326,0.45,0,326,0.45,-84,-0.12,41917.5,41.92,11
684,Exit long,2024-03-28 15:25,EOD Close,18461.25,2,74061,-216,-0.29,0,96,0.13,-272,-0.37,41701.5,41.70,80
684,Entry long,2024-03-28 08:45,ORB Long A (2c),18515.25,2,74061,-216,-0.29,0,96,0.13,-272,-0.37,41701.5,41.70,80
685,Exit long,2024-04-08 11:20,L-TP1,18265,2,73360,-300,-0.41,0,150,0.20,-300,-0.41,41401.5,41.40,23
685,Entry long,2024-04-08 09:25,ORB Long B (2c),18340,2,73360,-300,-0.41,0,150,0.20,-300,-0.41,41401.5,41.40,23
686,Exit short,2024-04-11 10:40,S-TP1,18287.75,2,72851,-300,-0.41,0,175,0.24,-300,-0.41,41101.5,41.10,18
686,Entry short,2024-04-11 09:10,ORB Short B (2c),18212.75,2,72851,-300,-0.41,0,175,0.24,-300,-0.41,41101.5,41.10,18
687,Exit short,2024-04-17 09:10,S-TP1,17833,2,71620,288,0.40,0,288,0.40,-41,-0.06,41389.5,41.39,5
687,Entry short,2024-04-17 08:45,ORB Short A (2c),17905,2,71620,288,0.40,0,288,0.40,-41,-0.06,41389.5,41.39,5
688,Exit short,2024-04-18 15:25,EOD Close,17533.25,1,35081,14.5,0.04,0,71,0.20,-113,-0.32,41404,41.40,37
688,Entry short,2024-04-18 12:20,ORB Short C+ (1c),17540.5,1,35081,14.5,0.04,0,71,0.20,-113,-0.32,41404,41.40,37
689,Exit long,2024-04-23 09:30,L-TP1,17585,2,69946,394,0.56,0,394,0.56,-124,-0.18,41798,41.80,9
689,Entry long,2024-04-23 08:45,ORB Long B (2c),17486.5,2,69946,394,0.56,0,394,0.56,-124,-0.18,41798,41.80,9
690,Exit short,2024-04-24 10:40,S-TP1,17631,2,70841,317,0.45,0,317,0.45,-33,-0.05,42115,42.12,13
690,Entry short,2024-04-24 09:35,ORB Short A (2c),17710.25,2,70841,317,0.45,0,317,0.45,-33,-0.05,42115,42.12,13
691,Exit short,2024-04-30 11:30,S-TP1,17715,2,71268,408,0.57,0,408,0.57,-29,-0.04,42523,42.52,18
691,Entry short,2024-04-30 10:00,ORB Short B (2c),17817,2,71268,408,0.57,0,408,0.57,-29,-0.04,42523,42.52,18
692,Exit short,2024-05-01 13:05,S-TP1,17523.25,2,69793,-300,-0.43,0,197,0.28,-300,-0.43,42223,42.22,49
692,Entry short,2024-05-01 09:00,ORB Short B+ (2c),17448.25,2,69793,-300,-0.43,0,197,0.28,-300,-0.43,42223,42.22,49
693,Exit short,2024-05-02 09:05,S-TP1,17420.25,2,69970,289,0.41,0,289,0.41,-140,-0.20,42512,42.51,4
693,Entry short,2024-05-02 08:45,ORB Short A+ (2c),17492.5,2,69970,289,0.41,0,289,0.41,-140,-0.20,42512,42.51,4
694,Exit short,2024-05-02 12:10,S-TP1,17577.75,2,69982,-329,-0.47,0,205,0.29,-329,-0.47,42183,42.18,31
694,Entry short,2024-05-02 09:35,ORB Short A (2c),17495.5,2,69982,-329,-0.47,0,205,0.29,-329,-0.47,42183,42.18,31
695,Exit long,2024-05-06 14:55,L-TP1,18185,2,72439,301,0.42,0,301,0.42,-170,-0.23,42484,42.48,72
695,Entry long,2024-05-06 08:55,ORB Long A (2c),18109.75,2,72439,301,0.42,0,301,0.42,-170,-0.23,42484,42.48,72
696,Exit long,2024-05-08 09:45,L-TP1,18223.75,2,72620,275,0.38,0,275,0.38,-36,-0.05,42759,42.76,12
696,Entry long,2024-05-08 08:45,ORB Long A (2c),18155,2,72620,275,0.38,0,275,0.38,-36,-0.05,42759,42.76,12
697,Exit short,2024-05-09 09:35,S-TP1,18189.5,1,36229,-150,-0.41,0,6.5,0.02,-150,-0.41,42609,42.61,10
697,Entry short,2024-05-09 08:45,ORB Short C (1c),18114.5,1,36229,-150,-0.41,0,6.5,0.02,-150,-0.41,42609,42.61,10
698,Exit long,2024-05-09 15:25,EOD Close,18233.25,2,72817,116,0.16,0,143,0.20,-137,-0.19,42725,42.73,70
698,Entry long,2024-05-09 09:35,ORB Long B (2c),18204.25,2,72817,116,0.16,0,143,0.20,-137,-0.19,42725,42.73,70
699,Exit long,2024-05-10 09:10,L-TP1,18267.25,2,73369,-300,-0.41,0,11,0.01,-300,-0.41,42425,42.43,5
699,Entry long,2024-05-10 08:45,ORB Long A (2c),18342.25,2,73369,-300,-0.41,0,11,0.01,-300,-0.41,42425,42.43,5
700,Exit long,2024-05-14 15:25,EOD Close,18409,2,73375,261,0.36,0,360,0.49,-242,-0.33,42686,42.69,73
700,Entry long,2024-05-14 09:20,ORB Long A (2c),18343.75,2,73375,261,0.36,0,360,0.49,-242,-0.33,42686,42.69,73
701,Exit long,2024-05-20 15:25,EOD Close,18745.75,2,74971,12,0.02,0,207,0.28,-142,-0.19,42698,42.70,79
701,Entry long,2024-05-20 08:50,ORB Long A (2c),18742.75,2,74971,12,0.02,0,207,0.28,-142,-0.19,42698,42.70,79
702,Exit long,2024-05-28 13:30,L-TP1,18862.25,2,75749,-300,-0.40,0,34,0.04,-300,-0.40,42398,42.40,12
702,Entry long,2024-05-28 12:30,ORB Long B+ (2c),18937.25,2,75749,-300,-0.40,0,34,0.04,-300,-0.40,42398,42.40,12
703,Exit long,2024-05-29 15:25,L-TP1,18767.5,2,75370,-300,-0.40,0,150,0.20,-300,-0.40,42098,42.10,79
703,Entry long,2024-05-29 08:50,ORB Long A+ (2c),18842.5,2,75370,-300,-0.40,0,150,0.20,-300,-0.40,42098,42.10,79
704,Exit long,2024-06-07 11:55,L-TP1,19135,2,76221,319,0.42,0,319,0.42,-160,-0.21,42417,42.42,37
704,Entry long,2024-06-07 08:50,ORB Long A+ (2c),19055.25,2,76221,319,0.42,0,319,0.42,-160,-0.21,42417,42.42,37
705,Exit long,2024-06-10 10:30,L-TP1,19100.25,2,76141,260,0.34,0,260,0.34,-52,-0.07,42677,42.68,13
705,Entry long,2024-06-10 09:25,ORB Long A (2c),19035.25,2,76141,260,0.34,0,260,0.34,-52,-0.07,42677,42.68,13
706,Exit long,2024-06-12 14:20,L-TP1,19585,2,77979,361,0.46,0,361,0.46,-191,-0.24,43038,43.04,67
706,Entry long,2024-06-12 08:45,ORB Long B (2c),19494.75,2,77979,361,0.46,0,361,0.46,-191,-0.24,43038,43.04,67
707,Exit short,2024-06-13 11:20,S-TP1,19521.25,1,39172.5,130,0.33,0,130,0.33,-45,-0.11,43168,43.17,26
707,Entry short,2024-06-13 09:10,ORB Short C (1c),19586.25,1,39172.5,130,0.33,0,130,0.33,-45,-0.11,43168,43.17,26
708,Exit long,2024-06-14 14:55,L-TP1,19688,2,78492,260,0.33,0,260,0.33,-239,-0.30,43428,43.43,74
708,Entry long,2024-06-14 08:45,ORB Long A (2c),19623,2,78492,260,0.33,0,260,0.33,-239,-0.30,43428,43.43,74
709,Exit long,2024-06-17 11:30,L-TP1,20085,2,79908,432,0.54,0,432,0.54,0,0.00,43860,43.86,19
709,Entry long,2024-06-17 09:55,ORB Long B+ (2c),19977,2,79908,432,0.54,0,432,0.54,0,0.00,43860,43.86,19
710,Exit short,2024-06-20 11:20,S-TP1,20115,1,40383,153,0.38,0,153,0.38,-75,-0.19,44013,44.01,27
710,Entry short,2024-06-20 09:05,ORB Short C (1c),20191.5,1,40383,153,0.38,0,153,0.38,-75,-0.19,44013,44.01,27
711,Exit long,2024-06-21 12:30,L-TP1,19958.75,2,80135,-300,-0.37,0,157,0.20,-300,-0.37,43713,43.71,27
711,Entry long,2024-06-21 10:15,ORB Long B (2c),20033.75,2,80135,-300,-0.37,0,157,0.20,-300,-0.37,43713,43.71,27
712,Exit long,2024-06-24 09:25,L-TP1,19901,2,79904,-300,-0.38,0,78,0.10,-300,-0.38,43413,43.41,5
712,Entry long,2024-06-24 09:00,ORB Long B+ (2c),19976,2,79904,-300,-0.38,0,78,0.10,-300,-0.38,43413,43.41,5
713,Exit long,2024-06-25 10:15,L-TP1,19939.5,2,79498,260,0.33,0,260,0.33,-85,-0.11,43673,43.67,15
713,Entry long,2024-06-25 09:00,ORB Long A+ (2c),19874.5,2,79498,260,0.33,0,260,0.33,-85,-0.11,43673,43.67,15
714,Exit long,2024-06-27 09:45,L-TP1,20035.75,2,80443,-300,-0.37,0,23,0.03,-300,-0.37,43373,43.37,7
714,Entry long,2024-06-27 09:10,ORB Long A (2c),20110.75,2,80443,-300,-0.37,0,23,0.03,-300,-0.37,43373,43.37,7
715,Exit long,2024-06-28 09:05,L-TP1,20235,2,80504,436,0.54,0,436,0.54,-7,-0.01,43809,43.81,4
715,Entry long,2024-06-28 08:45,ORB Long A+ (2c),20126,2,80504,436,0.54,0,436,0.54,-7,-0.01,43809,43.81,4
716,Exit short,2024-06-28 14:30,S-TP1,19968.25,1,40075.5,139,0.35,0,139,0.35,-81,-0.20,43948,43.95,39
716,Entry short,2024-06-28 11:15,ORB Short C (1c),20037.75,1,40075.5,139,0.35,0,139,0.35,-81,-0.20,43948,43.95,39
717,Exit long,2024-07-01 14:55,L-TP1,20070.5,2,80016,266,0.33,0,266,0.33,-106,-0.13,44214,44.21,46
717,Entry long,2024-07-01 11:05,ORB Long A (2c),20004,2,80016,266,0.33,0,266,0.33,-106,-0.13,44214,44.21,46
718,Exit long,2024-07-02 12:15,L-TP1,20185,2,80362,378,0.47,0,378,0.47,-117,-0.15,44592,44.59,32
718,Entry long,2024-07-02 09:35,ORB Long B (2c),20090.5,2,80362,378,0.47,0,378,0.47,-117,-0.15,44592,44.59,32
719,Exit long,2024-07-03 10:10,L-TP1,20335,2,81072,268,0.33,0,268,0.33,-131,-0.16,44860,44.86,17
719,Entry long,2024-07-03 08:45,ORB Long B+ (2c),20268,2,81072,268,0.33,0,268,0.33,-131,-0.16,44860,44.86,17
720,Exit long,2024-07-05 10:40,L-TP1,20585,2,82056,284,0.35,0,284,0.35,-207,-0.25,45144,45.14,21
720,Entry long,2024-07-05 08:55,ORB Long A (2c),20514,2,82056,284,0.35,0,284,0.35,-207,-0.25,45144,45.14,21
721,Exit short,2024-07-09 11:45,S-TP1,20653.75,1,41437.5,130,0.31,0,130,0.31,-47,-0.11,45274,45.27,29
721,Entry short,2024-07-09 09:20,ORB Short C+ (1c),20718.75,1,41437.5,130,0.31,0,130,0.31,-47,-0.11,45274,45.27,29
722,Exit long,2024-07-10 11:40,L-TP1,20839.5,2,83098,260,0.31,0,260,0.31,-286,-0.34,45534,45.53,35
722,Entry long,2024-07-10 08:45,ORB Long A (2c),20774.5,2,83098,260,0.31,0,260,0.31,-286,-0.34,45534,45.53,35
723,Exit short,2024-07-11 09:10,S-TP1,20764,2,83345,289,0.35,0,289,0.35,-143,-0.17,45823,45.82,4
723,Entry short,2024-07-11 08:50,ORB Short B (2c),20836.25,2,83345,289,0.35,0,289,0.35,-143,-0.17,45823,45.82,4
724,Exit long,2024-07-12 09:00,L-TP1,20566.25,2,81980,285,0.35,0,285,0.35,-23,-0.03,46108,46.11,3
724,Entry long,2024-07-12 08:45,ORB Long A+ (2c),20495,2,81980,285,0.35,0,285,0.35,-23,-0.03,46108,46.11,3
725,Exit long,2024-07-15 09:55,L-TP1,20733.75,2,82671,264,0.32,0,264,0.32,-73,-0.09,46372,46.37,10
725,Entry long,2024-07-15 09:05,ORB Long B+ (2c),20667.75,2,82671,264,0.32,0,264,0.32,-73,-0.09,46372,46.37,10
726,Exit short,2024-07-19 10:30,S-TP1,19715,2,79207,347,0.44,0,347,0.44,-294,-0.37,46719,46.72,13
726,Entry short,2024-07-19 09:25,ORB Short B+ (2c),19801.75,2,79207,347,0.44,0,347,0.44,-294,-0.37,46719,46.72,13
727,Exit long,2024-07-22 09:00,L-TP1,19946,2,80084,-300,-0.37,0,23,0.03,-300,-0.37,46419,46.42,3
727,Entry long,2024-07-22 08:45,ORB Long B (2c),20021,2,80084,-300,-0.37,0,23,0.03,-300,-0.37,46419,46.42,3
728,Exit short,2024-07-22 10:30,S-TP1,19816,2,79524,260,0.33,0,260,0.33,-72,-0.09,46679,46.68,3
728,Entry short,2024-07-22 10:15,ORB Short A (2c),19881,2,79524,260,0.33,0,260,0.33,-72,-0.09,46679,46.68,3
729,Exit short,2024-07-24 09:50,S-TP1,19415,2,78049,389,0.50,0,389,0.50,-45,-0.06,47068,47.07,11
729,Entry short,2024-07-24 08:55,ORB Short A (2c),19512.25,2,78049,389,0.50,0,389,0.50,-45,-0.06,47068,47.07,11
730,Exit short,2024-07-25 09:00,S-TP1,19015,2,76405,345,0.45,0,345,0.45,-11,-0.01,47413,47.41,2
730,Entry short,2024-07-25 08:50,ORB Short A+ (2c),19101.25,2,76405,345,0.45,0,345,0.45,-11,-0.01,47413,47.41,2
731,Exit short,2024-07-26 09:00,S-TP1,19148.25,1,38125,-171.5,-0.45,0,4,0.01,-171.5,-0.45,47241.5,47.24,3
731,Entry short,2024-07-26 08:45,ORB Short A (1c),19062.5,1,38125,-171.5,-0.45,0,4,0.01,-171.5,-0.45,47241.5,47.24,3
732,Exit short,2024-07-26 09:20,S-TP1,19145.5,1,38119.5,-171.5,-0.45,0,3,0.01,-171.5,-0.45,47070,47.07,3
732,Entry short,2024-07-26 09:05,ORB Short A (1c),19059.75,1,38119.5,-171.5,-0.45,0,3,0.01,-171.5,-0.45,47070,47.07,3
733,Exit short,2024-07-26 10:05,S-TP1,19149.5,1,38127.5,-171.5,-0.45,0,46,0.12,-171.5,-0.45,46898.5,46.90,7
733,Entry short,2024-07-26 09:30,ORB Short B+ (1c),19063.75,1,38127.5,-171.5,-0.45,0,46,0.12,-171.5,-0.45,46898.5,46.90,7
734,Exit long,2024-07-29 09:10,L-TP1,19269.25,1,38716.5,-178,-0.46,0,38,0.10,-178,-0.46,46720.5,46.72,3
734,Entry long,2024-07-29 08:55,ORB Long B (1c),19358.25,1,38716.5,-178,-0.46,0,38,0.10,-178,-0.46,46720.5,46.72,3
735,Exit short,2024-07-29 10:30,S-TP1,19119.5,1,38443.5,204.5,0.53,0,204.5,0.53,-19.5,-0.05,46925,46.93,7
735,Entry short,2024-07-29 09:55,ORB Short A (1c),19221.75,1,38443.5,204.5,0.53,0,204.5,0.53,-19.5,-0.05,46925,46.93,7
736,Exit short,2024-08-01 09:35,S-TP1,19415,1,39009,179,0.46,0,179,0.46,-19.5,-0.05,47104,47.10,3
736,Entry short,2024-08-01 09:20,ORB Short B+ (1c),19504.5,1,39009,179,0.46,0,179,0.46,-19.5,-0.05,47104,47.10,3
737,Exit short,2024-08-02 11:40,S-TP1,18631,1,37065,-197,-0.53,0,18.5,0.05,-197,-0.53,46907,46.91,6
737,Entry short,2024-08-02 11:10,ORB Short B+ (1c),18532.5,1,37065,-197,-0.53,0,18.5,0.05,-197,-0.53,46907,46.91,6
738,Exit short,2024-08-02 15:25,EOD Close,18552,1,37016.5,-87.5,-0.24,0,127,0.34,-160.5,-0.43,46819.5,46.82,43
738,Entry short,2024-08-02 11:50,ORB Short B+ (1c),18508.25,1,37016.5,-87.5,-0.24,0,127,0.34,-160.5,-0.43,46819.5,46.82,43
739,Exit short,2024-08-07 11:50,S-TP1,18265,1,36778,248,0.67,0,248,0.67,-41.5,-0.11,47067.5,47.07,14
739,Entry short,2024-08-07 10:40,ORB Short C (1c),18389,1,36778,248,0.67,0,248,0.67,-41.5,-0.11,47067.5,47.07,14
740,Exit short,2024-08-09 09:10,S-TP1,18529.75,1,36888.5,-171,-0.46,0,80,0.22,-171,-0.46,46896.5,46.90,5
740,Entry short,2024-08-09 08:45,ORB Short B (1c),18444.25,1,36888.5,-171,-0.46,0,80,0.22,-171,-0.46,46896.5,46.90,5
741,Exit short,2024-08-12 09:20,S-TP1,18692.5,1,37104.5,-280.5,-0.76,0,56.5,0.15,-280.5,-0.76,46616,46.62,7
741,Entry short,2024-08-12 08:45,ORB Short A+ (1c),18552.25,1,37104.5,-280.5,-0.76,0,56.5,0.15,-280.5,-0.76,46616,46.62,7
742,Exit short,2024-08-14 15:25,EOD Close,19156.25,1,38055,-257.5,-0.68,0,18,0.05,-267.5,-0.70,46358.5,46.36,45
742,Entry short,2024-08-14 11:40,ORB Short B (1c),19027.5,1,38055,-257.5,-0.68,0,18,0.05,-267.5,-0.70,46358.5,46.36,45
743,Exit long,2024-08-15 10:40,L-TP1,19535,1,38817.5,252.5,0.65,0,252.5,0.65,-12,-0.03,46611,46.61,23
743,Entry long,2024-08-15 08:45,ORB Long C+ (1c),19408.75,1,38817.5,252.5,0.65,0,252.5,0.65,-12,-0.03,46611,46.61,23
744,Exit long,2024-08-16 11:35,L-TP1,19635,2,78220,320,0.41,0,320,0.41,-32,-0.04,46931,46.93,12
744,Entry long,2024-08-16 10:35,ORB Long B+ (2c),19555,2,78220,320,0.41,0,320,0.41,-32,-0.04,46931,46.93,12
745,Exit long,2024-08-19 09:15,L-TP1,19544,2,78480,-304,-0.39,0,22,0.03,-304,-0.39,46627,46.63,6
745,Entry long,2024-08-19 08:45,ORB Long A (2c),19620,2,78480,-304,-0.39,0,22,0.03,-304,-0.39,46627,46.63,6
746,Exit long,2024-08-19 13:25,L-TP1,19735,1,39239.5,230.5,0.59,0,230.5,0.59,-3.5,-0.01,46857.5,46.86,44
746,Entry long,2024-08-19 09:45,ORB Long B (1c),19619.75,1,39239.5,230.5,0.59,0,230.5,0.59,-3.5,-0.01,46857.5,46.86,44
747,Exit long,2024-08-20 09:25,L-TP1,19806.5,2,79526,-300,-0.38,0,173,0.22,-300,-0.38,46557.5,46.56,8
747,Entry long,2024-08-20 08:45,ORB Long A (2c),19881.5,2,79526,-300,-0.38,0,173,0.22,-300,-0.38,46557.5,46.56,8
748,Exit long,2024-08-21 09:35,L-TP1,19935,2,79461,279,0.35,0,279,0.35,-124,-0.16,46836.5,46.84,9
748,Entry long,2024-08-21 08:50,ORB Long A (2c),19865.25,2,79461,279,0.35,0,279,0.35,-124,-0.16,46836.5,46.84,9
749,Exit long,2024-08-21 11:00,L-TP1,19800.5,1,39772.5,-171.5,-0.43,0,16.5,0.04,-171.5,-0.43,46665,46.67,10
749,Entry long,2024-08-21 10:10,ORB Long B (1c),19886.25,1,39772.5,-171.5,-0.43,0,16.5,0.04,-171.5,-0.43,46665,46.67,10
750,Exit long,2024-08-21 15:25,EOD Close,19914,1,39724.5,103.5,0.26,0,181.5,0.46,-59.5,-0.15,46768.5,46.77,43
750,Entry long,2024-08-21 11:50,ORB Long B+ (1c),19862.25,1,39724.5,103.5,0.26,0,181.5,0.46,-59.5,-0.15,46768.5,46.77,43
751,Exit long,2024-08-23 11:00,L-TP1,19681.25,1,39579.5,-217,-0.55,0,57.5,0.15,-217,-0.55,46551.5,46.55,9
751,Entry long,2024-08-23 10:15,ORB Long A (1c),19789.75,1,39579.5,-217,-0.55,0,57.5,0.15,-217,-0.55,46551.5,46.55,9
752,Exit long,2024-08-23 15:25,EOD Close,19793.5,1,39530.5,56.5,0.14,0,94.5,0.24,-120,-0.30,46608,46.61,33
752,Entry long,2024-08-23 12:40,ORB Long A (1c),19765.25,1,39530.5,56.5,0.14,0,94.5,0.24,-120,-0.30,46608,46.61,33
753,Exit short,2024-08-26 09:05,S-TP1,19665.25,2,78921,260,0.33,0,260,0.33,-70,-0.09,46868,46.87,4
753,Entry short,2024-08-26 08:45,ORB Short B (2c),19730.25,2,78921,260,0.33,0,260,0.33,-70,-0.09,46868,46.87,4
754,Exit long,2024-08-27 09:25,L-TP1,19632,1,39100,164,0.42,0,164,0.42,-45.5,-0.12,47032,47.03,7
754,Entry long,2024-08-27 08:50,ORB Long B+ (1c),19550,1,39100,164,0.42,0,164,0.42,-45.5,-0.12,47032,47.03,7
755,Exit long,2024-08-29 09:00,L-TP1,19683,2,78465,267,0.34,0,267,0.34,-285,-0.36,47299,47.30,3
755,Entry long,2024-08-29 08:45,ORB Long B+ (2c),19616.25,2,78465,267,0.34,0,267,0.34,-285,-0.36,47299,47.30,3
756,Exit long,2024-08-29 09:50,L-TP1,19684.5,2,78471,267,0.34,0,267,0.34,-43,-0.05,47566,47.57,4
756,Entry long,2024-08-29 09:30,ORB Long B (2c),19617.75,2,78471,267,0.34,0,267,0.34,-43,-0.05,47566,47.57,4
757,Exit long,2024-08-29 13:25,L-TP1,19537.25,2,78449,-300,-0.38,0,95,0.12,-300,-0.38,47266,47.27,9
757,Entry long,2024-08-29 12:40,ORB Long A (2c),19612.25,2,78449,-300,-0.38,0,95,0.12,-300,-0.38,47266,47.27,9
758,Exit long,2024-08-30 09:55,L-TP1,19507.25,2,78332,-303,-0.39,0,180,0.23,-303,-0.39,46963,46.96,13
758,Entry long,2024-08-30 08:50,ORB Long A (2c),19583,2,78332,-303,-0.39,0,180,0.23,-303,-0.39,46963,46.96,13
759,Exit short,2024-09-05 11:40,S-TP1,18955.25,1,37738.5,-172,-0.46,0,54.5,0.14,-172,-0.46,46791,46.79,15
759,Entry short,2024-09-05 10:25,ORB Short B+ (1c),18869.25,1,37738.5,-172,-0.46,0,54.5,0.14,-172,-0.46,46791,46.79,15
760,Exit short,2024-09-06 09:25,S-TP1,18665,2,74983,323,0.43,0,323,0.43,-173,-0.23,47114,47.11,6
760,Entry short,2024-09-06 08:55,ORB Short B (2c),18745.75,2,74983,323,0.43,0,323,0.43,-173,-0.23,47114,47.11,6
761,Exit short,2024-09-09 10:10,S-TP1,18502.5,1,37166,161,0.43,0,161,0.43,-22.5,-0.06,47275,47.28,8
761,Entry short,2024-09-09 09:30,ORB Short B (1c),18583,1,37166,161,0.43,0,161,0.43,-22.5,-0.06,47275,47.28,8
762,Exit short,2024-09-10 10:55,S-TP1,18631.25,1,37421.5,159,0.42,0,159,0.42,-159.5,-0.43,47434,47.43,21
762,Entry short,2024-09-10 09:10,ORB Short B+ (1c),18710.75,1,37421.5,159,0.42,0,159,0.42,-159.5,-0.43,47434,47.43,21
763,Exit short,2024-09-11 09:10,S-TP1,18714.25,1,37591,162.5,0.43,0,162.5,0.43,-55,-0.15,47596.5,47.60,4
763,Entry short,2024-09-11 08:50,ORB Short A (1c),18795.5,1,37591,162.5,0.43,0,162.5,0.43,-55,-0.15,47596.5,47.60,4
764,Exit long,2024-09-12 12:35,L-TP1,19435,1,38622,248,0.64,0,248,0.64,-128.5,-0.33,47844.5,47.84,41
764,Entry long,2024-09-12 09:10,ORB Long B (1c),19311,1,38622,248,0.64,0,248,0.64,-128.5,-0.33,47844.5,47.84,41
765,Exit long,2024-09-13 15:25,EOD Close,19522.25,1,39013.5,31,0.08,0,140.5,0.36,-187.5,-0.48,47875.5,47.88,76
765,Entry long,2024-09-13 09:05,ORB Long B (1c),19506.75,1,39013.5,31,0.08,0,140.5,0.36,-187.5,-0.48,47875.5,47.88,76
766,Exit long,2024-09-16 09:30,L-TP1,19361.75,1,38913,-189.5,-0.49,0,11.5,0.03,-189.5,-0.49,47686,47.69,4
766,Entry long,2024-09-16 09:10,ORB Long B (1c),19456.5,1,38913,-189.5,-0.49,0,11.5,0.03,-189.5,-0.49,47686,47.69,4
767,Exit long,2024-09-17 09:55,L-TP1,19745.5,1,39677.5,-186.5,-0.47,0,4.5,0.01,-186.5,-0.47,47499.5,47.50,2
767,Entry long,2024-09-17 09:45,ORB Long B (1c),19838.75,1,39677.5,-186.5,-0.47,0,4.5,0.01,-186.5,-0.47,47499.5,47.50,2
768,Exit long,2024-09-19 12:45,L-TP1,20185,1,40170.5,199.5,0.50,0,199.5,0.50,-72.5,-0.18,47699,47.70,42
768,Entry long,2024-09-19 09:15,ORB Long B (1c),20085.25,1,40170.5,199.5,0.50,0,199.5,0.50,-72.5,-0.18,47699,47.70,42
769,Exit long,2024-09-23 12:00,L-TP1,20025.25,2,80401,-300,-0.37,0,106,0.13,-300,-0.37,47399,47.40,39
769,Entry long,2024-09-23 08:45,ORB Long A (2c),20100.25,2,80401,-300,-0.37,0,106,0.13,-300,-0.37,47399,47.40,39
770,Exit short,2024-09-24 09:00,S-TP1,20015,1,40184.5,154.5,0.38,0,154.5,0.38,-0.5,0.00,47553.5,47.55,1
770,Entry short,2024-09-24 08:55,ORB Short C (1c),20092.25,1,40184.5,154.5,0.38,0,154.5,0.38,-0.5,0.00,47553.5,47.55,1
771,Exit long,2024-09-24 15:25,EOD Close,20187,1,40327.5,46.5,0.12,0,102,0.25,-110,-0.27,47600,47.60,56
771,Entry long,2024-09-24 10:45,ORB Long A (1c),20163.75,1,40327.5,46.5,0.12,0,102,0.25,-110,-0.27,47600,47.60,56
772,Exit long,2024-09-25 12:00,L-TP1,20147.5,1,40464.5,-169.5,-0.42,0,81,0.20,-169.5,-0.42,47430.5,47.43,37
772,Entry long,2024-09-25 08:55,ORB Long A (1c),20232.25,1,40464.5,-169.5,-0.42,0,81,0.20,-169.5,-0.42,47430.5,47.43,37
773,Exit short,2024-09-26 09:30,S-TP1,20315,1,40834.5,204.5,0.50,0,204.5,0.50,-41.5,-0.10,47635,47.64,8
773,Entry short,2024-09-26 08:50,ORB Short C (1c),20417.25,1,40834.5,204.5,0.50,0,204.5,0.50,-41.5,-0.10,47635,47.64,8
774,Exit short,2024-09-27 11:10,S-TP1,20215,1,40576,146,0.36,0,146,0.36,-103,-0.25,47781,47.78,23
774,Entry short,2024-09-27 09:15,ORB Short C+ (1c),20288,1,40576,146,0.36,0,146,0.36,-103,-0.25,47781,47.78,23
775,Exit long,2024-10-02 10:15,L-TP1,20065.5,2,79992,270,0.34,0,270,0.34,-208,-0.26,48051,48.05,12
775,Entry long,2024-10-02 09:15,ORB Long B (2c),19998,2,79992,270,0.34,0,270,0.34,-208,-0.26,48051,48.05,12
776,Exit long,2024-10-03 09:00,L-TP1,20076.5,2,80046,260,0.32,0,260,0.32,-16,-0.02,48311,48.31,2
776,Entry long,2024-10-03 08:50,ORB Long A+ (2c),20011.5,2,80046,260,0.32,0,260,0.32,-16,-0.02,48311,48.31,2
777,Exit long,2024-10-03 09:40,L-TP1,19938.5,2,80054,-300,-0.37,0,45,0.06,-300,-0.37,48011,48.01,2
777,Entry long,2024-10-03 09:30,ORB Long A+ (2c),20013.5,2,80054,-300,-0.37,0,45,0.06,-300,-0.37,48011,48.01,2
778,Exit long,2024-10-03 09:55,L-TP1,19943.25,2,80073,-300,-0.37,0,4,0.00,-300,-0.37,47711,47.71,1
778,Entry long,2024-10-03 09:50,ORB Long B+ (2c),20018.25,2,80073,-300,-0.37,0,4,0.00,-300,-0.37,47711,47.71,1
779,Exit long,2024-10-07 13:30,L-TP1,20094,1,40338,-150,-0.37,0,37.5,0.09,-150,-0.37,47561,47.56,51
779,Entry long,2024-10-07 09:15,ORB Long C+ (1c),20169,1,40338,-150,-0.37,0,37.5,0.09,-150,-0.37,47561,47.56,51
780,Exit long,2024-10-08 09:40,L-TP1,20235,2,80554,386,0.48,0,386,0.48,-40,-0.05,47947,47.95,10
780,Entry long,2024-10-08 08:50,ORB Long B+ (2c),20138.5,2,80554,386,0.48,0,386,0.48,-40,-0.05,47947,47.95,10
781,Exit long,2024-10-09 10:00,L-TP1,20385,2,81203,337,0.42,0,337,0.42,-28,-0.03,48284,48.28,10
781,Entry long,2024-10-09 09:10,ORB Long A+ (2c),20300.75,2,81203,337,0.42,0,337,0.42,-28,-0.03,48284,48.28,10
782,Exit short,2024-10-10 09:00,S-TP1,20386.5,2,81246,-300,-0.37,0,41,0.05,-300,-0.37,47984,47.98,3
782,Entry short,2024-10-10 08:45,ORB Short B (2c),20311.5,2,81246,-300,-0.37,0,41,0.05,-300,-0.37,47984,47.98,3
783,Exit long,2024-10-10 10:55,L-TP1,20467.25,2,81609,260,0.32,0,260,0.32,-168,-0.21,48244,48.24,21
783,Entry long,2024-10-10 09:10,ORB Long A (2c),20402.25,2,81609,260,0.32,0,260,0.32,-168,-0.21,48244,48.24,21
784,Exit long,2024-10-14 09:55,L-TP1,20564.5,2,82558,-300,-0.36,0,162,0.20,-300,-0.36,47944,47.94,14
784,Entry long,2024-10-14 08:45,ORB Long A (2c),20639.5,2,82558,-300,-0.36,0,162,0.20,-300,-0.36,47944,47.94,14
785,Exit long,2024-10-14 15:25,EOD Close,20613,2,82481,-29,-0.04,0,186,0.23,-114,-0.14,47915,47.92,41
785,Entry long,2024-10-14 12:00,ORB Long B+ (2c),20620.25,2,82481,-29,-0.04,0,186,0.23,-114,-0.14,47915,47.92,41
786,Exit short,2024-10-15 09:25,S-TP1,20517.75,2,82331,260,0.32,0,260,0.32,-13,-0.02,48175,48.18,3
786,Entry short,2024-10-15 09:10,ORB Short B (2c),20582.75,2,82331,260,0.32,0,260,0.32,-13,-0.02,48175,48.18,3
787,Exit long,2024-10-18 15:25,EOD Close,20489.75,2,82055,-96,-0.12,0,73,0.09,-286,-0.35,48079,48.08,76
787,Entry long,2024-10-18 09:05,ORB Long A (2c),20513.75,2,82055,-96,-0.12,0,73,0.09,-286,-0.35,48079,48.08,76
788,Exit long,2024-10-21 09:40,L-TP1,20415.5,2,81962,-300,-0.37,0,255,0.31,-300,-0.37,47779,47.78,11
788,Entry long,2024-10-21 08:45,ORB Long B (2c),20490.5,2,81962,-300,-0.37,0,255,0.31,-300,-0.37,47779,47.78,11
789,Exit long,2024-10-22 12:35,L-TP1,20527.25,2,81849,260,0.32,0,260,0.32,-148,-0.18,48039,48.04,45
789,Entry long,2024-10-22 08:50,ORB Long A (2c),20462.25,2,81849,260,0.32,0,260,0.32,-148,-0.18,48039,48.04,45
790,Exit long,2024-10-24 15:25,EOD Close,20395.25,2,81525,56,0.07,0,128,0.16,-214,-0.26,48095,48.10,33
790,Entry long,2024-10-24 12:40,ORB Long A (2c),20381.25,2,81525,56,0.07,0,128,0.16,-214,-0.26,48095,48.10,33
791,Exit long,2024-10-25 09:00,L-TP1,20685,2,82458,282,0.34,0,282,0.34,-7,-0.01,48377,48.38,3
791,Entry long,2024-10-25 08:45,ORB Long A (2c),20614.5,2,82458,282,0.34,0,282,0.34,-7,-0.01,48377,48.38,3
792,Exit short,2024-10-25 12:50,S-TP1,20562,1,40974,-150,-0.37,0,6,0.01,-150,-0.37,48227,48.23,2
792,Entry short,2024-10-25 12:40,ORB Short C (1c),20487,1,40974,-150,-0.37,0,6,0.01,-150,-0.37,48227,48.23,2
793,Exit short,2024-10-28 09:40,S-TP1,20613.25,2,82153,-300,-0.37,0,23,0.03,-300,-0.37,47927,47.93,10
793,Entry short,2024-10-28 08:50,ORB Short B (2c),20538.25,2,82153,-300,-0.37,0,23,0.03,-300,-0.37,47927,47.93,10
794,Exit short,2024-10-28 15:25,EOD Close,20513.5,1,41105,78,0.19,0,133,0.32,-39,-0.09,48005,48.01,64
794,Entry short,2024-10-28 10:05,ORB Short C (1c),20552.5,1,41105,78,0.19,0,133,0.32,-39,-0.09,48005,48.01,64
795,Exit long,2024-10-29 09:25,L-TP1,20597,2,82128,260,0.32,0,260,0.32,-84,-0.10,48265,48.27,5
795,Entry long,2024-10-29 09:00,ORB Long A (2c),20532,2,82128,260,0.32,0,260,0.32,-84,-0.10,48265,48.27,5
796,Exit long,2024-10-30 12:30,L-TP1,20603.75,2,82715,-300,-0.36,0,83,0.10,-300,-0.36,47965,47.97,39
796,Entry long,2024-10-30 09:15,ORB Long B (2c),20678.75,2,82715,-300,-0.36,0,83,0.10,-300,-0.36,47965,47.97,39
797,Exit long,2024-11-06 13:25,L-TP1,20885,2,83251,289,0.35,0,289,0.35,-109,-0.13,48254,48.25,27
797,Entry long,2024-11-06 11:10,ORB Long B+ (2c),20812.75,2,83251,289,0.35,0,289,0.35,-109,-0.13,48254,48.25,27
798,Exit long,2024-11-07 10:50,L-TP1,21185,2,84437,303,0.36,0,303,0.36,-91,-0.11,48557,48.56,23
798,Entry long,2024-11-07 08:55,ORB Long A (2c),21109.25,2,84437,303,0.36,0,303,0.36,-91,-0.11,48557,48.56,23
799,Exit long,2024-11-08 15:25,EOD Close,21230.25,1,42466,-5.5,-0.01,0,67,0.16,-49.5,-0.12,48551.5,48.55,36
799,Entry long,2024-11-08 12:25,ORB Long C+ (1c),21233,1,42466,-5.5,-0.01,0,67,0.16,-49.5,-0.12,48551.5,48.55,36
800,Exit short,2024-11-11 12:00,S-TP1,21115,2,84781,321,0.38,0,321,0.38,-196,-0.23,48872.5,48.87,39
800,Entry short,2024-11-11 08:45,ORB Short B (2c),21195.25,2,84781,321,0.38,0,321,0.38,-196,-0.23,48872.5,48.87,39
801,Exit long,2024-11-13 15:25,EOD Close,21171.75,2,84782,-95,-0.11,0,293,0.35,-286,-0.34,48777.5,48.78,51
801,Entry long,2024-11-13 11:10,ORB Long B (2c),21195.5,2,84782,-95,-0.11,0,293,0.35,-286,-0.34,48777.5,48.78,51
802,Exit long,2024-11-22 15:25,EOD Close,20859.75,2,83453,-14,-0.02,0,69,0.08,-272,-0.33,48763.5,48.76,41
802,Entry long,2024-11-22 12:00,ORB Long B (2c),20863.25,2,83453,-14,-0.02,0,69,0.08,-272,-0.33,48763.5,48.76,41
803,Exit short,2024-11-25 11:10,S-TP1,20865,2,83724,264,0.32,0,264,0.32,-125,-0.15,49027.5,49.03,28
803,Entry short,2024-11-25 08:50,ORB Short B (2c),20931,2,83724,264,0.32,0,264,0.32,-125,-0.15,49027.5,49.03,28
804,Exit long,2024-11-26 09:00,L-TP1,20941.5,2,84066,-300,-0.36,0,34,0.04,-300,-0.36,48727.5,48.73,3
804,Entry long,2024-11-26 08:45,ORB Long B (2c),21016.5,2,84066,-300,-0.36,0,34,0.04,-300,-0.36,48727.5,48.73,3
805,Exit long,2024-11-29 09:10,L-TP1,20961.5,2,83586,260,0.31,0,260,0.31,-14,-0.02,48987.5,48.99,4
805,Entry long,2024-11-29 08:50,ORB Long A+ (2c),20896.5,2,83586,260,0.31,0,260,0.31,-14,-0.02,48987.5,48.99,4
806,Exit long,2024-12-02 10:45,L-TP1,21235,2,84596,344,0.41,0,344,0.41,-91,-0.11,49331.5,49.33,24
806,Entry long,2024-12-02 08:45,ORB Long A (2c),21149,2,84596,344,0.41,0,344,0.41,-91,-0.11,49331.5,49.33,24
807,Exit long,2024-12-03 14:55,L-TP1,21285,2,84816,324,0.38,0,324,0.38,-168,-0.20,49655.5,49.66,72
807,Entry long,2024-12-03 08:55,ORB Long A (2c),21204,2,84816,324,0.38,0,324,0.38,-168,-0.20,49655.5,49.66,72
808,Exit long,2024-12-04 14:35,L-TP1,21535,2,85749,391,0.46,0,391,0.46,-87,-0.10,50046.5,50.05,66
808,Entry long,2024-12-04 09:05,ORB Long B+ (2c),21437.25,2,85749,391,0.46,0,391,0.46,-87,-0.10,50046.5,50.05,66
809,Exit long,2024-12-06 15:25,EOD Close,21632.75,2,86368,163,0.19,0,310,0.36,-77,-0.09,50209.5,50.21,80
809,Entry long,2024-12-06 08:45,ORB Long A+ (2c),21592,2,86368,163,0.19,0,310,0.36,-77,-0.09,50209.5,50.21,80
810,Exit long,2024-12-09 09:25,L-TP1,21570,2,86580,-300,-0.35,0,16,0.02,-300,-0.35,49909.5,49.91,8
810,Entry long,2024-12-09 08:45,ORB Long A+ (2c),21645,2,86580,-300,-0.35,0,16,0.02,-300,-0.35,49909.5,49.91,8
811,Exit short,2024-12-09 10:05,S-TP1,21472.5,2,86217,327,0.38,0,327,0.38,-91,-0.11,50236.5,50.24,8
811,Entry short,2024-12-09 09:25,ORB Short B (2c),21554.25,2,86217,327,0.38,0,327,0.38,-91,-0.11,50236.5,50.24,8
812,Exit long,2024-12-10 09:55,L-TP1,21502.5,2,86310,-300,-0.35,0,117,0.14,-300,-0.35,49936.5,49.94,11
812,Entry long,2024-12-10 09:00,ORB Long A (2c),21577.5,2,86310,-300,-0.35,0,117,0.14,-300,-0.35,49936.5,49.94,11
813,Exit long,2024-12-11 09:15,L-TP1,21735,2,86677,263,0.30,0,263,0.30,-8,-0.01,50199.5,50.20,6
813,Entry long,2024-12-11 08:45,ORB Long B+ (2c),21669.25,2,86677,263,0.30,0,263,0.30,-8,-0.01,50199.5,50.20,6
814,Exit short,2024-12-13 10:00,S-TP1,21680,1,43490,130,0.30,0,130,0.30,-64,-0.15,50329.5,50.33,4
814,Entry short,2024-12-13 09:40,ORB Short C (1c),21745,1,43490,130,0.30,0,130,0.30,-64,-0.15,50329.5,50.33,4
815,Exit long,2024-12-16 10:05,L-TP1,22035,2,87869,271,0.31,0,271,0.31,-154,-0.18,50600.5,50.60,15
815,Entry long,2024-12-16 08:50,ORB Long A (2c),21967.25,2,87869,271,0.31,0,271,0.31,-154,-0.18,50600.5,50.60,15
816,Exit short,2024-12-17 10:10,S-TP1,22354,1,44558,-150,-0.34,0,69.5,0.16,-150,-0.34,50450.5,50.45,14
816,Entry short,2024-12-17 09:00,ORB Short C (1c),22279,1,44558,-150,-0.34,0,69.5,0.16,-150,-0.34,50450.5,50.45,14
817,Exit long,2024-12-17 11:00,L-TP1,22304.75,2,89519,-300,-0.34,0,26,0.03,-300,-0.34,50150.5,50.15,5
817,Entry long,2024-12-17 10:35,ORB Long B+ (2c),22379.75,2,89519,-300,-0.34,0,26,0.03,-300,-0.34,50150.5,50.15,5
818,Exit long,2024-12-18 13:00,L-TP1,22235,2,89240,-300,-0.34,0,167,0.19,-300,-0.34,49850.5,49.85,46
818,Entry long,2024-12-18 09:10,ORB Long B (2c),22310,2,89240,-300,-0.34,0,167,0.19,-300,-0.34,49850.5,49.85,46
819,Exit long,2024-12-23 13:05,L-TP1,21757.75,1,43363,152.5,0.35,0,152.5,0.35,-78,-0.18,50003,50.00,27
819,Entry long,2024-12-23 10:50,ORB Long C+ (1c),21681.5,1,43363,152.5,0.35,0,152.5,0.35,-78,-0.18,50003,50.00,27
820,Exit long,2024-12-24 10:15,L-TP1,21985,1,43758.5,211.5,0.48,0,211.5,0.48,-16,-0.04,50214.5,50.21,17
820,Entry long,2024-12-24 08:50,ORB Long A (1c),21879.25,1,43758.5,211.5,0.48,0,211.5,0.48,-16,-0.04,50214.5,50.21,17
821,Exit long,2024-12-26 15:25,EOD Close,21996.5,1,44024.5,-31.5,-0.07,0,125.5,0.29,-78.5,-0.18,50183,50.18,63
821,Entry long,2024-12-26 10:10,ORB Long C+ (1c),22012.25,1,44024.5,-31.5,-0.07,0,125.5,0.29,-78.5,-0.18,50183,50.18,63
822,Exit short,2025-01-02 11:35,S-TP1,21062.5,1,42303.5,178.5,0.42,0,178.5,0.42,-1,0.00,50361.5,50.36,2
822,Entry short,2025-01-02 11:25,ORB Short A (1c),21151.75,1,42303.5,178.5,0.42,0,178.5,0.42,-1,0.00,50361.5,50.36,2
823,Exit long,2025-01-06 12:45,L-TP1,21726,1,43661,-209,-0.48,0,133,0.30,-209,-0.48,50152.5,50.15,48
823,Entry long,2025-01-06 08:45,ORB Long B (1c),21830.5,1,43661,-209,-0.48,0,133,0.30,-209,-0.48,50152.5,50.15,48
824,Exit short,2025-01-08 09:35,S-TP1,21353.5,1,42488.5,-218.5,-0.51,0,26,0.06,-218.5,-0.51,49934,49.93,5
824,Entry short,2025-01-08 09:10,ORB Short B+ (1c),21244.25,1,42488.5,-218.5,-0.51,0,26,0.06,-218.5,-0.51,49934,49.93,5
825,Exit short,2025-01-08 12:25,S-TP1,21393.5,1,42568.5,-218.5,-0.51,0,236.5,0.56,-218.5,-0.51,49715.5,49.72,14
825,Entry short,2025-01-08 11:15,ORB Short B (1c),21284.25,1,42568.5,-218.5,-0.51,0,236.5,0.56,-218.5,-0.51,49715.5,49.72,14
826,Exit short,2025-01-10 09:05,S-TP1,20915,1,42070,240,0.57,0,240,0.57,-70,-0.17,49955.5,49.96,4
826,Entry short,2025-01-10 08:45,ORB Short A+ (1c),21035,1,42070,240,0.57,0,240,0.57,-70,-0.17,49955.5,49.96,4
827,Exit short,2025-01-10 10:00,S-TP1,20965,1,42108.5,178.5,0.42,0,178.5,0.42,-137.5,-0.33,50134,50.13,4
827,Entry short,2025-01-10 09:40,ORB Short A (1c),21054.25,1,42108.5,178.5,0.42,0,178.5,0.42,-137.5,-0.33,50134,50.13,4
828,Exit short,2025-01-14 09:10,S-TP1,21094.75,1,42013,-176.5,-0.42,0,81.5,0.19,-176.5,-0.42,49957.5,49.96,4
828,Entry short,2025-01-14 08:50,ORB Short A+ (1c),21006.5,1,42013,-176.5,-0.42,0,81.5,0.19,-176.5,-0.42,49957.5,49.96,4
829,Exit short,2025-01-14 09:50,S-TP1,20935.75,1,42032.5,161,0.38,0,161,0.38,-24.5,-0.06,50118.5,50.12,5
829,Entry short,2025-01-14 09:25,ORB Short A (1c),21016.25,1,42032.5,161,0.38,0,161,0.38,-24.5,-0.06,50118.5,50.12,5
830,Exit long,2025-01-17 15:25,EOD Close,21589.5,1,43315,-136,-0.31,0,30,0.07,-171,-0.39,49982.5,49.98,39
830,Entry long,2025-01-17 12:10,ORB Long C (1c),21657.5,1,43315,-136,-0.31,0,30,0.07,-171,-0.39,49982.5,49.98,39
831,Exit long,2025-01-21 15:25,EOD Close,21766.25,1,43440,92.5,0.21,0,130,0.30,-45.5,-0.10,50075,50.08,44
831,Entry long,2025-01-21 11:45,ORB Long B+ (1c),21720,1,43440,92.5,0.21,0,130,0.30,-45.5,-0.10,50075,50.08,44
832,Exit long,2025-01-22 11:00,L-TP1,22085,1,43974,196,0.45,0,196,0.45,-23,-0.05,50271,50.27,27
832,Entry long,2025-01-22 08:45,ORB Long A (1c),21987,1,43974,196,0.45,0,196,0.45,-23,-0.05,50271,50.27,27
833,Exit long,2025-01-23 14:50,L-TP1,21985.5,1,43841,130,0.30,0,130,0.30,-51.5,-0.12,50401,50.40,64
833,Entry long,2025-01-23 09:30,ORB Long C (1c),21920.5,1,43841,130,0.30,0,130,0.30,-51.5,-0.12,50401,50.40,64
834,Exit long,2025-01-24 09:20,L-TP1,21988.5,2,88254,-300,-0.34,0,58,0.07,-300,-0.34,50101,50.10,7
834,Entry long,2025-01-24 08:45,ORB Long B+ (2c),22063.5,2,88254,-300,-0.34,0,58,0.07,-300,-0.34,50101,50.10,7
835,Exit long,2025-01-31 12:30,L-TP1,21756.25,1,43714,-201.5,-0.46,0,217.5,0.50,-201.5,-0.46,49899.5,49.90,44
835,Entry long,2025-01-31 08:50,ORB Long B+ (1c),21857,1,43714,-201.5,-0.46,0,217.5,0.50,-201.5,-0.46,49899.5,49.90,44
836,Exit short,2025-02-03 09:20,S-TP1,21228,1,42256.5,-199.5,-0.47,0,30,0.07,-199.5,-0.47,49700,49.70,2
836,Entry short,2025-02-03 09:10,ORB Short A (1c),21128.25,1,42256.5,-199.5,-0.47,0,30,0.07,-199.5,-0.47,49700,49.70,2
837,Exit long,2025-02-05 10:45,L-TP1,21679.75,1,43184,175.5,0.41,0,175.5,0.41,-60,-0.14,49875.5,49.88,14
837,Entry long,2025-02-05 09:35,ORB Long C (1c),21592,1,43184,175.5,0.41,0,175.5,0.41,-60,-0.14,49875.5,49.88,14
838,Exit long,2025-02-06 13:30,L-TP1,21718,2,87172,-300,-0.34,0,226,0.26,-300,-0.34,49575.5,49.58,57
838,Entry long,2025-02-06 08:45,ORB Long B+ (2c),21793,2,87172,-300,-0.34,0,226,0.26,-300,-0.34,49575.5,49.58,57
839,Exit long,2025-02-10 09:40,L-TP1,21884.25,2,87259,278,0.32,0,278,0.32,-6,-0.01,49853.5,49.85,8
839,Entry long,2025-02-10 09:00,ORB Long A (2c),21814.75,2,87259,278,0.32,0,278,0.32,-6,-0.01,49853.5,49.85,8
840,Exit long,2025-02-11 15:25,EOD Close,21793.25,1,43602,-15.5,-0.04,0,140.5,0.32,-170.5,-0.39,49838,49.84,75
840,Entry long,2025-02-11 09:10,ORB Long B (1c),21801,1,43602,-15.5,-0.04,0,140.5,0.32,-170.5,-0.39,49838,49.84,75
841,Exit long,2025-02-12 09:35,L-TP1,21762.25,1,43351,173.5,0.40,0,173.5,0.40,-190,-0.44,50011.5,50.01,10
841,Entry long,2025-02-12 08:45,ORB Long A (1c),21675.5,1,43351,173.5,0.40,0,173.5,0.40,-190,-0.44,50011.5,50.01,10
842,Exit long,2025-02-12 10:55,L-TP1,21770.5,1,43362.5,178.5,0.41,0,178.5,0.41,-8.5,-0.02,50190,50.19,5
842,Entry long,2025-02-12 10:30,ORB Long B (1c),21681.25,1,43362.5,178.5,0.41,0,178.5,0.41,-8.5,-0.02,50190,50.19,5
843,Exit long,2025-02-13 14:05,L-TP1,22079,1,43946.5,211.5,0.48,0,211.5,0.48,-165.5,-0.38,50401.5,50.40,58
843,Entry long,2025-02-13 09:15,ORB Long B (1c),21973.25,1,43946.5,211.5,0.48,0,211.5,0.48,-165.5,-0.38,50401.5,50.40,58
844,Exit long,2025-02-14 15:25,EOD Close,22208.5,2,88579,255,0.29,0,317,0.36,-212,-0.24,50656.5,50.66,76
844,Entry long,2025-02-14 09:05,ORB Long B+ (2c),22144.75,2,88579,255,0.29,0,317,0.36,-212,-0.24,50656.5,50.66,76
845,Exit long,2025-02-17 11:45,EOD Close (Early/Half-Day),22238.5,2,88981,-27,-0.03,0,28,0.03,-92,-0.10,50629.5,50.63,21
845,Entry long,2025-02-17 10:00,ORB Long B (2c),22245.25,2,88981,-27,-0.03,0,28,0.03,-92,-0.10,50629.5,50.63,21
846,Exit short,2025-02-19 10:45,S-TP1,22242,1,44332,-152,-0.34,0,96,0.22,-152,-0.34,50477.5,50.48,24
846,Entry short,2025-02-19 08:45,ORB Short C (1c),22166,1,44332,-152,-0.34,0,96,0.22,-152,-0.34,50477.5,50.48,24
847,Exit long,2025-02-19 13:35,L-TP1,22288,2,88887,265,0.30,0,265,0.30,-108,-0.12,50742.5,50.74,24
847,Entry long,2025-02-19 11:35,ORB Long B (2c),22221.75,2,88887,265,0.30,0,265,0.30,-108,-0.12,50742.5,50.74,24
848,Exit short,2025-02-25 08:50,S-TP1,21215,2,85148,288,0.34,0,288,0.34,-37,-0.04,51030.5,51.03,1
848,Entry short,2025-02-25 08:45,ORB Short A+ (2c),21287,2,85148,288,0.34,0,288,0.34,-37,-0.04,51030.5,51.03,1
849,Exit long,2025-02-26 10:05,L-TP1,21385,2,85109,431,0.51,0,431,0.51,-70,-0.08,51461.5,51.46,16
849,Entry long,2025-02-26 08:45,ORB Long B (2c),21277.25,2,85109,431,0.51,0,431,0.51,-70,-0.08,51461.5,51.46,16
850,Exit short,2025-02-26 13:05,S-TP1,21065,2,84686,426,0.50,0,426,0.50,-134,-0.16,51887.5,51.89,8
850,Entry short,2025-02-26 12:25,ORB Short A (2c),21171.5,2,84686,426,0.50,0,426,0.50,-134,-0.16,51887.5,51.89,8
851,Exit short,2025-03-03 08:55,S-TP1,20862.75,1,41882.5,157,0.37,0,157,0.37,-45.5,-0.11,52044.5,52.04,2
851,Entry short,2025-03-03 08:45,ORB Short B+ (1c),20941.25,1,41882.5,157,0.37,0,157,0.37,-45.5,-0.11,52044.5,52.04,2
852,Exit short,2025-03-03 12:05,S-TP1,20815,1,41865,235,0.56,0,235,0.56,-105,-0.25,52279.5,52.28,30
852,Entry short,2025-03-03 09:35,ORB Short B (1c),20932.5,1,41865,235,0.56,0,235,0.56,-105,-0.25,52279.5,52.28,30
853,Exit short,2025-03-04 09:15,S-TP1,20115,1,40462,232,0.57,0,232,0.57,-50.5,-0.12,52511.5,52.51,4
853,Entry short,2025-03-04 08:55,ORB Short A+ (1c),20231,1,40462,232,0.57,0,232,0.57,-50.5,-0.12,52511.5,52.51,4
854,Exit short,2025-03-05 11:00,S-TP1,20396.75,1,40591,-202.5,-0.50,0,161,0.40,-202.5,-0.50,52309,52.31,10
854,Entry short,2025-03-05 10:10,ORB Short B+ (1c),20295.5,1,40591,-202.5,-0.50,0,161,0.40,-202.5,-0.50,52309,52.31,10
855,Exit short,2025-03-06 11:45,S-TP1,20090.75,1,40374.5,193,0.48,0,193,0.48,-89.5,-0.22,52502,52.50,9
855,Entry short,2025-03-06 11:00,ORB Short B (1c),20187.25,1,40374.5,193,0.48,0,193,0.48,-89.5,-0.22,52502,52.50,9
856,Exit short,2025-03-07 10:20,S-TP1,19915,1,40042,212,0.53,0,212,0.53,-28,-0.07,52714,52.71,5
856,Entry short,2025-03-07 09:55,ORB Short B (1c),20021,1,40042,212,0.53,0,212,0.53,-28,-0.07,52714,52.71,5
857,Exit short,2025-03-10 09:20,S-TP1,19661,1,39530.5,208.5,0.53,0,208.5,0.53,-124.5,-0.31,52922.5,52.92,6
857,Entry short,2025-03-10 08:50,ORB Short A (1c),19765.25,1,39530.5,208.5,0.53,0,208.5,0.53,-124.5,-0.31,52922.5,52.92,6
858,Exit short,2025-03-11 09:05,S-TP1,19510.75,1,38768.5,-253,-0.65,0,12,0.03,-253,-0.65,52669.5,52.67,1
858,Entry short,2025-03-11 09:00,ORB Short A (1c),19384.25,1,38768.5,-253,-0.65,0,12,0.03,-253,-0.65,52669.5,52.67,1
859,Exit short,2025-03-11 12:20,S-TP1,19245.5,1,38749,258,0.67,0,258,0.67,-118,-0.30,52927.5,52.93,15
859,Entry short,2025-03-11 11:05,ORB Short B+ (1c),19374.5,1,38749,258,0.67,0,258,0.67,-118,-0.30,52927.5,52.93,15
860,Exit short,2025-03-13 10:35,S-TP1,19315,1,38890.5,260.5,0.67,0,260.5,0.67,-93.5,-0.24,53188,53.19,12
860,Entry short,2025-03-13 09:35,ORB Short B (1c),19445.25,1,38890.5,260.5,0.67,0,260.5,0.67,-93.5,-0.24,53188,53.19,12
861,Exit short,2025-03-17 12:35,S-TP1,19802.75,1,39336.5,-269,-0.68,0,79.5,0.20,-269,-0.68,52919,52.92,31
861,Entry short,2025-03-17 10:00,ORB Short B (1c),19668.25,1,39336.5,-269,-0.68,0,79.5,0.20,-269,-0.68,52919,52.92,31
862,Exit short,2025-03-18 15:25,EOD Close,19712,1,39406,-18,-0.05,0,197.5,0.50,-161,-0.41,52901,52.90,79
862,Entry short,2025-03-18 08:50,ORB Short B+ (1c),19703,1,39406,-18,-0.05,0,197.5,0.50,-161,-0.41,52901,52.90,79
863,Exit short,2025-03-28 09:10,S-TP1,19715,1,39677,247,0.62,0,247,0.62,-9.5,-0.02,53148,53.15,2
863,Entry short,2025-03-28 09:00,ORB Short A (1c),19838.5,1,39677,247,0.62,0,247,0.62,-9.5,-0.02,53148,53.15,2
864,Exit short,2025-04-01 09:35,S-TP1,19400,1,38598.5,-201.5,-0.52,0,76,0.20,-201.5,-0.52,52946.5,52.95,5
864,Entry short,2025-04-01 09:10,ORB Short A (1c),19299.25,1,38598.5,-201.5,-0.52,0,76,0.20,-201.5,-0.52,52946.5,52.95,5
865,Exit short,2025-04-03 09:45,S-TP1,18811.75,1,37819,195.5,0.52,0,195.5,0.52,-97,-0.26,53142,53.14,8
865,Entry short,2025-04-03 09:05,ORB Short A+ (1c),18909.5,1,37819,195.5,0.52,0,195.5,0.52,-97,-0.26,53142,53.14,8
866,Exit short,2025-04-03 12:20,S-TP1,18824.75,1,37804,154.5,0.41,0,154.5,0.41,-123.5,-0.33,53296.5,53.30,10
866,Entry short,2025-04-03 11:30,ORB Short A (1c),18902,1,37804,154.5,0.41,0,154.5,0.41,-123.5,-0.33,53296.5,53.30,10
867,Exit short,2025-04-04 09:30,S-TP1,17878.75,1,36003,245.5,0.68,0,245.5,0.68,-138.5,-0.38,53542,53.54,4
867,Entry short,2025-04-04 09:10,ORB Short B+ (1c),18001.5,1,36003,245.5,0.68,0,245.5,0.68,-138.5,-0.38,53542,53.54,4
868,Exit short,2025-04-04 10:10,S-TP1,18090.5,1,35944.5,-236.5,-0.66,0,22,0.06,-236.5,-0.66,53305.5,53.31,1
868,Entry short,2025-04-04 10:05,ORB Short B+ (1c),17972.25,1,35944.5,-236.5,-0.66,0,22,0.06,-236.5,-0.66,53305.5,53.31,1
869,Exit short,2025-04-08 11:20,S-TP1,17861,1,36035,313,0.87,0,313,0.87,-112.5,-0.31,53618.5,53.62,7
869,Entry short,2025-04-08 10:45,ORB Short C+ (1c),18017.5,1,36035,313,0.87,0,313,0.87,-112.5,-0.31,53618.5,53.62,7
870,Exit short,2025-04-10 10:20,S-TP1,18496.75,1,37323.5,330,0.88,0,330,0.88,-279,-0.75,53948.5,53.95,17
870,Entry short,2025-04-10 08:55,ORB Short A (1c),18661.75,1,37323.5,330,0.88,0,330,0.88,-279,-0.75,53948.5,53.95,17
871,Exit short,2025-04-11 09:40,S-TP1,18479,1,36608,-350,-0.96,0,68,0.19,-350,-0.96,53598.5,53.60,3
871,Entry short,2025-04-11 09:25,ORB Short B (1c),18304,1,36608,-350,-0.96,0,68,0.19,-350,-0.96,53598.5,53.60,3
872,Exit short,2025-04-11 10:35,S-TP1,18524.25,1,36698.5,-350,-0.95,0,11.5,0.03,-350,-0.95,53248.5,53.25,3
872,Entry short,2025-04-11 10:20,ORB Short B (1c),18349.25,1,36698.5,-350,-0.95,0,11.5,0.03,-350,-0.95,53248.5,53.25,3
873,Exit short,2025-04-14 11:10,S-TP1,18774.25,1,37893,344.5,0.91,0,344.5,0.91,-92.5,-0.24,53593,53.59,9
873,Entry short,2025-04-14 10:25,ORB Short B (1c),18946.5,1,37893,344.5,0.91,0,344.5,0.91,-92.5,-0.24,53593,53.59,9
874,Exit short,2025-04-16 10:25,S-TP1,18714.25,1,37108,-320.5,-0.86,0,88.5,0.24,-320.5,-0.86,53272.5,53.27,19
874,Entry short,2025-04-16 08:50,ORB Short B+ (1c),18554,1,37108,-320.5,-0.86,0,88.5,0.24,-320.5,-0.86,53272.5,53.27,19
875,Exit short,2025-04-16 12:40,S-TP1,18402.75,1,37129,323.5,0.87,0,323.5,0.87,-64.5,-0.17,53596,53.60,13
875,Entry short,2025-04-16 11:35,ORB Short B (1c),18564.5,1,37129,323.5,0.87,0,323.5,0.87,-64.5,-0.17,53596,53.60,13
876,Exit short,2025-04-17 15:25,EOD Close,18405.75,1,36718,-93.5,-0.25,0,195.5,0.53,-334,-0.91,53502.5,53.50,73
876,Entry short,2025-04-17 09:20,ORB Short B (1c),18359,1,36718,-93.5,-0.25,0,195.5,0.53,-334,-0.91,53502.5,53.50,73
877,Exit short,2025-04-21 09:15,S-TP1,17915,1,36111,281,0.78,0,281,0.78,-9,-0.02,53783.5,53.78,5
877,Entry short,2025-04-21 08:50,ORB Short A (1c),18055.5,1,36111,281,0.78,0,281,0.78,-9,-0.02,53783.5,53.78,5
878,Exit long,2025-04-22 11:00,L-TP1,18406.75,1,36483.5,330,0.90,0,330,0.90,-85,-0.23,54113.5,54.11,27
878,Entry long,2025-04-22 08:45,ORB Long B (1c),18241.75,1,36483.5,330,0.90,0,330,0.90,-85,-0.23,54113.5,54.11,27
879,Exit long,2025-04-25 12:20,L-TP1,19535,1,38752,318,0.82,0,318,0.82,-283,-0.73,54431.5,54.43,39
879,Entry long,2025-04-25 09:05,ORB Long B (1c),19376,1,38752,318,0.82,0,318,0.82,-283,-0.73,54431.5,54.43,39
880,Exit short,2025-04-28 10:25,S-TP1,19315,1,38929.5,299.5,0.77,0,299.5,0.77,-149.5,-0.38,54731,54.73,18
880,Entry short,2025-04-28 08:55,ORB Short B (1c),19464.75,1,38929.5,299.5,0.77,0,299.5,0.77,-149.5,-0.38,54731,54.73,18
881,Exit long,2025-04-29 13:25,L-TP1,19685,1,39030.5,339.5,0.87,0,339.5,0.87,-92,-0.24,55070.5,55.07,56
881,Entry long,2025-04-29 08:45,ORB Long B+ (1c),19515.25,1,39030.5,339.5,0.87,0,339.5,0.87,-92,-0.24,55070.5,55.07,56
882,Exit long,2025-05-01 14:55,L-TP1,19857,1,39999.5,-285.5,-0.71,0,251,0.63,-285.5,-0.71,54785,54.79,66
882,Entry long,2025-05-01 09:25,ORB Long B (1c),19999.75,1,39999.5,-285.5,-0.71,0,251,0.63,-285.5,-0.71,54785,54.79,66
883,Exit long,2025-05-02 15:25,EOD Close,20191.25,1,40263,119.5,0.30,0,291,0.72,-40,-0.10,54904.5,54.90,76
883,Entry long,2025-05-02 09:05,ORB Long B (1c),20131.5,1,40263,119.5,0.30,0,291,0.72,-40,-0.10,54904.5,54.90,76
884,Exit long,2025-05-05 11:25,L-TP1,20135,1,40119.5,150.5,0.38,0,150.5,0.38,-101.5,-0.25,55055,55.06,30
884,Entry long,2025-05-05 08:55,ORB Long B+ (1c),20059.75,1,40119.5,150.5,0.38,0,150.5,0.38,-101.5,-0.25,55055,55.06,30
885,Exit long,2025-05-06 11:10,L-TP1,19985,1,39734,236,0.59,0,236,0.59,0,0.00,55291,55.29,23
885,Entry long,2025-05-06 09:15,ORB Long B (1c),19867,1,39734,236,0.59,0,236,0.59,0,0.00,55291,55.29,23
886,Exit short,2025-05-07 13:05,S-TP1,19715,1,39698.5,268.5,0.68,0,268.5,0.68,-152.5,-0.38,55559.5,55.56,39
886,Entry short,2025-05-07 09:50,ORB Short C (1c),19849.25,1,39698.5,268.5,0.68,0,268.5,0.68,-152.5,-0.38,55559.5,55.56,39
887,Exit short,2025-05-08 10:25,S-TP1,20194.25,1,40153,-235.5,-0.59,0,197,0.49,-235.5,-0.59,55324,55.32,20
887,Entry short,2025-05-08 08:45,ORB Short B (1c),20076.5,1,40153,-235.5,-0.59,0,197,0.49,-235.5,-0.59,55324,55.32,20
888,Exit long,2025-05-08 11:50,L-TP1,20335,1,40386,284,0.70,0,284,0.70,-22,-0.05,55608,55.61,16
888,Entry long,2025-05-08 10:30,ORB Long A (1c),20193,1,40386,284,0.70,0,284,0.70,-22,-0.05,55608,55.61,16
889,Exit long,2025-05-12 15:25,EOD Close,20953,1,41857,49,0.12,0,135,0.32,-142,-0.34,55657,55.66,40
889,Entry long,2025-05-12 12:05,ORB Long B+ (1c),20928.5,1,41857,49,0.12,0,135,0.32,-142,-0.34,55657,55.66,40
890,Exit long,2025-05-13 09:15,L-TP1,21235,1,42221.5,248.5,0.59,0,248.5,0.59,-16.5,-0.04,55905.5,55.91,5
890,Entry long,2025-05-13 08:50,ORB Long A+ (1c),21110.75,1,42221.5,248.5,0.59,0,248.5,0.59,-16.5,-0.04,55905.5,55.91,5
891,Exit long,2025-05-14 12:20,L-TP1,21301.5,1,42823.5,-220.5,-0.51,0,14.5,0.03,-220.5,-0.51,55685,55.68,10
891,Entry long,2025-05-14 11:30,ORB Long B+ (1c),21411.75,1,42823.5,-220.5,-0.51,0,14.5,0.03,-220.5,-0.51,55685,55.68,10
892,Exit long,2025-05-15 11:45,L-TP1,21485,1,42722.5,247.5,0.58,0,247.5,0.58,-15.5,-0.04,55932.5,55.93,21
892,Entry long,2025-05-15 10:00,ORB Long B (1c),21361.25,1,42722.5,247.5,0.58,0,247.5,0.58,-15.5,-0.04,55932.5,55.93,21
893,Exit long,2025-05-16 15:25,EOD Close,21501.75,2,85889,118,0.14,0,163,0.19,-151,-0.18,56050.5,56.05,35
893,Entry long,2025-05-16 12:30,ORB Long B+ (2c),21472.25,2,85889,118,0.14,0,163,0.19,-151,-0.18,56050.5,56.05,35
894,Exit long,2025-05-19 11:50,L-TP1,21485,1,42725.5,244.5,0.57,0,244.5,0.57,-43,-0.10,56295,56.29,37
894,Entry long,2025-05-19 08:45,ORB Long B+ (1c),21362.75,1,42725.5,244.5,0.57,0,244.5,0.57,-43,-0.10,56295,56.29,37
895,Exit long,2025-05-20 13:25,L-TP1,21353,1,42891,-185,-0.43,0,56.5,0.13,-185,-0.43,56110,56.11,45
895,Entry long,2025-05-20 09:40,ORB Long B (1c),21445.5,1,42891,-185,-0.43,0,56.5,0.13,-185,-0.43,56110,56.11,45
896,Exit long,2025-05-21 10:00,L-TP1,21461.75,1,42764,159.5,0.37,0,159.5,0.37,-39.5,-0.09,56269.5,56.27,15
896,Entry long,2025-05-21 08:45,ORB Long A (1c),21382,1,42764,159.5,0.37,0,159.5,0.37,-39.5,-0.09,56269.5,56.27,15
897,Exit long,2025-05-22 09:05,L-TP1,21325.5,1,42472.5,178.5,0.42,0,178.5,0.42,-18,-0.04,56448,56.45,3
897,Entry long,2025-05-22 08:50,ORB Long A (1c),21236.25,1,42472.5,178.5,0.42,0,178.5,0.42,-18,-0.04,56448,56.45,3
898,Exit long,2025-05-22 14:00,L-TP1,21325.5,1,42449.5,201.5,0.47,0,201.5,0.47,-116.5,-0.27,56649.5,56.65,51
898,Entry long,2025-05-22 09:45,ORB Long B (1c),21224.75,1,42449.5,201.5,0.47,0,201.5,0.47,-116.5,-0.27,56649.5,56.65,51
899,Exit long,2025-05-23 10:15,L-TP1,20886.25,1,41945.5,-173,-0.41,0,35.5,0.08,-173,-0.41,56476.5,56.48,11
899,Entry long,2025-05-23 09:20,ORB Long B (1c),20972.75,1,41945.5,-173,-0.41,0,35.5,0.08,-173,-0.41,56476.5,56.48,11
900,Exit long,2025-05-23 15:25,EOD Close,20955.25,1,41951.5,-41,-0.10,0,216,0.51,-85.5,-0.20,56435.5,56.44,49
900,Entry long,2025-05-23 11:20,ORB Long B (1c),20975.75,1,41951.5,-41,-0.10,0,216,0.51,-85.5,-0.20,56435.5,56.44,49
901,Exit long,2025-05-27 09:30,L-TP1,21385,1,42590.5,179.5,0.42,0,179.5,0.42,-6.5,-0.02,56615,56.62,7
901,Entry long,2025-05-27 08:55,ORB Long A (1c),21295.25,1,42590.5,179.5,0.42,0,179.5,0.42,-6.5,-0.02,56615,56.62,7
902,Exit short,2025-05-28 14:50,S-TP1,21365,1,42965,235,0.55,0,235,0.55,-63,-0.15,56850,56.85,73
902,Entry short,2025-05-28 08:45,ORB Short C (1c),21482.5,1,42965,235,0.55,0,235,0.55,-63,-0.15,56850,56.85,73
903,Exit short,2025-05-29 09:05,S-TP1,21410.75,1,42983.5,162,0.38,0,162,0.38,-132,-0.31,57012,57.01,4
903,Entry short,2025-05-29 08:45,ORB Short C (1c),21491.75,1,42983.5,162,0.38,0,162,0.38,-132,-0.31,57012,57.01,4
904,Exit long,2025-05-30 10:40,L-TP1,21301.75,1,42789.5,-186,-0.43,0,1,0.00,-186,-0.43,56826,56.83,13
904,Entry long,2025-05-30 09:35,ORB Long A (1c),21394.75,1,42789.5,-186,-0.43,0,1,0.00,-186,-0.43,56826,56.83,13
905,Exit long,2025-06-02 15:00,L-TP1,21549.75,1,42917,182.5,0.43,0,182.5,0.43,-68,-0.16,57008.5,57.01,36
905,Entry long,2025-06-02 12:00,ORB Long B (1c),21458.5,1,42917,182.5,0.43,0,182.5,0.43,-68,-0.16,57008.5,57.01,36
906,Exit long,2025-06-03 11:35,L-TP1,21735,1,43231.5,238.5,0.55,0,238.5,0.55,-116.5,-0.27,57247,57.25,31
906,Entry long,2025-06-03 09:00,ORB Long A (1c),21615.75,1,43231.5,238.5,0.55,0,238.5,0.55,-116.5,-0.27,57247,57.25,31
907,Exit short,2025-06-05 09:35,S-TP1,21808.5,1,43447.5,-169.5,-0.39,0,46,0.11,-169.5,-0.39,57077.5,57.08,8
907,Entry short,2025-06-05 08:55,ORB Short B (1c),21723.75,1,43447.5,-169.5,-0.39,0,46,0.11,-169.5,-0.39,57077.5,57.08,8
908,Exit long,2025-06-05 10:55,L-TP1,21935,1,43715,155,0.35,0,155,0.35,-26,-0.06,57232.5,57.23,12
908,Entry long,2025-06-05 09:55,ORB Long A (1c),21857.5,1,43715,155,0.35,0,155,0.35,-26,-0.06,57232.5,57.23,12
909,Exit short,2025-06-05 13:15,S-TP1,21615,1,43445.5,215.5,0.50,0,215.5,0.50,-134,-0.31,57448,57.45,18
909,Entry short,2025-06-05 11:45,ORB Short B (1c),21722.75,1,43445.5,215.5,0.50,0,215.5,0.50,-134,-0.31,57448,57.45,18
910,Exit long,2025-06-06 09:25,L-TP1,21771.25,1,43715.5,-173,-0.40,0,11,0.03,-173,-0.40,57275,57.28,8
910,Entry long,2025-06-06 08:45,ORB Long A (1c),21857.75,1,43715.5,-173,-0.40,0,11,0.03,-173,-0.40,57275,57.28,8
911,Exit long,2025-06-09 09:30,L-TP1,21885,2,87262,278,0.32,0,278,0.32,-128,-0.15,57553,57.55,8
911,Entry long,2025-06-09 08:50,ORB Long A (2c),21815.5,2,87262,278,0.32,0,278,0.32,-128,-0.15,57553,57.55,8
912,Exit short,2025-06-10 10:50,S-TP1,21863.75,1,43556,-171.5,-0.39,0,11,0.03,-171.5,-0.39,57381.5,57.38,4
912,Entry short,2025-06-10 10:30,ORB Short C (1c),21778,1,43556,-171.5,-0.39,0,11,0.03,-171.5,-0.39,57381.5,57.38,4
913,Exit long,2025-06-10 14:05,L-TP1,21985,1,43788.5,181.5,0.41,0,181.5,0.41,-146.5,-0.33,57563,57.56,37
913,Entry long,2025-06-10 11:00,ORB Long B+ (1c),21894.25,1,43788.5,181.5,0.41,0,181.5,0.41,-146.5,-0.33,57563,57.56,37
914,Exit short,2025-06-11 09:25,S-TP1,22039.5,1,43907.5,-171.5,-0.39,0,4,0.01,-171.5,-0.39,57391.5,57.39,8
914,Entry short,2025-06-11 08:45,ORB Short C (1c),21953.75,1,43907.5,-171.5,-0.39,0,4,0.01,-171.5,-0.39,57391.5,57.39,8
915,Exit long,2025-06-11 11:05,L-TP1,21953,1,44077.5,-171.5,-0.39,0,16.5,0.04,-171.5,-0.39,57220,57.22,10
915,Entry long,2025-06-11 10:15,ORB Long B+ (1c),22038.75,1,44077.5,-171.5,-0.39,0,16.5,0.04,-171.5,-0.39,57220,57.22,10
916,Exit long,2025-06-12 10:00,L-TP1,21959.25,2,87546,291,0.33,0,291,0.33,-187,-0.21,57511,57.51,15
916,Entry long,2025-06-12 08:45,ORB Long A+ (2c),21886.5,2,87546,291,0.33,0,291,0.33,-187,-0.21,57511,57.51,15
917,Exit long,2025-06-13 13:15,L-TP1,21716,2,87192,-328,-0.38,0,231,0.26,-328,-0.38,57183,57.18,34
917,Entry long,2025-06-13 10:25,ORB Long B (2c),21798,2,87192,-328,-0.38,0,231,0.26,-328,-0.38,57183,57.18,34
918,Exit long,2025-06-16 09:10,L-TP1,22185,2,88425,315,0.36,0,315,0.36,-40,-0.05,57498,57.50,5
918,Entry long,2025-06-16 08:45,ORB Long A+ (2c),22106.25,2,88425,315,0.36,0,315,0.36,-40,-0.05,57498,57.50,5
919,Exit long,2025-06-17 11:55,L-TP1,22039.25,2,88485,-328,-0.37,0,61,0.07,-328,-0.37,57170,57.17,33
919,Entry long,2025-06-17 09:10,ORB Long A (2c),22121.25,2,88485,-328,-0.37,0,61,0.07,-328,-0.37,57170,57.17,33
920,Exit short,2025-06-17 13:25,S-TP1,21915,1,44028.5,198.5,0.45,0,198.5,0.45,-70.5,-0.16,57368.5,57.37,12
920,Entry short,2025-06-17 12:25,ORB Short C (1c),22014.25,1,44028.5,198.5,0.45,0,198.5,0.45,-70.5,-0.16,57368.5,57.37,12
921,Exit long,2025-06-18 09:25,L-TP1,22079,2,88010,306,0.35,0,306,0.35,-88,-0.10,57674.5,57.67,8
921,Entry long,2025-06-18 08:45,ORB Long A (2c),22002.5,2,88010,306,0.35,0,306,0.35,-88,-0.10,57674.5,57.67,8
922,Exit long,2025-06-23 09:05,L-TP1,21985,2,87616,324,0.37,0,324,0.37,-44,-0.05,57998.5,58.00,4
922,Entry long,2025-06-23 08:45,ORB Long A (2c),21904,2,87616,324,0.37,0,324,0.37,-44,-0.05,57998.5,58.00,4
923,Exit long,2025-06-23 12:20,L-TP1,21973.25,2,87582,311,0.36,0,311,0.36,-106,-0.12,58309.5,58.31,4
923,Entry long,2025-06-23 12:00,ORB Long B (2c),21895.5,2,87582,311,0.36,0,311,0.36,-106,-0.12,58309.5,58.31,4
924,Exit long,2025-06-24 11:40,L-TP1,22411.5,2,89346,300,0.34,0,300,0.34,-146,-0.16,58609.5,58.61,24
924,Entry long,2025-06-24 09:40,ORB Long B+ (2c),22336.5,2,89346,300,0.34,0,300,0.34,-146,-0.16,58609.5,58.61,24
925,Exit long,2025-06-26 13:15,L-TP1,22685,2,90287,453,0.50,0,453,0.50,-88,-0.10,59062.5,59.06,47
925,Entry long,2025-06-26 09:20,ORB Long B (2c),22571.75,2,90287,453,0.50,0,453,0.50,-88,-0.10,59062.5,59.06,47
926,Exit long,2025-06-27 13:25,L-TP1,22668.75,2,90975,-300,-0.33,0,320,0.35,-300,-0.33,58762.5,58.76,55
926,Entry long,2025-06-27 08:50,ORB Long B (2c),22743.75,2,90975,-300,-0.33,0,320,0.35,-300,-0.33,58762.5,58.76,55
927,Exit long,2025-07-02 09:25,L-TP1,22785,2,90842,298,0.33,0,298,0.33,-31,-0.03,59060.5,59.06,8
927,Entry long,2025-07-02 08:45,ORB Long A+ (2c),22710.5,2,90842,298,0.33,0,298,0.33,-31,-0.03,59060.5,59.06,8
928,Exit long,2025-07-03 10:35,L-TP1,23085,2,91976,364,0.40,0,364,0.40,-23,-0.03,59424.5,59.42,21
928,Entry long,2025-07-03 08:50,ORB Long A+ (2c),22994,2,91976,364,0.40,0,364,0.40,-23,-0.03,59424.5,59.42,21
929,Exit short,2025-07-08 11:25,S-TP1,22956.25,2,91525,-300,-0.33,0,161,0.18,-300,-0.33,59124.5,59.12,30
929,Entry short,2025-07-08 08:55,ORB Short B (2c),22881.25,2,91525,-300,-0.33,0,161,0.18,-300,-0.33,59124.5,59.12,30
930,Exit long,2025-07-09 09:30,L-TP1,23010.5,2,92342,-300,-0.32,0,103,0.11,-300,-0.32,58824.5,58.82,9
930,Entry long,2025-07-09 08:45,ORB Long A (2c),23085.5,2,92342,-300,-0.32,0,103,0.11,-300,-0.32,58824.5,58.82,9
931,Exit short,2025-07-10 09:00,S-TP1,22928.5,2,91974,260,0.28,0,260,0.28,-68,-0.07,59084.5,59.08,3
931,Entry short,2025-07-10 08:45,ORB Short B (2c),22993.5,2,91974,260,0.28,0,260,0.28,-68,-0.07,59084.5,59.08,3
932,Exit long,2025-07-11 15:25,EOD Close,22936,2,91856,-112,-0.12,0,231,0.25,-221,-0.24,58972.5,58.97,78
932,Entry long,2025-07-11 08:55,ORB Long B+ (2c),22964,2,91856,-112,-0.12,0,231,0.25,-221,-0.24,58972.5,58.97,78
933,Exit long,2025-07-14 15:25,EOD Close,23024,2,91968,128,0.14,0,303,0.33,-29,-0.03,59100.5,59.10,66
933,Entry long,2025-07-14 09:55,ORB Long B (2c),22992,2,91968,128,0.14,0,303,0.33,-29,-0.03,59100.5,59.10,66
934,Exit short,2025-07-15 10:45,S-TP1,23174.5,1,46199,-150,-0.32,0,0.5,0.00,-150,-0.32,58950.5,58.95,10
934,Entry short,2025-07-15 09:55,ORB Short C (1c),23099.5,1,46199,-150,-0.32,0,0.5,0.00,-150,-0.32,58950.5,58.95,10
935,Exit short,2025-07-15 13:00,S-TP1,23173.5,2,92394,-300,-0.32,0,48,0.05,-300,-0.32,58650.5,58.65,13
935,Entry short,2025-07-15 11:55,ORB Short B (2c),23098.5,2,92394,-300,-0.32,0,48,0.05,-300,-0.32,58650.5,58.65,13
936,Exit long,2025-07-17 10:00,L-TP1,23207.75,2,92544,287,0.31,0,287,0.31,-86,-0.09,58937.5,58.94,15
936,Entry long,2025-07-17 08:45,ORB Long B+ (2c),23136,2,92544,287,0.31,0,287,0.31,-86,-0.09,58937.5,58.94,15
937,Exit long,2025-07-21 15:25,EOD Close,23340.25,2,93514,-153,-0.16,0,186,0.20,-201,-0.21,58784.5,58.78,80
937,Entry long,2025-07-21 08:45,ORB Long A (2c),23378.5,2,93514,-153,-0.16,0,186,0.20,-201,-0.21,58784.5,58.78,80
938,Exit short,2025-07-23 10:50,S-TP1,23240.75,2,92663,-300,-0.32,0,93,0.10,-300,-0.32,58484.5,58.48,23
938,Entry short,2025-07-23 08:55,ORB Short B (2c),23165.75,2,92663,-300,-0.32,0,93,0.10,-300,-0.32,58484.5,58.48,23
939,Exit long,2025-07-24 15:25,EOD Close,23392,2,93646,-78,-0.08,0,54,0.06,-179,-0.19,58406.5,58.41,39
939,Entry long,2025-07-24 12:10,ORB Long A (2c),23411.5,2,93646,-78,-0.08,0,54,0.06,-179,-0.19,58406.5,58.41,39
940,Exit long,2025-07-25 15:25,EOD Close,23436,2,93536,208,0.22,0,372,0.40,-45,-0.05,58614.5,58.61,80
940,Entry long,2025-07-25 08:45,ORB Long B+ (2c),23384,2,93536,208,0.22,0,372,0.40,-45,-0.05,58614.5,58.61,80
941,Exit long,2025-07-30 13:35,L-TP1,23585,2,94062,278,0.30,0,278,0.30,-162,-0.17,58892.5,58.89,51
941,Entry long,2025-07-30 09:20,ORB Long A+ (2c),23515.5,2,94062,278,0.30,0,278,0.30,-162,-0.17,58892.5,58.89,51
942,Exit long,2025-08-05 09:15,L-TP1,23306.5,2,93526,-300,-0.32,0,45,0.05,-300,-0.32,58592.5,58.59,6
942,Entry long,2025-08-05 08:45,ORB Long B+ (2c),23381.5,2,93526,-300,-0.32,0,45,0.05,-300,-0.32,58592.5,58.59,6
943,Exit long,2025-08-06 10:25,L-TP1,23328,2,92917,395,0.43,0,395,0.43,-260,-0.28,58987.5,58.99,19
943,Entry long,2025-08-06 08:50,ORB Long B (2c),23229.25,2,92917,395,0.43,0,395,0.43,-260,-0.28,58987.5,58.99,19
944,Exit long,2025-08-07 09:20,L-TP1,23579.5,2,94618,-300,-0.32,0,67,0.07,-300,-0.32,58687.5,58.69,5
944,Entry long,2025-08-07 08:55,ORB Long B+ (2c),23654.5,2,94618,-300,-0.32,0,67,0.07,-300,-0.32,58687.5,58.69,5
945,Exit long,2025-08-08 15:00,L-TP1,23735,2,94514,426,0.45,0,426,0.45,-66,-0.07,59113.5,59.11,75
945,Entry long,2025-08-08 08:45,ORB Long A+ (2c),23628.5,2,94514,426,0.45,0,426,0.45,-66,-0.07,59113.5,59.11,75
946,Exit long,2025-08-11 13:40,L-TP1,23670,2,94980,-300,-0.32,0,238,0.25,-300,-0.32,58813.5,58.81,57
946,Entry long,2025-08-11 08:55,ORB Long A (2c),23745,2,94980,-300,-0.32,0,238,0.25,-300,-0.32,58813.5,58.81,57
947,Exit long,2025-08-12 11:30,L-TP1,23885,2,95240,300,0.31,0,300,0.31,0,0.00,59113.5,59.11,17
947,Entry long,2025-08-12 10:05,ORB Long B+ (2c),23810,2,95240,300,0.31,0,300,0.31,0,0.00,59113.5,59.11,17
948,Exit long,2025-08-14 09:45,L-TP1,24002,2,95723,285,0.30,0,285,0.30,-132,-0.14,59398.5,59.40,12
948,Entry long,2025-08-14 08:45,ORB Long A (2c),23930.75,2,95723,285,0.30,0,285,0.30,-132,-0.14,59398.5,59.40,12
949,Exit long,2025-08-14 15:25,EOD Close,23882.25,2,95702,-173,-0.18,0,217,0.23,-244,-0.25,59225.5,59.23,55
949,Entry long,2025-08-14 10:50,ORB Long B+ (2c),23925.5,2,95702,-173,-0.18,0,217,0.23,-244,-0.25,59225.5,59.23,55
950,Exit long,2025-08-25 10:05,L-TP1,23584.5,2,94078,260,0.28,0,260,0.28,-60,-0.06,59485.5,59.49,14
950,Entry long,2025-08-25 08:55,ORB Long B (2c),23519.5,2,94078,260,0.28,0,260,0.28,-60,-0.06,59485.5,59.49,14
951,Exit long,2025-08-26 15:05,L-TP1,23605.5,1,47081,130,0.28,0,130,0.28,-123,-0.26,59615.5,59.62,69
951,Entry long,2025-08-26 09:20,ORB Long C+ (1c),23540.5,1,47081,130,0.28,0,130,0.28,-123,-0.26,59615.5,59.62,69
952,Exit long,2025-08-27 13:10,L-TP1,23635,1,47133,137,0.29,0,137,0.29,-49,-0.10,59752.5,59.75,48
952,Entry long,2025-08-27 09:10,ORB Long C+ (1c),23566.5,1,47133,137,0.29,0,137,0.29,-49,-0.10,59752.5,59.75,48
953,Exit long,2025-08-28 15:25,EOD Close,23763.5,2,95018,36,0.04,0,197,0.21,-129,-0.14,59788.5,59.79,48
953,Entry long,2025-08-28 11:25,ORB Long B+ (2c),23754.5,2,95018,36,0.04,0,197,0.21,-129,-0.14,59788.5,59.79,48
954,Exit short,2025-08-29 09:05,S-TP1,23465,2,94173,313,0.33,0,313,0.33,-130,-0.14,60101.5,60.10,4
954,Entry short,2025-08-29 08:45,ORB Short B (2c),23543.25,2,94173,313,0.33,0,313,0.33,-130,-0.14,60101.5,60.10,4
955,Exit long,2025-09-04 14:10,L-TP1,23635,2,94206,334,0.35,0,334,0.35,-155,-0.16,60435.5,60.44,40
955,Entry long,2025-09-04 10:50,ORB Long B (2c),23551.5,2,94206,334,0.35,0,334,0.35,-155,-0.16,60435.5,60.44,40
956,Exit short,2025-09-05 09:15,S-TP1,23715,1,47591.5,161.5,0.34,0,161.5,0.34,-14.5,-0.03,60597,60.60,2
956,Entry short,2025-09-05 09:05,ORB Short C+ (1c),23795.75,1,47591.5,161.5,0.34,0,161.5,0.34,-14.5,-0.03,60597,60.60,2
957,Exit long,2025-09-08 12:50,L-TP1,23772,2,95397,-309,-0.32,0,155,0.16,-309,-0.32,60288,60.29,49
957,Entry long,2025-09-08 08:45,ORB Long A (2c),23849.25,2,95397,-309,-0.32,0,155,0.16,-309,-0.32,60288,60.29,49
958,Exit long,2025-09-11 15:25,EOD Close,24012,2,96016,32,0.03,0,179,0.19,-37,-0.04,60320,60.32,66
958,Entry long,2025-09-11 09:55,ORB Long B+ (2c),24004,2,96016,32,0.03,0,179,0.19,-37,-0.04,60320,60.32,66
959,Exit long,2025-09-12 13:30,L-TP1,24136.5,2,96286,260,0.27,0,260,0.27,-28,-0.03,60580,60.58,50
959,Entry long,2025-09-12 09:20,ORB Long A (2c),24071.5,2,96286,260,0.27,0,260,0.27,-28,-0.03,60580,60.58,50
960,Exit long,2025-09-15 15:25,EOD Close,24289.75,2,96914,245,0.25,0,349,0.36,-30,-0.03,60825,60.83,80
960,Entry long,2025-09-15 08:45,ORB Long A (2c),24228.5,2,96914,245,0.25,0,349,0.36,-30,-0.03,60825,60.83,80
961,Exit long,2025-09-18 09:25,L-TP1,24787.25,2,98889,260,0.26,0,260,0.26,-6,-0.01,61085,61.09,5
961,Entry long,2025-09-18 09:00,ORB Long A (2c),24722.25,2,98889,260,0.26,0,260,0.26,-6,-0.01,61085,61.09,5
962,Exit long,2025-09-19 10:30,L-TP1,24718.5,2,99174,-300,-0.30,0,90,0.09,-300,-0.30,60785,60.79,21
962,Entry long,2025-09-19 08:45,ORB Long A (2c),24793.5,2,99174,-300,-0.30,0,90,0.09,-300,-0.30,60785,60.79,21
963,Exit long,2025-09-19 14:55,L-TP1,24885,2,99181,359,0.36,0,359,0.36,-23,-0.02,61144,61.14,47
963,Entry long,2025-09-19 11:00,ORB Long B+ (2c),24795.25,2,99181,359,0.36,0,359,0.36,-23,-0.02,61144,61.14,47
964,Exit short,2025-09-23 12:25,S-TP1,24875.25,2,99761,260,0.26,0,260,0.26,-139,-0.14,61404,61.40,42
964,Entry short,2025-09-23 08:55,ORB Short B (2c),24940.25,2,99761,260,0.26,0,260,0.26,-139,-0.14,61404,61.40,42
965,Exit long,2025-09-25 10:40,L-TP1,24675.25,1,49212,138.5,0.28,0,138.5,0.28,-44.5,-0.09,61542.5,61.54,17
965,Entry long,2025-09-25 09:15,ORB Long C+ (1c),24606,1,49212,138.5,0.28,0,138.5,0.28,-44.5,-0.09,61542.5,61.54,17
966,Exit long,2025-09-29 10:15,L-TP1,24872.25,2,99789,-300,-0.30,0,111,0.11,-300,-0.30,61242.5,61.24,18
966,Entry long,2025-09-29 08:45,ORB Long B+ (2c),24947.25,2,99789,-300,-0.30,0,111,0.11,-300,-0.30,61242.5,61.24,18
967,Exit long,2025-09-30 10:25,L-TP1,24767.5,2,99370,-300,-0.30,0,86,0.09,-300,-0.30,60942.5,60.94,6
967,Entry long,2025-09-30 09:55,ORB Long B (2c),24842.5,2,99370,-300,-0.30,0,86,0.09,-300,-0.30,60942.5,60.94,6
968,Exit long,2025-10-01 10:45,L-TP1,24935,2,99431,309,0.31,0,309,0.31,-14,-0.01,61251.5,61.25,18
968,Entry long,2025-10-01 09:15,ORB Long A (2c),24857.75,2,99431,309,0.31,0,309,0.31,-14,-0.01,61251.5,61.25,18
969,Exit long,2025-10-06 15:25,EOD Close,25179.25,2,100899,-182,-0.18,0,113,0.11,-202,-0.20,61069.5,61.07,37
969,Entry long,2025-10-06 12:20,ORB Long A+ (2c),25224.75,2,100899,-182,-0.18,0,113,0.11,-202,-0.20,61069.5,61.07,37
970,Exit long,2025-10-08 09:10,L-TP1,25226.25,2,100645,260,0.26,0,260,0.26,-74,-0.07,61329.5,61.33,5
970,Entry long,2025-10-08 08:45,ORB Long A+ (2c),25161.25,2,100645,260,0.26,0,260,0.26,-74,-0.07,61329.5,61.33,5
971,Exit short,2025-10-09 12:15,S-TP1,25186.5,1,50503.5,130.5,0.26,0,130.5,0.26,-46,-0.09,61460,61.46,34
971,Entry short,2025-10-09 09:25,ORB Short C (1c),25251.75,1,50503.5,130.5,0.26,0,130.5,0.26,-46,-0.09,61460,61.46,34
972,Exit long,2025-10-13 09:20,L-TP1,24809.5,2,99553,-315,-0.32,0,102,0.10,-315,-0.32,61145,61.15,5
972,Entry long,2025-10-13 08:55,ORB Long B (2c),24888.25,2,99553,-315,-0.32,0,102,0.10,-315,-0.32,61145,61.15,5
973,Exit long,2025-10-13 09:50,L-TP1,24774.25,2,99412,-315,-0.32,0,142,0.14,-315,-0.32,60830,60.83,4
973,Entry long,2025-10-13 09:30,ORB Long B (2c),24853,2,99412,-315,-0.32,0,142,0.14,-315,-0.32,60830,60.83,4
974,Exit long,2025-10-13 11:50,L-TP1,24934.25,2,99462,275,0.28,0,275,0.28,-54,-0.05,61105,61.11,19
974,Entry long,2025-10-13 10:15,ORB Long B (2c),24865.5,2,99462,275,0.28,0,275,0.28,-54,-0.05,61105,61.11,19
975,Exit long,2025-10-15 10:45,L-TP1,24924.75,1,50028.5,-179,-0.36,0,207,0.41,-179,-0.36,60926,60.93,22
975,Entry long,2025-10-15 08:55,ORB Long A (1c),25014.25,1,50028.5,-179,-0.36,0,207,0.41,-179,-0.36,60926,60.93,22
976,Exit short,2025-10-15 12:05,S-TP1,24825,1,49809,159,0.32,0,159,0.32,-178,-0.36,61085,61.09,15
976,Entry short,2025-10-15 10:50,ORB Short C (1c),24904.5,1,49809,159,0.32,0,159,0.32,-178,-0.36,61085,61.09,15
977,Exit long,2025-10-16 10:30,L-TP1,25018.5,1,50219,-182,-0.36,0,140.5,0.28,-182,-0.36,60903,60.90,12
977,Entry long,2025-10-16 09:30,ORB Long B (1c),25109.5,1,50219,-182,-0.36,0,140.5,0.28,-182,-0.36,60903,60.90,12
978,Exit long,2025-10-20 10:45,L-TP1,25335,1,50461,209,0.41,0,209,0.41,-57,-0.11,61112,61.11,23
978,Entry long,2025-10-20 08:50,ORB Long A (1c),25230.5,1,50461,209,0.41,0,209,0.41,-57,-0.11,61112,61.11,23
979,Exit long,2025-10-21 15:25,EOD Close,25257.75,1,50617,-101.5,-0.20,0,78,0.15,-159.5,-0.32,61010.5,61.01,56
979,Entry long,2025-10-21 10:45,ORB Long B+ (1c),25308.5,1,50617,-101.5,-0.20,0,78,0.15,-159.5,-0.32,61010.5,61.01,56
980,Exit long,2025-10-22 09:25,L-TP1,25178.75,1,50561.5,-204,-0.40,0,3.5,0.01,-204,-0.40,60806.5,60.81,7
980,Entry long,2025-10-22 08:50,ORB Long A+ (1c),25280.75,1,50561.5,-204,-0.40,0,3.5,0.01,-204,-0.40,60806.5,60.81,7
981,Exit short,2025-10-22 10:30,S-TP1,25015,1,50250.5,220.5,0.44,0,220.5,0.44,-133,-0.26,61027,61.03,13
981,Entry short,2025-10-22 09:25,ORB Short B (1c),25125.25,1,50250.5,220.5,0.44,0,220.5,0.44,-133,-0.26,61027,61.03,13
982,Exit long,2025-10-23 11:50,L-TP1,25235,1,50274.5,195.5,0.39,0,195.5,0.39,-107,-0.21,61222.5,61.22,37
982,Entry long,2025-10-23 08:45,ORB Long A+ (1c),25137.25,1,50274.5,195.5,0.39,0,195.5,0.39,-107,-0.21,61222.5,61.22,37
983,Exit long,2025-10-24 15:25,EOD Close,25518.25,1,51064.5,-28,-0.05,0,73.5,0.14,-199.5,-0.39,61194.5,61.19,76
983,Entry long,2025-10-24 09:05,ORB Long A (1c),25532.25,1,51064.5,-28,-0.05,0,73.5,0.14,-199.5,-0.39,61194.5,61.19,76
984,Exit long,2025-10-27 13:20,L-TP1,25935,2,103465,275,0.27,0,275,0.27,-177,-0.17,61469.5,61.47,52
984,Entry long,2025-10-27 09:00,ORB Long A (2c),25866.25,2,103465,275,0.27,0,275,0.27,-177,-0.17,61469.5,61.47,52
985,Exit long,2025-10-28 15:25,EOD Close,26164.5,1,52218,111,0.21,0,246,0.47,-36.5,-0.07,61580.5,61.58,47
985,Entry long,2025-10-28 11:30,ORB Long A (1c),26109,1,52218,111,0.21,0,246,0.47,-36.5,-0.07,61580.5,61.58,47
986,Exit short,2025-10-31 11:15,S-TP1,25976.25,1,52205.5,253,0.48,0,253,0.48,-160.5,-0.31,61833.5,61.83,28
986,Entry short,2025-10-31 08:55,ORB Short C (1c),26102.75,1,52205.5,253,0.48,0,253,0.48,-160.5,-0.31,61833.5,61.83,28
987,Exit long,2025-11-10 09:55,L-TP1,25538.5,1,51280,-203,-0.40,0,53,0.10,-203,-0.40,61630.5,61.63,11
987,Entry long,2025-11-10 09:00,ORB Long A+ (1c),25640,1,51280,-203,-0.40,0,53,0.10,-203,-0.40,61630.5,61.63,11
988,Exit short,2025-11-10 11:50,S-TP1,25625,1,51047,-203,-0.40,0,142.5,0.28,-203,-0.40,61427.5,61.43,23
988,Entry short,2025-11-10 09:55,ORB Short C (1c),25523.5,1,51047,-203,-0.40,0,142.5,0.28,-203,-0.40,61427.5,61.43,23
989,Exit long,2025-11-10 14:35,L-TP1,25732,1,51281,183,0.36,0,183,0.36,-24,-0.05,61610.5,61.61,31
989,Entry long,2025-11-10 12:00,ORB Long A (1c),25640.5,1,51281,183,0.36,0,183,0.36,-24,-0.05,61610.5,61.61,31
990,Exit long,2025-11-11 15:25,EOD Close,25666,1,51315,17,0.03,0,76.5,0.15,-100.5,-0.20,61627.5,61.63,38
990,Entry long,2025-11-11 12:15,ORB Long B (1c),25657.5,1,51315,17,0.03,0,76.5,0.15,-100.5,-0.20,61627.5,61.63,38
991,Exit short,2025-11-18 09:00,S-TP1,24514.5,1,49247,218,0.44,0,218,0.44,-41.5,-0.08,61845.5,61.85,3
991,Entry short,2025-11-18 08:45,ORB Short A+ (1c),24623.5,1,49247,218,0.44,0,218,0.44,-41.5,-0.08,61845.5,61.85,3
992,Exit short,2025-11-18 11:15,S-TP1,24577.25,2,98584,275,0.28,0,275,0.28,-207,-0.21,62120.5,62.12,9
992,Entry short,2025-11-18 10:30,ORB Short A (2c),24646,2,98584,275,0.28,0,275,0.28,-207,-0.21,62120.5,62.12,9
993,Exit short,2025-11-19 12:35,S-TP1,24694.75,1,49143.5,-246,-0.50,0,127.5,0.26,-246,-0.50,61874.5,61.87,13
993,Entry short,2025-11-19 11:30,ORB Short B+ (1c),24571.75,1,49143.5,-246,-0.50,0,127.5,0.26,-246,-0.50,61874.5,61.87,13
994,Exit short,2025-11-20 10:15,S-TP1,24965,1,50197.5,267.5,0.53,0,267.5,0.53,-27.5,-0.05,62142,62.14,3
994,Entry short,2025-11-20 10:00,ORB Short C (1c),25098.75,1,50197.5,267.5,0.53,0,267.5,0.53,-27.5,-0.05,62142,62.14,3
995,Exit short,2025-11-21 09:30,S-TP1,24013.75,1,48279,251.5,0.52,0,251.5,0.52,-169.5,-0.35,62393.5,62.39,6
995,Entry short,2025-11-21 09:00,ORB Short A (1c),24139.5,1,48279,251.5,0.52,0,251.5,0.52,-169.5,-0.35,62393.5,62.39,6
996,Exit short,2025-11-25 09:40,S-TP1,24832.5,1,49376,-289,-0.59,0,49,0.10,-289,-0.59,62104.5,62.10,8
996,Entry short,2025-11-25 09:00,ORB Short A+ (1c),24688,1,49376,-289,-0.59,0,49,0.10,-289,-0.59,62104.5,62.10,8
997,Exit long,2025-11-28 11:45,EOD Close (Early/Half-Day),25405.75,1,50869,-57.5,-0.11,0,11,0.02,-134,-0.26,62047,62.05,20
997,Entry long,2025-11-28 10:05,ORB Long C (1c),25434.5,1,50869,-57.5,-0.11,0,11,0.02,-134,-0.26,62047,62.05,20
998,Exit long,2025-12-01 11:40,L-TP1,25472,1,50692.5,251.5,0.50,0,251.5,0.50,-160,-0.32,62298.5,62.30,34
998,Entry long,2025-12-01 08:50,ORB Long A (1c),25346.25,1,50692.5,251.5,0.50,0,251.5,0.50,-160,-0.32,62298.5,62.30,34
999,Exit long,2025-12-02 10:20,L-TP1,25507.75,1,51270,-254.5,-0.50,0,70,0.14,-254.5,-0.50,62044,62.04,16
999,Entry long,2025-12-02 09:00,ORB Long A (1c),25635,1,51270,-254.5,-0.50,0,70,0.14,-254.5,-0.50,62044,62.04,16
1000,Exit long,2025-12-03 15:25,EOD Close,25641.5,1,51143.5,139.5,0.27,0,228,0.45,-147.5,-0.29,62183.5,62.18,77
1000,Entry long,2025-12-03 09:00,ORB Long A+ (1c),25571.75,1,51143.5,139.5,0.27,0,228,0.45,-147.5,-0.29,62183.5,62.18,77
1001,Exit long,2025-12-05 10:30,L-TP1,25675.5,1,51589.5,-238.5,-0.46,0,146,0.28,-238.5,-0.46,61945,61.94,20
1001,Entry long,2025-12-05 08:50,ORB Long A+ (1c),25794.75,1,51589.5,-238.5,-0.46,0,146,0.28,-238.5,-0.46,61945,61.94,20
1002,Exit long,2025-12-09 15:25,EOD Close,25680.5,1,51314,47,0.09,0,163,0.32,-43,-0.08,61992,61.99,72
1002,Entry long,2025-12-09 09:25,ORB Long B (1c),25657,1,51314,47,0.09,0,163,0.32,-43,-0.08,61992,61.99,72
1003,Exit long,2025-12-10 13:50,L-TP1,25785,1,51335.5,234.5,0.46,0,234.5,0.46,-177.5,-0.35,62226.5,62.23,24
1003,Entry long,2025-12-10 11:50,ORB Long B (1c),25667.75,1,51335.5,234.5,0.46,0,234.5,0.46,-177.5,-0.35,62226.5,62.23,24
1004,Exit long,2025-12-11 15:15,L-TP1,25785,1,51327,243,0.47,0,243,0.47,-67,-0.13,62469.5,62.47,32
1004,Entry long,2025-12-11 12:35,ORB Long A (1c),25663.5,1,51327,243,0.47,0,243,0.47,-67,-0.13,62469.5,62.47,32
1005,Exit long,2025-12-23 15:25,EOD Close,25816,1,51479,153,0.30,0,165.5,0.32,-23,-0.04,62622.5,62.62,65
1005,Entry long,2025-12-23 10:00,ORB Long B (1c),25739.5,1,51479,153,0.30,0,165.5,0.32,-23,-0.04,62622.5,62.62,65
1006,Exit long,2025-12-24 11:45,EOD Close (Early/Half-Day),25874.5,2,103311,187,0.18,0,242,0.23,-95,-0.09,62809.5,62.81,31
1006,Entry long,2025-12-24 09:10,ORB Long B (2c),25827.75,2,103311,187,0.18,0,242,0.23,-95,-0.09,62809.5,62.81,31
1007,Exit long,2025-12-30 15:25,EOD Close,25685.75,2,102945,-202,-0.20,0,231,0.22,-272,-0.26,62607.5,62.61,80
1007,Entry long,2025-12-30 08:45,ORB Long B (2c),25736.25,2,102945,-202,-0.20,0,231,0.22,-272,-0.26,62607.5,62.61,80
1008,Exit long,2026-01-02 09:10,L-TP1,25678,2,103020,-308,-0.30,0,194,0.19,-308,-0.30,62299.5,62.30,5
1008,Entry long,2026-01-02 08:45,ORB Long A+ (2c),25755,2,103020,-308,-0.30,0,194,0.19,-308,-0.30,62299.5,62.30,5
1009,Exit short,2026-01-02 09:20,S-TP1,25515,2,102416,356,0.35,0,356,0.35,-9,-0.01,62655.5,62.66,2
1009,Entry short,2026-01-02 09:10,ORB Short B (2c),25604,2,102416,356,0.35,0,356,0.35,-9,-0.01,62655.5,62.66,2
1010,Exit long,2026-01-05 11:30,L-TP1,25609.25,2,102749,-312,-0.30,0,83,0.08,-312,-0.30,62343.5,62.34,17
1010,Entry long,2026-01-05 10:05,ORB Long B+ (2c),25687.25,2,102749,-312,-0.30,0,83,0.08,-312,-0.30,62343.5,62.34,17
1011,Exit long,2026-01-06 11:35,L-TP1,25785,2,102840,300,0.29,0,300,0.29,-284,-0.28,62643.5,62.64,34
1011,Entry long,2026-01-06 08:45,ORB Long B+ (2c),25710,2,102840,300,0.29,0,300,0.29,-284,-0.28,62643.5,62.64,34
1012,Exit long,2026-01-07 10:40,L-TP1,25935,2,103464,276,0.27,0,276,0.27,-228,-0.22,62919.5,62.92,15
1012,Entry long,2026-01-07 09:25,ORB Long A (2c),25866,2,103464,276,0.27,0,276,0.27,-228,-0.22,62919.5,62.92,15
1013,Exit long,2026-01-09 09:30,L-TP1,25878.5,2,103199,315,0.31,0,315,0.31,-7,-0.01,63234.5,63.23,2
1013,Entry long,2026-01-09 09:20,ORB Long B (2c),25799.75,2,103199,315,0.31,0,315,0.31,-7,-0.01,63234.5,63.23,2
1014,Exit long,2026-01-09 10:05,L-TP1,25878.5,2,103247,267,0.26,0,267,0.26,-4,0.00,63501.5,63.50,2
1014,Entry long,2026-01-09 09:55,ORB Long B+ (2c),25811.75,2,103247,267,0.26,0,267,0.26,-4,0.00,63501.5,63.50,2
1015,Exit long,2026-01-12 11:00,L-TP1,25971,2,103574,310,0.30,0,310,0.30,-120,-0.12,63811.5,63.81,26
1015,Entry long,2026-01-12 08:50,ORB Long B+ (2c),25893.5,2,103574,310,0.30,0,310,0.30,-120,-0.12,63811.5,63.81,26
1016,Exit short,2026-01-13 09:15,S-TP1,25865,1,51860.5,130.5,0.25,0,130.5,0.25,-55,-0.11,63942,63.94,3
1016,Entry short,2026-01-13 09:00,ORB Short C (1c),25930.25,1,51860.5,130.5,0.25,0,130.5,0.25,-55,-0.11,63942,63.94,3
1017,Exit short,2026-01-20 13:20,S-TP1,25161.5,2,100908,262,0.26,0,262,0.26,-43,-0.04,64204,64.20,10
1017,Entry short,2026-01-20 12:30,ORB Short B+ (2c),25227,2,100908,262,0.26,0,262,0.26,-43,-0.04,64204,64.20,10
1018,Exit long,2026-01-21 08:55,L-TP1,25335,2,100944,396,0.39,0,396,0.39,-30,-0.03,64600,64.60,2
1018,Entry long,2026-01-21 08:45,ORB Long B (2c),25236,2,100944,396,0.39,0,396,0.39,-30,-0.03,64600,64.60,2
1019,Exit long,2026-01-26 10:30,L-TP1,25920,1,51676,164,0.32,0,164,0.32,-70,-0.14,64764,64.76,19
1019,Entry long,2026-01-26 08:55,ORB Long B (1c),25838,1,51676,164,0.32,0,164,0.32,-70,-0.14,64764,64.76,19
1020,Exit long,2026-01-27 15:25,EOD Close,26095.25,1,52075,115.5,0.22,0,154,0.30,-31,-0.06,64879.5,64.88,79
1020,Entry long,2026-01-27 08:50,ORB Long A+ (1c),26037.5,1,52075,115.5,0.22,0,154,0.30,-31,-0.06,64879.5,64.88,79
1021,Exit short,2026-02-04 10:05,S-TP1,25065,1,50399,269,0.53,0,269,0.53,-212.5,-0.42,65148.5,65.15,14
1021,Entry short,2026-02-04 08:55,ORB Short A (1c),25199.5,1,50399,269,0.53,0,269,0.53,-212.5,-0.42,65148.5,65.15,14
1022,Exit long,2026-02-06 09:00,L-TP1,24807.5,1,49863,-248,-0.50,0,105,0.21,-248,-0.50,64900.5,64.90,3
1022,Entry long,2026-02-06 08:45,ORB Long B (1c),24931.5,1,49863,-248,-0.50,0,105,0.21,-248,-0.50,64900.5,64.90,3
1023,Exit short,2026-02-11 09:10,S-TP1,25162,1,50610,286,0.57,0,286,0.57,-75.5,-0.15,65186.5,65.19,3
1023,Entry short,2026-02-11 08:55,ORB Short B+ (1c),25305,1,50610,286,0.57,0,286,0.57,-75.5,-0.15,65186.5,65.19,3
1024,Exit short,2026-02-16 11:45,EOD Close (Early/Half-Day),24759,1,49419.5,-98.5,-0.20,0,78.5,0.16,-111,-0.22,65088,65.09,28
1024,Entry short,2026-02-16 09:25,ORB Short C (1c),24709.75,1,49419.5,-98.5,-0.20,0,78.5,0.16,-111,-0.22,65088,65.09,28
1025,Exit short,2026-02-23 10:00,S-TP1,24717,1,49733,299,0.60,0,299,0.60,-126.5,-0.25,65387,65.39,12
1025,Entry short,2026-02-23 09:00,ORB Short A+ (1c),24866.5,1,49733,299,0.60,0,299,0.60,-126.5,-0.25,65387,65.39,12
1026,Exit short,2026-03-03 09:25,S-TP1,24384.5,1,49003.5,234.5,0.48,0,234.5,0.48,-130.5,-0.27,65621.5,65.62,8
1026,Entry short,2026-03-03 08:45,ORB Short A+ (1c),24501.75,1,49003.5,234.5,0.48,0,234.5,0.48,-130.5,-0.27,65621.5,65.62,8
1027,Exit long,2026-03-05 09:20,L-TP1,25028.25,1,50285.5,-229,-0.46,0,131,0.26,-229,-0.46,65392.5,65.39,6
1027,Entry long,2026-03-05 08:50,ORB Long B (1c),25142.75,1,50285.5,-229,-0.46,0,131,0.26,-229,-0.46,65392.5,65.39,6
1028,Exit long,2026-03-11 09:25,L-TP1,25000.75,1,50245,-243.5,-0.48,0,53.5,0.11,-243.5,-0.48,65149,65.15,5
1028,Entry long,2026-03-11 09:00,ORB Long C+ (1c),25122.5,1,50245,-243.5,-0.48,0,53.5,0.11,-243.5,-0.48,65149,65.15,5
1029,Exit short,2026-03-12 09:25,S-TP1,24626.75,1,49473,219.5,0.44,0,219.5,0.44,-61,-0.12,65368.5,65.37,8
1029,Entry short,2026-03-12 08:45,ORB Short A (1c),24736.5,1,49473,219.5,0.44,0,219.5,0.44,-61,-0.12,65368.5,65.37,8
1030,Exit short,2026-03-13 09:55,S-TP1,24482.75,1,49190.5,225,0.46,0,225,0.46,-5,-0.01,65593.5,65.59,3
1030,Entry short,2026-03-13 09:40,ORB Short B (1c),24595.25,1,49190.5,225,0.46,0,225,0.46,-5,-0.01,65593.5,65.59,3
1031,Exit short,2026-03-20 12:30,S-TP1,24215,1,48727,297,0.61,0,297,0.61,-15.5,-0.03,65890.5,65.89,44
1031,Entry short,2026-03-20 08:50,ORB Short A+ (1c),24363.5,1,48727,297,0.61,0,297,0.61,-15.5,-0.03,65890.5,65.89,44
1032,Exit short,2026-03-25 15:25,EOD Close,24352.25,1,48836.5,132,0.27,0,262,0.54,-202,-0.41,66022.5,66.02,80
1032,Entry short,2026-03-25 08:45,ORB Short A (1c),24418.25,1,48836.5,132,0.27,0,262,0.54,-202,-0.41,66022.5,66.02,80
1033,Exit short,2026-03-26 12:40,S-TP1,23919,1,48126.5,288.5,0.60,0,288.5,0.60,-128,-0.27,66311,66.31,26
1033,Entry short,2026-03-26 10:30,ORB Short B+ (1c),24063.25,1,48126.5,288.5,0.60,0,288.5,0.60,-128,-0.27,66311,66.31,26
1034,Exit short,2026-03-27 12:25,S-TP1,23400.25,1,47050.5,250,0.53,0,250,0.53,-171.5,-0.36,66561,66.56,43
1034,Entry short,2026-03-27 08:50,ORB Short A+ (1c),23525.25,1,47050.5,250,0.53,0,250,0.53,-171.5,-0.36,66561,66.56,43
1035,Exit short,2026-03-30 12:15,S-TP1,23215,1,46654,224,0.48,0,224,0.48,-40.5,-0.09,66785,66.79,15
1035,Entry short,2026-03-30 11:00,ORB Short B+ (1c),23327,1,46654,224,0.48,0,224,0.48,-40.5,-0.09,66785,66.79,15
1036,Exit long,2026-04-06 12:10,L-TP1,24247.5,1,48761.5,-266.5,-0.55,0,144.5,0.30,-266.5,-0.55,66518.5,66.52,40
1036,Entry long,2026-04-06 08:50,ORB Long A (1c),24380.75,1,48761.5,-266.5,-0.55,0,144.5,0.30,-266.5,-0.55,66518.5,66.52,40
1037,Exit long,2026-04-09 15:25,EOD Close,25240,1,50244.5,235.5,0.47,0,302,0.60,-65.5,-0.13,66754,66.75,59
1037,Entry long,2026-04-09 10:30,ORB Long A (1c),25122.25,1,50244.5,235.5,0.47,0,302,0.60,-65.5,-0.13,66754,66.75,59
1038,Exit long,2026-04-10 10:55,L-TP1,25267.75,1,50777,-241.5,-0.48,0,1,0.00,-241.5,-0.48,66512.5,66.51,7
1038,Entry long,2026-04-10 10:20,ORB Long B (1c),25388.5,1,50777,-241.5,-0.48,0,1,0.00,-241.5,-0.48,66512.5,66.51,7
1039,Exit long,2026-04-13 11:25,L-TP1,25381.5,1,50542,221,0.44,0,221,0.44,-84,-0.17,66733.5,66.73,32
1039,Entry long,2026-04-13 08:45,ORB Long B+ (1c),25271,1,50542,221,0.44,0,221,0.44,-84,-0.17,66733.5,66.73,32
1040,Exit long,2026-04-14 10:50,L-TP1,25885,1,51517,253,0.49,0,253,0.49,-32.5,-0.06,66986.5,66.99,21
1040,Entry long,2026-04-14 09:05,ORB Long A+ (1c),25758.5,1,51517,253,0.49,0,253,0.49,-32.5,-0.06,66986.5,66.99,21
1041,Exit long,2026-04-15 10:10,L-TP1,26185,1,52138,232,0.44,0,232,0.44,-43.5,-0.08,67218.5,67.22,15
1041,Entry long,2026-04-15 08:55,ORB Long A (1c),26069,1,52138,232,0.44,0,232,0.44,-43.5,-0.08,67218.5,67.22,15
1042,Exit long,2026-04-16 15:25,EOD Close,26458,1,52929,-13,-0.02,0,196.5,0.37,-219,-0.41,67205.5,67.21,64
1042,Entry long,2026-04-16 10:05,ORB Long B+ (1c),26464.5,1,52929,-13,-0.02,0,196.5,0.37,-219,-0.41,67205.5,67.21,64
1043,Exit long,2026-04-17 09:40,L-TP1,26837.5,1,53463,212,0.40,0,212,0.40,-65,-0.12,67417.5,67.42,9
1043,Entry long,2026-04-17 08:55,ORB Long A (1c),26731.5,1,53463,212,0.40,0,212,0.40,-65,-0.12,67417.5,67.42,9
1044,Exit long,2026-04-21 09:55,L-TP1,26736.75,1,53678,-204.5,-0.38,0,92,0.17,-204.5,-0.38,67213,67.21,12
1044,Entry long,2026-04-21 08:55,ORB Long A (1c),26839,1,53678,-204.5,-0.38,0,92,0.17,-204.5,-0.38,67213,67.21,12
1045,Exit short,2026-04-21 14:40,S-TP1,26584,1,53383.5,215.5,0.40,0,215.5,0.40,-193,-0.36,67428.5,67.43,56
1045,Entry short,2026-04-21 10:00,ORB Short C (1c),26691.75,1,53383.5,215.5,0.40,0,215.5,0.40,-193,-0.36,67428.5,67.43,56
1046,Exit long,2026-04-22 12:10,L-TP1,27035,1,53845,225,0.42,0,225,0.42,-1.5,0.00,67653.5,67.65,36
1046,Entry long,2026-04-22 09:10,ORB Long B (1c),26922.5,1,53845,225,0.42,0,225,0.42,-1.5,0.00,67653.5,67.65,36
1047,Exit long,2026-04-23 09:00,L-TP1,26981.25,1,54160,-197.5,-0.36,0,4,0.01,-197.5,-0.36,67456,67.46,3
1047,Entry long,2026-04-23 08:45,ORB Long A+ (1c),27080,1,54160,-197.5,-0.36,0,4,0.01,-197.5,-0.36,67456,67.46,3
1048,Exit long,2026-04-23 12:05,L-TP1,26975.75,1,54149,-197.5,-0.36,0,163,0.30,-197.5,-0.36,67258.5,67.26,27
1048,Entry long,2026-04-23 09:50,ORB Long A (1c),27074.5,1,54149,-197.5,-0.36,0,163,0.30,-197.5,-0.36,67258.5,67.26,27
1049,Exit short,2026-04-23 12:20,S-TP1,26865,1,53909,179,0.33,0,179,0.33,-26,-0.05,67437.5,67.44,3
1049,Entry short,2026-04-23 12:05,ORB Short B (1c),26954.5,1,53909,179,0.33,0,179,0.33,-26,-0.05,67437.5,67.44,3
1050,Exit short,2026-04-24 09:45,S-TP1,27277,1,54346,-208,-0.38,0,86,0.16,-208,-0.38,67229.5,67.23,11
1050,Entry short,2026-04-24 08:50,ORB Short C (1c),27173,1,54346,-208,-0.38,0,86,0.16,-208,-0.38,67229.5,67.23,11
1051,Exit long,2026-04-24 10:40,L-TP1,27385,1,54522.5,247.5,0.45,0,247.5,0.45,-29,-0.05,67477,67.48,11
1051,Entry long,2026-04-24 09:45,ORB Long B+ (1c),27261.25,1,54522.5,247.5,0.45,0,247.5,0.45,-29,-0.05,67477,67.48,11
1052,Exit long,2026-04-27 15:25,EOD Close,27424.75,1,54875.5,-26,-0.05,0,29,0.05,-96,-0.17,67451,67.45,35
1052,Entry long,2026-04-27 12:30,ORB Long A (1c),27437.75,1,54875.5,-26,-0.05,0,29,0.05,-96,-0.17,67451,67.45,35
1053,Exit long,2026-04-30 13:00,L-TP1,27585,1,54996.5,173.5,0.32,0,173.5,0.32,-16.5,-0.03,67624.5,67.62,5
1053,Entry long,2026-04-30 12:35,ORB Long B (1c),27498.25,1,54996.5,173.5,0.32,0,173.5,0.32,-16.5,-0.03,67624.5,67.62,5
1054,Exit long,2026-05-04 10:15,L-TP1,27802.75,1,55793,-187.5,-0.34,0,89,0.16,-187.5,-0.34,67437,67.44,16
1054,Entry long,2026-05-04 08:55,ORB Long B (1c),27896.5,1,55793,-187.5,-0.34,0,89,0.16,-187.5,-0.34,67437,67.44,16
1055,Exit long,2026-05-05 15:20,L-TP1,28189.75,1,56215.5,164,0.29,0,164,0.29,-72.5,-0.13,67601,67.60,72
1055,Entry long,2026-05-05 09:20,ORB Long B+ (1c),28107.75,1,56215.5,164,0.29,0,164,0.29,-72.5,-0.13,67601,67.60,72
1056,Exit long,2026-05-06 09:05,L-TP1,28402,1,56990.5,-186.5,-0.33,0,21.5,0.04,-186.5,-0.33,67414.5,67.41,3
1056,Entry long,2026-05-06 08:50,ORB Long A+ (1c),28495.25,1,56990.5,-186.5,-0.33,0,21.5,0.04,-186.5,-0.33,67414.5,67.41,3
1057,Exit long,2026-05-06 10:30,L-TP1,28585,1,56970.5,199.5,0.35,0,199.5,0.35,-20,-0.04,67614,67.61,12
1057,Entry long,2026-05-06 09:30,ORB Long A (1c),28485.25,1,56970.5,199.5,0.35,0,199.5,0.35,-20,-0.04,67614,67.61,12
1058,Exit long,2026-05-07 09:20,L-TP1,28885,2,115148,392,0.34,0,392,0.34,-67,-0.06,68006,68.01,6
1058,Entry long,2026-05-07 08:50,ORB Long B (2c),28787,2,115148,392,0.34,0,392,0.34,-67,-0.06,68006,68.01,6
1059,Exit long,2026-05-11 15:10,L-TP1,29332.75,1,58880.5,-215,-0.37,0,80.5,0.14,-215,-0.37,67791,67.79,53
1059,Entry long,2026-05-11 10:45,ORB Long B+ (1c),29440.25,1,58880.5,-215,-0.37,0,80.5,0.14,-215,-0.37,67791,67.79,53
1060,Exit short,2026-05-13 09:20,S-TP1,29245.25,1,58271.5,-219,-0.38,0,80.5,0.14,-219,-0.38,67572,67.57,7
1060,Entry short,2026-05-13 08:45,ORB Short B (1c),29135.75,1,58271.5,-219,-0.38,0,80.5,0.14,-219,-0.38,67572,67.57,7
1061,Exit long,2026-05-13 11:20,L-TP1,29414,1,58620.5,207.5,0.35,0,207.5,0.35,-57.5,-0.10,67779.5,67.78,18
1061,Entry long,2026-05-13 09:50,ORB Long A (1c),29310.25,1,58620.5,207.5,0.35,0,207.5,0.35,-57.5,-0.10,67779.5,67.78,18
1062,Exit long,2026-05-14 08:55,L-TP1,29555.75,1,59332,-220.5,-0.37,0,37.5,0.06,-220.5,-0.37,67559,67.56,2
1062,Entry long,2026-05-14 08:45,ORB Long A (1c),29666,1,59332,-220.5,-0.37,0,37.5,0.06,-220.5,-0.37,67559,67.56,2
1063,Exit long,2026-05-14 10:15,L-TP1,29735.75,1,59271,200.5,0.34,0,200.5,0.34,-80.5,-0.14,67759.5,67.76,12
1063,Entry long,2026-05-14 09:15,ORB Long B (1c),29635.5,1,59271,200.5,0.34,0,200.5,0.34,-80.5,-0.14,67759.5,67.76,12
1064,Exit long,2026-05-14 12:45,L-TP1,29713.25,2,118593,260,0.22,0,260,0.22,-46,-0.04,68019.5,68.02,4
1064,Entry long,2026-05-14 12:25,ORB Long A (2c),29648.25,2,118593,260,0.22,0,260,0.22,-46,-0.04,68019.5,68.02,4
1065,Exit long,2026-05-19 13:55,L-TP1,28954,1,58138.5,-230.5,-0.40,0,114,0.20,-230.5,-0.40,67789,67.79,22
1065,Entry long,2026-05-19 12:05,ORB Long B (1c),29069.25,1,58138.5,-230.5,-0.40,0,114,0.20,-230.5,-0.40,67789,67.79,22
1066,Exit long,2026-05-20 10:00,L-TP1,29280.75,1,58335,226.5,0.39,0,226.5,0.39,-101.5,-0.17,68015.5,68.02,9
1066,Entry long,2026-05-20 09:15,ORB Long A (1c),29167.5,1,58335,226.5,0.39,0,226.5,0.39,-101.5,-0.17,68015.5,68.02,9
1067,Exit long,2026-05-21 09:20,L-TP1,29174,1,58589.5,-241.5,-0.41,0,88,0.15,-241.5,-0.41,67774,67.77,6
1067,Entry long,2026-05-21 08:50,ORB Long B+ (1c),29294.75,1,58589.5,-241.5,-0.41,0,88,0.15,-241.5,-0.41,67774,67.77,6
1068,Exit long,2026-05-21 12:15,L-TP1,29405.75,1,58590,221.5,0.38,0,221.5,0.38,-176,-0.30,67995.5,68.00,18
1068,Entry long,2026-05-21 10:45,ORB Long B (1c),29295,1,58590,221.5,0.38,0,221.5,0.38,-176,-0.30,67995.5,68.00,18
1069,Exit long,2026-05-22 13:35,L-TP1,29629.75,1,59473,-213.5,-0.36,0,22.5,0.04,-213.5,-0.36,67782,67.78,14
1069,Entry long,2026-05-22 12:25,ORB Long A (1c),29736.5,1,59473,-213.5,-0.36,0,22.5,0.04,-213.5,-0.36,67782,67.78,14
1070,Exit long,2026-05-26 09:30,L-TP1,30085,1,59947,223,0.37,0,223,0.37,-120,-0.20,68005,68.01,9
1070,Entry long,2026-05-26 08:45,ORB Long A+ (1c),29973.5,1,59947,223,0.37,0,223,0.37,-120,-0.20,68005,68.01,9
1071,Exit long,2026-05-26 13:15,L-TP1,30035,2,119849,291,0.24,0,291,0.24,-145,-0.12,68296,68.30,27
1071,Entry long,2026-05-26 11:00,ORB Long A (2c),29962.25,2,119849,291,0.24,0,291,0.24,-145,-0.12,68296,68.30,27
1072,Exit short,2026-05-28 09:10,S-TP1,30051,1,59863.5,-238.5,-0.40,0,23,0.04,-238.5,-0.40,68057.5,68.06,5
1072,Entry short,2026-05-28 08:45,ORB Short C (1c),29931.75,1,59863.5,-238.5,-0.40,0,23,0.04,-238.5,-0.40,68057.5,68.06,5
1073,Exit long,2026-05-28 10:35,L-TP1,30285,1,60322.5,247.5,0.41,0,247.5,0.41,-196,-0.32,68305,68.31,17
1073,Entry long,2026-05-28 09:10,ORB Long A (1c),30161.25,1,60322.5,247.5,0.41,0,247.5,0.41,-196,-0.32,68305,68.31,17
1074,Exit long,2026-05-29 09:25,L-TP1,30364.25,1,60973,-244.5,-0.40,0,98.5,0.16,-244.5,-0.40,68060.5,68.06,8
1074,Entry long,2026-05-29 08:45,ORB Long A (1c),30486.5,1,60973,-244.5,-0.40,0,98.5,0.16,-244.5,-0.40,68060.5,68.06,8
1075,Exit long,2026-06-01 11:50,L-TP1,30566.5,1,60925.5,207.5,0.34,0,207.5,0.34,-25.5,-0.04,68268,68.27,19
1075,Entry long,2026-06-01 10:15,ORB Long A (1c),30462.75,1,60925.5,207.5,0.34,0,207.5,0.34,-25.5,-0.04,68268,68.27,19
1076,Exit long,2026-06-02 15:00,L-TP1,30735,1,61208,262,0.43,0,262,0.43,-154.5,-0.25,68530,68.53,73
1076,Entry long,2026-06-02 08:55,ORB Long A+ (1c),30604,1,61208,262,0.43,0,262,0.43,-154.5,-0.25,68530,68.53,73
1077,Exit long,2026-06-04 11:20,L-TP1,30469.75,1,60739.5,200,0.33,0,200,0.33,-15.5,-0.03,68730,68.73,16
1077,Entry long,2026-06-04 10:00,ORB Long A (1c),30369.75,1,60739.5,200,0.33,0,200,0.33,-15.5,-0.03,68730,68.73,16
1078,Exit short,2026-06-10 13:50,S-TP1,28595.5,1,57497.5,306.5,0.53,0,306.5,0.53,-296,-0.51,69036.5,69.04,44
1078,Entry short,2026-06-10 10:10,ORB Short B+ (1c),28748.75,1,57497.5,306.5,0.53,0,306.5,0.53,-296,-0.51,69036.5,69.04,44
1079,Exit short,2026-06-11 10:15,S-TP1,28804.75,1,57298.5,-311,-0.54,0,143.5,0.25,-311,-0.54,68725.5,68.73,4
1079,Entry short,2026-06-11 09:55,ORB Short B (1c),28649.25,1,57298.5,-311,-0.54,0,143.5,0.25,-311,-0.54,68725.5,68.73,4
1080,Exit long,2026-06-12 10:10,L-TP1,29685,1,59024.5,345.5,0.59,0,345.5,0.59,-319.5,-0.54,69071,69.07,9
1080,Entry long,2026-06-12 09:25,ORB Long C (1c),29512.25,1,59024.5,345.5,0.59,0,345.5,0.59,-319.5,-0.54,69071,69.07,9
1081,Exit long,2026-06-12 12:00,L-TP1,29685,1,59044,326,0.55,0,326,0.55,-86.5,-0.15,69397,69.40,11
1081,Entry long,2026-06-12 11:05,ORB Long C (1c),29522,1,59044,326,0.55,0,326,0.55,-86.5,-0.15,69397,69.40,11
1082,Exit long,2026-06-15 15:25,EOD Close,30849,1,61561,137,0.22,0,276,0.45,-220.5,-0.36,69534,69.53,80
1082,Entry long,2026-06-15 08:45,ORB Long B+ (1c),30780.5,1,61561,137,0.22,0,276,0.45,-220.5,-0.36,69534,69.53,80
1083,Exit long,2026-06-16 09:15,L-TP1,30749.75,1,61723,-223.5,-0.36,0,55,0.09,-223.5,-0.36,69310.5,69.31,6
1083,Entry long,2026-06-16 08:45,ORB Long B+ (1c),30861.5,1,61723,-223.5,-0.36,0,55,0.09,-223.5,-0.36,69310.5,69.31,6
1084,Exit long,2026-06-17 09:45,L-TP1,30365.75,1,61081.5,-350,-0.57,0,5,0.01,-350,-0.57,68960.5,68.96,5
1084,Entry long,2026-06-17 09:20,ORB Long B (1c),30540.75,1,61081.5,-350,-0.57,0,5,0.01,-350,-0.57,68960.5,68.96,5
1085,Exit long,2026-06-18 15:25,EOD Close,30730.25,1,61247.5,213,0.35,0,319,0.52,-321,-0.52,69173.5,69.17,73
1085,Entry long,2026-06-18 09:20,ORB Long B (1c),30623.75,1,61247.5,213,0.35,0,319,0.52,-321,-0.52,69173.5,69.17,73
1086,Exit long,2026-06-22 09:25,L-TP1,30762.5,1,61875,-350,-0.57,0,60.5,0.10,-350,-0.57,68823.5,68.82,6
1086,Entry long,2026-06-22 08:55,ORB Long B (1c),30937.5,1,61875,-350,-0.57,0,60.5,0.10,-350,-0.57,68823.5,68.82,6
1087,Exit short,2026-06-29 09:10,S-TP1,29377.75,1,59085.5,330,0.56,0,330,0.56,-23.5,-0.04,69153.5,69.15,2
1087,Entry short,2026-06-29 09:00,ORB Short A+ (1c),29542.75,1,59085.5,330,0.56,0,330,0.56,-23.5,-0.04,69153.5,69.15,2
1088,Exit long,2026-06-30 10:50,L-TP1,30458.5,1,60587,330,0.54,0,330,0.54,-38.5,-0.06,69483.5,69.48,24
1088,Entry long,2026-06-30 08:50,ORB Long A (1c),30293.5,1,60587,330,0.54,0,330,0.54,-38.5,-0.06,69483.5,69.48,24
1089,Exit long,2026-07-02 09:25,L-TP1,30059,1,60468,-350,-0.58,0,118,0.20,-350,-0.58,69133.5,69.13,7
1089,Entry long,2026-07-02 08:50,ORB Long A (1c),30234,1,60468,-350,-0.58,0,118,0.20,-350,-0.58,69133.5,69.13,7
1090,Exit short,2026-07-07 09:25,S-TP1,29289,1,58910.5,332.5,0.56,0,332.5,0.56,-100,-0.17,69466,69.47,7
1090,Entry short,2026-07-07 08:50,ORB Short A (1c),29455.25,1,58910.5,332.5,0.56,0,332.5,0.56,-100,-0.17,69466,69.47,7
1091,Exit short,2026-07-08 11:40,S-TP1,29348.75,1,58347.5,-350,-0.60,0,279.5,0.48,-350,-0.60,69116,69.12,23
1091,Entry short,2026-07-08 09:45,ORB Short B+ (1c),29173.75,1,58347.5,-350,-0.60,0,279.5,0.48,-350,-0.60,69116,69.12,23
1092,Exit long,2026-07-10 09:30,L-TP1,29770,1,59883,-343,-0.57,0,54,0.09,-343,-0.57,68773,68.77,9
1092,Entry long,2026-07-10 08:45,ORB Long B (1c),29941.5,1,59883,-343,-0.57,0,54,0.09,-343,-0.57,68773,68.77,9
1093,Exit long,2026-07-10 15:25,EOD Close,30055,1,59898,212,0.35,0,255.5,0.43,-230.5,-0.38,68985,68.99,61
1093,Entry long,2026-07-10 10:20,ORB Long B (1c),29949,1,59898,212,0.35,0,255.5,0.43,-230.5,-0.38,68985,68.99,61
1094,Exit short,2026-07-13 09:30,S-TP1,29710.25,1,59081,-339.5,-0.57,0,94.5,0.16,-339.5,-0.57,68645.5,68.65,8
1094,Entry short,2026-07-13 08:50,ORB Short A+ (1c),29540.5,1,59081,-339.5,-0.57,0,94.5,0.16,-339.5,-0.57,68645.5,68.65,8
1095,Exit short,2026-07-13 15:25,EOD Close,29437,1,59024,150,0.25,0,251,0.43,-138,-0.23,68795.5,68.80,47
1095,Entry short,2026-07-13 11:30,ORB Short A (1c),29512,1,59024,150,0.25,0,251,0.43,-138,-0.23,68795.5,68.80,47
1096,Exit short,2026-07-16 09:05,S-TP1,29431,1,58545.5,-316.5,-0.54,0,30,0.05,-316.5,-0.54,68479,68.48,4
1096,Entry short,2026-07-16 08:45,ORB Short A (1c),29272.75,1,58545.5,-316.5,-0.54,0,30,0.05,-316.5,-0.54,68479,68.48,4
1097,Exit short,2026-07-16 14:45,S-TP1,29115,1,58586.5,356.5,0.61,0,356.5,0.61,-118.5,-0.20,68835.5,68.84,43
1097,Entry short,2026-07-16 11:10,ORB Short B+ (1c),29293.25,1,58586.5,356.5,0.61,0,356.5,0.61,-118.5,-0.20,68835.5,68.84,43
1098,Exit short,2026-07-23 10:10,S-TP1,28507.25,1,57289.5,275,0.48,0,275,0.48,-52.5,-0.09,69110.5,69.11,6
1098,Entry short,2026-07-23 09:40,ORB Short B (1c),28644.75,1,57289.5,275,0.48,0,275,0.48,-52.5,-0.09,69110.5,69.11,6
1099,Exit short,2026-07-23 14:00,S-TP1,28515,1,57274,244,0.43,0,244,0.43,-81,-0.14,69354.5,69.35,27
1099,Entry short,2026-07-23 11:45,ORB Short B+ (1c),28637,1,57274,244,0.43,0,244,0.43,-81,-0.14,69354.5,69.35,27
1100,Exit short,2026-07-24 13:30,S-TP1,28292.25,1,56871.5,287,0.50,0,287,0.50,-217,-0.38,69641.5,69.64,17
1100,Entry short,2026-07-24 12:05,ORB Short A (1c),28435.75,1,56871.5,287,0.50,0,287,0.50,-217,-0.38,69641.5,69.64,17
1101,Exit short,2026-07-28 09:45,S-TP1,27842.25,1,55393.5,-291,-0.53,0,187,0.34,-291,-0.53,69350.5,69.35,11
1101,Entry short,2026-07-28 08:50,ORB Short A (1c),27696.75,1,55393.5,-291,-0.53,0,187,0.34,-291,-0.53,69350.5,69.35,11
1102,Exit long,2026-08-04 10:15,L-TP1,29635,1,58919,351,0.60,0,351,0.60,-69,-0.12,69701.5,69.70,18
1102,Entry long,2026-08-04 08:45,ORB Long A (1c),29459.5,1,58919,351,0.60,0,351,0.60,-69,-0.12,69701.5,69.70,18
1103,Exit long,2026-08-07 15:25,EOD Close,29804.5,1,59653.5,-44.5,-0.07,0,67.5,0.11,-315.5,-0.53,69657,69.66,60
1103,Entry long,2026-08-07 10:25,ORB Long B (1c),29826.75,1,59653.5,-44.5,-0.07,0,67.5,0.11,-315.5,-0.53,69657,69.66,60
1104,Exit long,2026-08-10 15:25,EOD Close,29751.25,1,59749,-246.5,-0.41,0,51,0.09,-303.5,-0.51,69410.5,69.41,76
1104,Entry long,2026-08-10 09:05,ORB Long B (1c),29874.5,1,59749,-246.5,-0.41,0,51,0.09,-303.5,-0.51,69410.5,69.41,76
1105,Exit short,2026-08-11 15:25,EOD Close,29674.5,1,59321.5,-27.5,-0.05,0,254.5,0.43,-288.5,-0.49,69383,69.38,80
1105,Entry short,2026-08-11 08:45,ORB Short B (1c),29660.75,1,59321.5,-27.5,-0.05,0,254.5,0.43,-288.5,-0.49,69383,69.38,80
1106,Exit short,2026-08-12 15:25,EOD Close,29819.5,1,59698.5,59.5,0.10,0,70.5,0.12,-159,-0.27,69442.5,69.44,61
1106,Entry short,2026-08-12 10:20,ORB Short C (1c),29849.25,1,59698.5,59.5,0.10,0,70.5,0.12,-159,-0.27,69442.5,69.44,61
1107,Exit long,2026-08-17 12:05,L-TP1,30155.5,1,60539,-228,-0.38,0,34.5,0.06,-228,-0.38,69214.5,69.21,25
1107,Entry long,2026-08-17 10:00,ORB Long B (1c),30269.5,1,60539,-228,-0.38,0,34.5,0.06,-228,-0.38,69214.5,69.21,25
1108,Exit short,2026-08-24 09:30,S-TP1,29080.5,1,57951.5,-209.5,-0.36,0,44.5,0.08,-209.5,-0.36,69005,69.01,6
1108,Entry short,2026-08-24 09:00,ORB Short A (1c),28975.75,1,57951.5,-209.5,-0.36,0,44.5,0.08,-209.5,-0.36,69005,69.01,6
1109,Exit long,2026-08-27 14:50,L-TP1,29685,1,59185.5,184.5,0.31,0,184.5,0.31,-164,-0.28,69189.5,69.19,66
1109,Entry long,2026-08-27 09:20,ORB Long B (1c),29592.75,1,59185.5,184.5,0.31,0,184.5,0.31,-164,-0.28,69189.5,69.19,66
1110,Exit long,2026-08-28 10:45,L-TP1,29643.25,1,59468.5,-182,-0.31,0,155,0.26,-182,-0.31,69007.5,69.01,13
1110,Entry long,2026-08-28 09:40,ORB Long B (1c),29734.25,1,59468.5,-182,-0.31,0,155,0.26,-182,-0.31,69007.5,69.01,13
1111,Exit short,2026-09-02 09:10,S-TP1,29124,1,58059,-189,-0.33,0,24.5,0.04,-189,-0.33,68818.5,68.82,4
1111,Entry short,2026-09-02 08:50,ORB Short B+ (1c),29029.5,1,58059,-189,-0.33,0,24.5,0.04,-189,-0.33,68818.5,68.82,4
1112,Exit long,2026-09-04 09:25,L-TP1,29564.5,1,59319.5,-190.5,-0.32,0,64.5,0.11,-190.5,-0.32,68628,68.63,7
1112,Entry long,2026-09-04 08:50,ORB Long C+ (1c),29659.75,1,59319.5,-190.5,-0.32,0,64.5,0.11,-190.5,-0.32,68628,68.63,7
1113,Exit long,2026-09-17 15:25,EOD Close,29715.25,1,59481.5,-51,-0.09,0,105,0.18,-74,-0.12,68577,68.58,56
1113,Entry long,2026-09-17 10:45,ORB Long C (1c),29740.75,1,59481.5,-51,-0.09,0,105,0.18,-74,-0.12,68577,68.58,56
1114,Exit long,2026-09-21 09:20,L-TP1,30485,1,60717.5,252.5,0.42,0,252.5,0.42,-14,-0.02,68829.5,68.83,7
1114,Entry long,2026-09-21 08:45,ORB Long A (1c),30358.75,1,60717.5,252.5,0.42,0,252.5,0.42,-14,-0.02,68829.5,68.83,7
1115,Exit long,2026-09-22 14:30,L-TP1,31037.75,1,61883,192.5,0.31,0,192.5,0.31,-116,-0.19,69022,69.02,68
1115,Entry long,2026-09-22 08:50,ORB Long A (1c),30941.5,1,61883,192.5,0.31,0,192.5,0.31,-116,-0.19,69022,69.02,68
1116,Exit short,2026-09-23 09:10,S-TP1,30765,1,61759,229,0.37,0,229,0.37,-18,-0.03,69251,69.25,5
1116,Entry short,2026-09-23 08:45,ORB Short B (1c),30879.5,1,61759,229,0.37,0,229,0.37,-18,-0.03,69251,69.25,5
1117,Exit long,2026-09-24 10:05,L-TP1,30524.5,1,61261,-212,-0.35,0,27.5,0.04,-212,-0.35,69039,69.04,8
1117,Entry long,2026-09-24 09:25,ORB Long A (1c),30630.5,1,61261,-212,-0.35,0,27.5,0.04,-212,-0.35,69039,69.04,8
1118,Exit long,2026-09-25 09:00,L-TP1,30805.5,1,61821.5,-210.5,-0.34,0,31,0.05,-210.5,-0.34,68828.5,68.83,2
1118,Entry long,2026-09-25 08:50,ORB Long A+ (1c),30910.75,1,61821.5,-210.5,-0.34,0,31,0.05,-210.5,-0.34,68828.5,68.83,2
1119,Exit short,2026-09-25 10:00,S-TP1,30846.5,1,61482.5,-210.5,-0.34,0,114.5,0.19,-210.5,-0.34,68618,68.62,10
1119,Entry short,2026-09-25 09:10,ORB Short B (1c),30741.25,1,61482.5,-210.5,-0.34,0,114.5,0.19,-210.5,-0.34,68618,68.62,10
1120,Exit short,2026-09-25 10:55,S-TP1,30857.25,1,61504,-210.5,-0.34,0,42,0.07,-210.5,-0.34,68407.5,68.41,3
1120,Entry short,2026-09-25 10:40,ORB Short C (1c),30752,1,61504,-210.5,-0.34,0,42,0.07,-210.5,-0.34,68407.5,68.41,3
1121,Exit long,2026-09-30 14:50,L-TP1,30730.25,1,61682,-221.5,-0.36,0,130,0.21,-221.5,-0.36,68186,68.19,71
1121,Entry long,2026-09-30 08:55,ORB Long A+ (1c),30841,1,61682,-221.5,-0.36,0,130,0.21,-221.5,-0.36,68186,68.19,71
1122,Exit long,2026-10-02 10:10,L-TP1,31072.5,1,62369.5,-224.5,-0.36,0,196,0.31,-224.5,-0.36,67961.5,67.96,15
1122,Entry long,2026-10-02 08:55,ORB Long A (1c),31184.75,1,62369.5,-224.5,-0.36,0,196,0.31,-224.5,-0.36,67961.5,67.96,15
1123,Exit long,2026-10-05 14:00,L-TP1,31335,1,62462,208,0.33,0,208,0.33,-78.5,-0.13,68169.5,68.17,56
1123,Entry long,2026-10-05 09:20,ORB Long B (1c),31231,1,62462,208,0.33,0,208,0.33,-78.5,-0.13,68169.5,68.17,56
1124,Exit long,2026-10-06 15:25,EOD Close,31493,1,63155.5,-169.5,-0.27,0,77.5,0.12,-220.5,-0.35,68000,68.00,76
1124,Entry long,2026-10-06 09:05,ORB Long A (1c),31577.75,1,63155.5,-169.5,-0.27,0,77.5,0.12,-220.5,-0.35,68000,68.00,76
1125,Exit long,2026-10-08 10:55,L-TP1,31174.25,1,62561.5,-213,-0.34,0,178.5,0.29,-213,-0.34,67787,67.79,20
1125,Entry long,2026-10-08 09:15,ORB Long C+ (1c),31280.75,1,62561.5,-213,-0.34,0,178.5,0.29,-213,-0.34,67787,67.79,20